fips,county,state,prem2018,prem2019,prem2020,prem2021,prem2022,prem2023_MODELED,prem2024_MODELED,prem2025_MODELED,prem_growth_pct_18_22,nonrenew2018,nonrenew2019,nonrenew2020,nonrenew2021,nonrenew2022,nonrenew2023,loss_ratio_avg,claim_freq_avg,decl_since2000,decl_2021plus,repricing_index_MODELED
01001,Autauga,AL,1692.0,1677.0,1729.0,1725.0,1739.0,1959.0,2163.0,2293.0,2.8,0.0137,0.0049,0.0029,0.0031,0.0056,0.0065,0.554,0.077,16,2,41.2
01003,Baldwin,AL,2775.0,2714.0,2837.0,2914.0,2585.0,2913.0,3216.0,3409.0,-6.8,0.0029,0.0039,0.0049,0.0064,0.0244,0.0093,0.473,0.059,23,1,31.1
01005,Barbour,AL,1848.0,1882.0,1869.0,1904.0,1850.0,2085.0,2302.0,2440.0,0.1,0.0121,0.0077,0.0057,0.0065,0.0043,0.0098,0.424,0.0641,18,2,38.0
01007,Bibb,AL,1770.0,1772.0,1780.0,1831.0,1793.0,2020.0,2230.0,2364.0,1.3,0.0119,0.0061,0.0024,0.0087,0.0063,0.0072,0.644,0.0575,14,2,43.2
01009,Blount,AL,1787.0,1793.0,1813.0,1835.0,1834.0,2067.0,2282.0,2419.0,2.6,0.0091,0.0074,0.0036,0.0041,0.0064,0.0076,0.583,0.0599,17,1,41.5
01011,Bullock,AL,2146.0,2185.0,2133.0,2136.0,2013.0,2268.0,2504.0,2654.0,-6.2,0.0054,0.0106,0.0043,0.01,0.0089,0.0149,0.374,0.0408,16,1,34.7
01013,Butler,AL,1758.0,1729.0,1748.0,1755.0,1746.0,1967.0,2172.0,2302.0,-0.7,0.0044,0.004,0.003,0.007,0.0059,0.0082,0.314,0.0473,19,1,24.6
01015,Calhoun,AL,1688.0,1692.0,1695.0,1724.0,1718.0,1937.0,2138.0,2266.0,1.8,0.0127,0.0134,0.0077,0.0067,0.0072,0.0081,0.649,0.0692,14,2,44.7
01017,Chambers,AL,1658.0,1679.0,1703.0,1706.0,1687.0,1901.0,2099.0,2225.0,1.7,0.0082,0.007,0.0041,0.0119,0.0113,0.0071,0.388,0.0584,14,3,37.3
01019,Cherokee,AL,1716.0,1708.0,1705.0,1730.0,1718.0,1936.0,2137.0,2265.0,0.1,0.0052,0.0054,0.003,0.0069,0.0061,0.0068,0.451,0.0427,17,1,28.3
01021,Chilton,AL,1691.0,1686.0,1716.0,1744.0,1754.0,1977.0,2183.0,2314.0,3.7,0.0082,0.0063,0.0025,0.0064,0.0066,0.007,0.78,0.0932,14,1,46.6
01023,Choctaw,AL,1842.0,1839.0,1867.0,1891.0,1873.0,2111.0,2330.0,2470.0,1.7,0.0112,0.0102,0.0067,0.0124,0.0096,0.0104,0.632,0.0494,16,1,47.8
01025,Clarke,AL,1975.0,1991.0,2015.0,2030.0,1995.0,2249.0,2483.0,2631.0,1.0,0.0068,0.0084,0.0036,0.0074,0.0166,0.0104,0.736,0.1385,18,1,47.8
01027,Clay,AL,1732.0,1722.0,1742.0,1768.0,1707.0,1924.0,2124.0,2252.0,-1.4,0.0061,0.0061,0.002,0.007,0.0061,0.0079,0.22,0.0428,14,2,26.2
01029,Cleburne,AL,1691.0,1696.0,1690.0,1696.0,1692.0,1906.0,2105.0,2231.0,0.1,0.0137,0.0069,0.0044,0.0063,0.0067,0.0126,0.454,0.0578,12,1,40.9
01031,Coffee,AL,1922.0,1935.0,1924.0,1935.0,1895.0,2136.0,2358.0,2500.0,-1.4,0.0133,0.0061,0.0045,0.0029,0.0091,0.0089,0.346,0.0591,17,1,26.7
01033,Colbert,AL,1722.0,1738.0,1792.0,1842.0,1849.0,2084.0,2300.0,2438.0,7.4,0.0074,0.0059,0.0033,0.0053,0.0059,0.0083,0.42,0.0622,14,2,50.4
01035,Conecuh,AL,1970.0,1970.0,2009.0,1970.0,1942.0,2188.0,2416.0,2561.0,-1.4,0.0066,0.0059,0.005,0.0072,0.0094,0.0067,0.378,0.0523,15,2,27.9
01037,Coosa,AL,1771.0,1758.0,1774.0,1772.0,1784.0,2010.0,2219.0,2353.0,0.7,0.0067,0.0048,0.0057,0.005,0.006,0.0078,0.473,0.0632,15,3,40.3
01039,Covington,AL,1938.0,1950.0,1967.0,1974.0,1967.0,2216.0,2447.0,2594.0,1.5,0.0079,0.0056,0.0033,0.0084,0.0055,0.0061,0.354,0.0456,19,1,25.1
01041,Crenshaw,AL,1780.0,1772.0,1741.0,1735.0,1723.0,1942.0,2144.0,2272.0,-3.2,0.0048,0.0063,0.0016,0.0067,0.0073,0.0115,0.277,0.0445,18,1,28.7
01043,Cullman,AL,1818.0,1827.0,1886.0,1938.0,1931.0,2177.0,2403.0,2547.0,6.2,0.0071,0.008,0.0039,0.0042,0.0058,0.0078,0.684,0.0754,16,1,53.4
01045,Dale,AL,1862.0,1885.0,1863.0,1888.0,1872.0,2110.0,2329.0,2469.0,0.5,0.0146,0.0098,0.0036,0.0073,0.0086,0.0094,0.331,0.0594,21,1,33.4
01047,Dallas,AL,1955.0,1921.0,1911.0,1929.0,1975.0,2226.0,2457.0,2605.0,1.0,0.0111,0.0108,0.0044,0.0131,0.0132,0.0158,0.655,0.1163,17,2,57.1
01049,DeKalb,AL,1720.0,1709.0,1719.0,1745.0,1764.0,1988.0,2195.0,2327.0,2.6,0.0059,0.0057,0.0026,0.0057,0.0069,0.0084,0.343,0.036,19,1,31.8
01051,Elmore,AL,1758.0,1765.0,1767.0,1782.0,1787.0,2014.0,2223.0,2356.0,1.6,0.013,0.0058,0.003,0.0053,0.0054,0.0064,0.436,0.0673,16,3,37.4
01053,Escambia,AL,2127.0,2140.0,2157.0,2149.0,2106.0,2374.0,2620.0,2778.0,-1.0,0.0093,0.0093,0.0037,0.0098,0.0132,0.0064,0.416,0.0862,15,1,25.7
01055,Etowah,AL,1725.0,1734.0,1756.0,1785.0,1783.0,2010.0,2219.0,2352.0,3.4,0.0168,0.0124,0.0053,0.0061,0.0073,0.0082,0.554,0.0624,16,1,45.8
01057,Fayette,AL,1863.0,1848.0,1883.0,1954.0,1933.0,2179.0,2405.0,2549.0,3.8,0.0046,0.0056,0.0025,0.0073,0.0077,0.0081,0.525,0.0481,13,1,44.9
01059,Franklin,AL,1728.0,1699.0,1729.0,1808.0,1812.0,2042.0,2255.0,2390.0,4.9,0.0069,0.0063,0.0048,0.0062,0.0104,0.0094,0.309,0.0431,12,1,41.1
01061,Geneva,AL,1869.0,1919.0,1908.0,1949.0,1913.0,2156.0,2380.0,2523.0,2.4,0.0118,0.0069,0.0029,0.0064,0.0096,0.0109,0.352,0.066,19,1,39.1
01063,Greene,AL,1970.0,1990.0,2008.0,2014.0,1949.0,2196.0,2425.0,2570.0,-1.1,0.0079,0.0136,0.0057,0.0077,0.0117,0.0076,0.804,0.0633,15,2,41.6
01065,Hale,AL,1814.0,1869.0,1885.0,1923.0,1885.0,2124.0,2345.0,2486.0,3.9,0.0107,0.0111,0.0058,0.0061,0.0077,0.0088,0.64,0.0686,15,3,55.1
01067,Henry,AL,1883.0,1904.0,1899.0,1907.0,1878.0,2116.0,2336.0,2476.0,-0.3,0.0097,0.011,0.0038,0.0043,0.0034,0.0069,0.558,0.1041,19,1,34.4
01069,Houston,AL,1969.0,2004.0,1994.0,2010.0,1975.0,2226.0,2457.0,2605.0,0.3,0.0108,0.0069,0.0039,0.0048,0.0051,0.0072,0.645,0.1069,18,1,37.7
01071,Jackson,AL,1765.0,1782.0,1824.0,1856.0,1863.0,2100.0,2318.0,2457.0,5.6,0.0057,0.0064,0.0039,0.0056,0.005,0.0056,0.298,0.0321,16,1,31.0
01073,Jefferson,AL,1919.0,1933.0,1965.0,1999.0,2015.0,2271.0,2508.0,2658.0,5.0,0.0114,0.0096,0.0054,0.0069,0.0073,0.0081,0.511,0.0691,24,3,52.1
01075,Lamar,AL,1671.0,1673.0,1719.0,1774.0,1791.0,2019.0,2229.0,2362.0,7.2,0.013,0.0028,0.0037,0.0027,0.011,0.0075,0.369,0.0483,18,1,42.9
01077,Lauderdale,AL,1754.0,1736.0,1790.0,1857.0,1882.0,2121.0,2342.0,2482.0,7.3,0.0073,0.0054,0.0035,0.0048,0.0041,0.0069,0.376,0.0533,11,2,43.4
01079,Lawrence,AL,1769.0,1786.0,1822.0,1858.0,1867.0,2104.0,2323.0,2463.0,5.5,0.0189,0.0078,0.0048,0.0037,0.0052,0.0059,0.36,0.0518,12,1,34.4
01081,Lee,AL,1618.0,1631.0,1646.0,1654.0,1655.0,1866.0,2060.0,2183.0,2.3,0.0099,0.0063,0.0028,0.004,0.0045,0.0066,0.407,0.0505,13,1,33.3
01083,Limestone,AL,1772.0,1771.0,1803.0,1862.0,1875.0,2113.0,2333.0,2473.0,5.8,0.0107,0.0054,0.0034,0.003,0.0036,0.0056,0.384,0.0542,12,1,34.4
01085,Lowndes,AL,2006.0,1991.0,2025.0,2011.0,1983.0,2235.0,2468.0,2616.0,-1.1,0.0096,0.0055,0.0075,0.0136,0.0104,0.0154,0.397,0.0701,12,1,40.8
01087,Macon,AL,1941.0,1961.0,1962.0,1927.0,1876.0,2114.0,2334.0,2474.0,-3.3,0.0095,0.0069,0.008,0.0092,0.0093,0.0131,0.311,0.062,16,2,33.6
01089,Madison,AL,1895.0,1899.0,1939.0,1990.0,2008.0,2264.0,2499.0,2649.0,6.0,0.0099,0.006,0.0035,0.0042,0.0043,0.0067,0.409,0.0641,11,1,37.1
01091,Marengo,AL,1846.0,1830.0,1861.0,1867.0,1818.0,2049.0,2263.0,2398.0,-1.5,0.008,0.0106,0.0057,0.0152,0.0096,0.0149,0.783,0.07,13,1,50.1
01093,Marion,AL,1777.0,1759.0,1799.0,1844.0,1855.0,2090.0,2307.0,2446.0,4.4,0.0057,0.0067,0.0059,0.0075,0.0087,0.012,0.467,0.0451,15,2,52.4
01095,Marshall,AL,1830.0,1834.0,1852.0,1894.0,1915.0,2158.0,2382.0,2525.0,4.6,0.0094,0.0097,0.0036,0.0049,0.0078,0.0142,0.567,0.0664,15,1,56.1
01097,Mobile,AL,2291.0,2298.0,2389.0,2435.0,2286.0,2576.0,2844.0,3015.0,-0.2,0.006,0.0067,0.0035,0.008,0.0113,0.0112,0.393,0.0557,25,2,39.8
01099,Monroe,AL,2081.0,2121.0,2133.0,2140.0,2122.0,2391.0,2640.0,2798.0,2.0,0.0074,0.0079,0.0062,0.0153,0.0163,0.017,0.429,0.0792,16,1,48.3
01101,Montgomery,AL,1927.0,1948.0,1946.0,1961.0,1952.0,2200.0,2429.0,2575.0,1.3,0.0148,0.0092,0.005,0.0096,0.0107,0.0131,0.384,0.0765,13,1,41.1
01103,Morgan,AL,1756.0,1751.0,1789.0,1851.0,1840.0,2074.0,2289.0,2427.0,4.8,0.0117,0.0069,0.0049,0.0049,0.0069,0.0068,0.419,0.0584,13,3,44.1
01105,Perry,AL,1913.0,1828.0,1851.0,1893.0,1884.0,2124.0,2345.0,2485.0,-1.5,0.0182,0.007,0.0066,0.0064,0.017,0.0227,0.847,0.1035,19,2,57.6
01107,Pickens,AL,1693.0,1665.0,1691.0,1715.0,1714.0,1932.0,2133.0,2261.0,1.2,0.0059,0.0053,0.0032,0.0072,0.0108,0.0088,0.482,0.0416,13,1,38.3
01109,Pike,AL,1720.0,1717.0,1719.0,1739.0,1701.0,1917.0,2117.0,2244.0,-1.1,0.0107,0.0084,0.0022,0.0075,0.01,0.0098,0.435,0.0634,15,1,35.2
01111,Randolph,AL,1836.0,1835.0,1843.0,1901.0,1902.0,2143.0,2366.0,2508.0,3.6,0.0049,0.0064,0.004,0.0035,0.0033,0.0066,0.357,0.0481,14,3,38.2
01113,Russell,AL,1829.0,1835.0,1855.0,1864.0,1881.0,2120.0,2341.0,2481.0,2.8,0.0193,0.008,0.0043,0.0083,0.0063,0.015,0.412,0.0718,14,1,47.2
01115,St. Clair,AL,1737.0,1718.0,1735.0,1760.0,1750.0,1972.0,2177.0,2308.0,0.7,0.0093,0.0057,0.0043,0.0047,0.0042,0.0057,0.484,0.0589,15,1,32.1
01117,Shelby,AL,1814.0,1843.0,1859.0,1886.0,1899.0,2140.0,2362.0,2504.0,4.7,0.0104,0.0064,0.0039,0.005,0.0042,0.0049,0.573,0.0738,14,3,45.9
01119,Sumter,AL,1646.0,1654.0,1703.0,1707.0,1667.0,1879.0,2074.0,2199.0,1.3,0.006,0.0078,0.0038,0.0101,0.0169,0.0152,0.311,0.0523,13,2,42.7
01121,Talladega,AL,1751.0,1775.0,1763.0,1798.0,1780.0,2006.0,2215.0,2348.0,1.7,0.0109,0.0084,0.0059,0.0084,0.0086,0.008,0.427,0.0633,14,1,32.9
01123,Tallapoosa,AL,1873.0,1889.0,1915.0,1938.0,1956.0,2204.0,2433.0,2579.0,4.4,0.0073,0.0077,0.0028,0.0045,0.0044,0.0067,0.494,0.0677,13,3,47.5
01125,Tuscaloosa,AL,1766.0,1759.0,1771.0,1808.0,1805.0,2035.0,2246.0,2381.0,2.2,0.0113,0.0063,0.0037,0.0049,0.005,0.0069,0.384,0.0499,18,1,32.3
01127,Walker,AL,1918.0,1934.0,1958.0,2018.0,2004.0,2258.0,2493.0,2643.0,4.5,0.0138,0.0129,0.005,0.0093,0.0059,0.0073,0.457,0.0388,14,1,38.7
01129,Washington,AL,2097.0,2084.0,2068.0,2120.0,2061.0,2323.0,2564.0,2718.0,-1.7,0.0076,0.0069,0.0043,0.0116,0.0111,0.0084,0.774,0.118,17,1,40.1
01131,Wilcox,AL,2046.0,2052.0,2048.0,2062.0,1964.0,2214.0,2444.0,2591.0,-4.0,0.0108,0.0117,0.0068,0.0144,0.0083,0.012,0.965,0.1082,15,1,45.8
01133,Winston,AL,1950.0,1963.0,2032.0,2108.0,2078.0,2342.0,2586.0,2741.0,6.6,0.0073,0.0052,0.0038,0.006,0.0064,0.0068,0.385,0.0388,13,1,38.3
02013,Aleutians East Borough,AK,,,,,,,,,,0.0167,0.016,0.0018,0.0072,0.006,0.0052,,,1,0,
02016,Aleutians West Census Area,AK,,,,,,,,,,0.0167,0.016,0.0018,0.0072,0.006,0.0085,,,4,2,
02020,Anchorage Municipality,AK,1366.0,1319.0,1318.0,1324.0,1284.0,1447.0,1597.0,1693.0,-6.0,0.0119,0.0129,0.0032,0.0038,0.0036,0.0037,0.457,0.0252,2,0,15.5
02050,Bethel Census Area,AK,1243.0,1193.0,1198.0,1205.0,1177.0,1326.0,1464.0,1552.0,-5.3,0.0167,0.016,0.0018,0.0072,0.006,0.0065,0.327,0.0196,15,4,26.8
02060,Bristol Bay Borough,AK,,,,,,,,,,0.0167,0.016,0.0018,0.0072,0.006,0.0052,,,1,0,
02063,Chugach Census Area,AK,,,,,,,,,,0.0056,0.0057,0.0036,0.0044,0.0036,0.004,,,,,
02066,Copper River Census Area,AK,,,,,,,,,,0.0056,0.0057,0.0036,0.0044,0.0036,0.0102,,,,,
02068,Denali Borough,AK,,,,,,,,,,0.0056,0.0057,0.0036,0.0044,0.0036,0.0038,,,7,3,
02070,Dillingham Census Area,AK,,,,,,,,,,0.0167,0.016,0.0018,0.0072,0.006,0.0112,,,3,0,
02090,Fairbanks North Star Borough,AK,1349.0,1332.0,1332.0,1357.0,1360.0,1533.0,1693.0,1794.0,0.8,0.0056,0.0057,0.0036,0.0044,0.0036,0.0059,0.544,0.0247,11,4,41.4
02100,Haines Borough,AK,1125.0,1071.0,1040.0,1049.0,1040.0,1172.0,1294.0,1371.0,-7.6,0.0107,0.011,0.002,0.0026,0.0036,0.0059,0.841,0.0167,1,1,30.8
02105,Hoonah-Angoon Census Area,AK,,,,,,,,,,0.0107,0.011,0.002,0.0026,0.0036,0.0059,,,,,
02110,Juneau City and Borough,AK,1075.0,1014.0,1000.0,1023.0,1007.0,1135.0,1253.0,1328.0,-6.3,0.0107,0.011,0.002,0.0026,0.0036,0.0022,0.469,0.0183,2,2,24.1
02122,Kenai Peninsula Borough,AK,1298.0,1251.0,1243.0,1268.0,1236.0,1394.0,1538.0,1631.0,-4.8,0.0098,0.0078,0.0041,0.0049,0.0061,0.0045,0.278,0.0144,13,2,17.1
02130,Ketchikan Gateway Borough,AK,1347.0,1280.0,1265.0,1283.0,1296.0,1460.0,1612.0,1709.0,-3.8,0.0107,0.0137,0.004,0.0026,0.0036,0.0033,0.321,0.0174,1,1,14.9
02150,Kodiak Island Borough,AK,1317.0,1258.0,1268.0,1294.0,1248.0,1406.0,1552.0,1645.0,-5.2,0.0017,0.0064,0.0016,0.0031,0.0036,0.0025,0.38,0.0166,3,0,10.5
02158,Kusilvak Census Area,AK,,,,,,,,,,0.0167,0.016,0.0018,0.0072,0.006,0.0065,,,1,1,
02164,Lake and Peninsula Borough,AK,,,,,,,,,,0.0167,0.016,0.0018,0.0072,0.006,0.0052,,,1,0,
02170,Matanuska-Susitna Borough,AK,1355.0,1339.0,1336.0,1361.0,1347.0,1519.0,1676.0,1777.0,-0.6,0.0056,0.0057,0.0036,0.0044,0.0036,0.0046,0.492,0.0233,12,2,29.9
02180,Nome Census Area,AK,,,,,,,,,,0.0108,0.0103,0.0042,0.0053,0.0036,0.0,,,8,4,
02185,North Slope Borough,AK,,,,,,,,,,0.0108,0.0103,0.0042,0.0053,0.0036,0.0056,,,5,0,
02188,Northwest Arctic Borough,AK,,,,,,,,,,0.0108,0.0103,0.0042,0.0053,0.0036,0.0056,,,4,2,
02195,Petersburg Borough,AK,,,,,,,,,,0.0107,0.0137,0.004,0.0026,0.0036,0.0048,,,1,1,
02198,Prince of Wales-Hyder Census Area,AK,,,,,,,,,,0.0107,0.0137,0.004,0.0026,0.0036,0.0028,,,1,1,
02220,Sitka City and Borough,AK,1217.0,1172.0,1163.0,1171.0,1151.0,1298.0,1433.0,1519.0,-5.4,0.0107,0.011,0.002,0.0026,0.0036,0.0007,0.165,0.0085,,,4.1
02230,Skagway Municipality,AK,,,,,,,,,,0.0107,0.011,0.002,0.0026,0.0036,0.0,,,1,1,
02240,Southeast Fairbanks Census Area,AK,1812.0,1773.0,1802.0,1863.0,1819.0,2050.0,2264.0,2400.0,0.4,0.0056,0.0057,0.0036,0.0044,0.0036,0.0105,0.577,0.0215,8,2,46.2
02275,Wrangell City and Borough,AK,,,,,,,,,,0.0107,0.0137,0.004,0.0026,0.0036,0.002,,,1,1,
02282,Yakutat City and Borough,AK,,,,,,,,,,0.0056,0.011,0.002,0.0044,0.0036,0.0,,,,,
02290,Yukon-Koyukuk Census Area,AK,1192.0,1183.0,1190.0,1190.0,1193.0,1344.0,1484.0,1573.0,0.1,0.0108,0.0103,0.0042,0.0053,0.0036,0.0056,0.561,0.0294,11,5,41.6
04001,Apache,AZ,1236.0,1240.0,1272.0,1312.0,1342.0,1512.0,1670.0,1770.0,8.6,0.0087,0.0088,0.0054,0.0083,0.0124,0.0113,0.411,0.0317,9,2,57.9
04003,Cochise,AZ,990.0,999.0,1010.0,1038.0,1085.0,1223.0,1351.0,1432.0,9.6,0.0131,0.0094,0.0061,0.0067,0.0078,0.0089,0.489,0.0429,7,0,51.7
04005,Coconino,AZ,1174.0,1183.0,1199.0,1243.0,1321.0,1488.0,1643.0,1742.0,12.5,0.01,0.0063,0.0055,0.0079,0.0268,0.0097,0.566,0.031,17,3,69.0
04007,Gila,AZ,985.0,997.0,1042.0,1100.0,1145.0,1290.0,1425.0,1510.0,16.2,0.0087,0.0068,0.0058,0.0096,0.0253,0.0133,0.477,0.0358,13,1,67.9
04009,Graham,AZ,1010.0,1026.0,1069.0,1106.0,1156.0,1302.0,1438.0,1524.0,14.5,0.0137,0.0118,0.0066,0.0088,0.01,0.0095,0.63,0.0525,3,0,59.1
04011,Greenlee,AZ,1095.0,1097.0,1121.0,1201.0,1288.0,1451.0,1602.0,1698.0,17.6,0.0102,0.0035,0.0102,0.0214,0.0067,0.0109,0.203,0.0294,5,0,49.0
04012,La Paz,AZ,828.0,794.0,846.0,880.0,891.0,1004.0,1109.0,1175.0,7.6,0.006,0.007,0.0028,0.0036,0.0044,0.0043,0.544,0.0352,4,0,41.3
04013,Maricopa,AZ,1210.0,1223.0,1245.0,1285.0,1352.0,1524.0,1682.0,1783.0,11.7,0.0117,0.0066,0.0057,0.0059,0.0066,0.0078,0.606,0.0581,15,3,63.3
04015,Mohave,AZ,952.0,949.0,960.0,993.0,1029.0,1160.0,1281.0,1357.0,8.1,0.0109,0.0063,0.0046,0.0048,0.0057,0.0069,0.443,0.0331,7,0,41.1
04017,Navajo,AZ,1114.0,1128.0,1159.0,1203.0,1275.0,1437.0,1587.0,1682.0,14.5,0.0092,0.0063,0.0054,0.0107,0.0484,0.0092,0.501,0.0352,11,1,58.5
04019,Pima,AZ,987.0,995.0,1005.0,1028.0,1084.0,1222.0,1349.0,1430.0,9.8,0.0126,0.0073,0.0066,0.0061,0.0062,0.0086,0.491,0.048,5,0,47.5
04021,Pinal,AZ,921.0,933.0,952.0,989.0,1033.0,1164.0,1285.0,1363.0,12.2,0.0106,0.0072,0.0066,0.0067,0.007,0.0071,0.529,0.0445,14,5,64.6
04023,Santa Cruz,AZ,1237.0,1273.0,1291.0,1301.0,1338.0,1508.0,1664.0,1764.0,8.2,0.0109,0.0083,0.0077,0.0088,0.0083,0.0105,0.575,0.0572,3,0,56.4
04025,Yavapai,AZ,1079.0,1075.0,1119.0,1171.0,1222.0,1377.0,1521.0,1612.0,13.3,0.0132,0.0067,0.0053,0.0071,0.0084,0.0092,0.661,0.0593,18,2,68.2
04027,Yuma,AZ,750.0,748.0,762.0,786.0,819.0,923.0,1019.0,1080.0,9.2,0.0097,0.0058,0.0048,0.0051,0.0059,0.0059,0.387,0.0268,1,0,35.5
05001,Arkansas,AR,1644.0,1623.0,1661.0,1670.0,1696.0,1911.0,2110.0,2237.0,3.2,0.0193,0.0148,0.0063,0.0154,0.0179,0.0158,0.551,0.0979,15,3,62.2
05003,Ashley,AR,1548.0,1549.0,1566.0,1564.0,1587.0,1788.0,1974.0,2092.0,2.5,0.0046,0.0086,0.0041,0.0076,0.011,0.0104,0.594,0.1108,8,2,50.4
05005,Baxter,AR,1649.0,1659.0,1659.0,1650.0,1660.0,1871.0,2066.0,2190.0,0.7,0.0069,0.0064,0.0042,0.0041,0.005,0.0045,0.435,0.0634,14,3,33.3
05007,Benton,AR,1787.0,1814.0,1842.0,1883.0,1923.0,2167.0,2393.0,2536.0,7.6,0.0082,0.0075,0.003,0.0041,0.0043,0.0045,0.748,0.1006,17,3,55.3
05009,Boone,AR,1729.0,1721.0,1709.0,1736.0,1765.0,1989.0,2196.0,2328.0,2.1,0.0113,0.0099,0.0024,0.0036,0.0066,0.0043,0.543,0.0627,15,3,40.3
05011,Bradley,AR,1623.0,1617.0,1634.0,1648.0,1661.0,1872.0,2067.0,2191.0,2.3,0.0068,0.0067,0.0054,0.0073,0.0173,0.0112,0.652,0.1056,17,3,56.0
05013,Calhoun,AR,1569.0,1621.0,1651.0,1638.0,1669.0,1881.0,2077.0,2202.0,6.4,0.0192,0.0327,0.0088,0.0218,0.0092,0.0129,0.73,0.1158,16,3,68.7
05015,Carroll,AR,1874.0,1882.0,1892.0,1888.0,1928.0,2173.0,2399.0,2543.0,2.9,0.0071,0.0031,0.0027,0.0055,0.006,0.0057,0.399,0.0569,15,3,37.0
05017,Chicot,AR,1959.0,1909.0,1942.0,1920.0,1911.0,2154.0,2378.0,2521.0,-2.5,0.0076,0.0096,0.0067,0.0176,0.0077,0.0093,1.017,0.1509,11,2,44.4
05019,Clark,AR,1589.0,1607.0,1631.0,1645.0,1660.0,1870.0,2065.0,2189.0,4.5,0.0064,0.0094,0.0046,0.0102,0.0114,0.0121,0.879,0.1144,17,3,64.8
05021,Clay,AR,1530.0,1504.0,1508.0,1507.0,1570.0,1770.0,1954.0,2071.0,2.6,0.0073,0.0036,0.0034,0.0053,0.0091,0.0107,0.502,0.0626,16,3,52.0
05023,Cleburne,AR,1856.0,1813.0,1812.0,1844.0,1845.0,2079.0,2295.0,2433.0,-0.6,0.0065,0.0071,0.0031,0.0047,0.0058,0.0057,0.425,0.0546,17,2,30.5
05025,Cleveland,AR,1427.0,1456.0,1471.0,1481.0,1510.0,1701.0,1878.0,1991.0,5.8,0.0061,0.006,0.0076,0.0091,0.0143,0.0036,0.554,0.0887,15,3,47.3
05027,Columbia,AR,1639.0,1612.0,1634.0,1632.0,1656.0,1866.0,2060.0,2184.0,1.0,0.0086,0.0052,0.0056,0.0097,0.0074,0.0084,0.485,0.0798,12,2,41.6
05029,Conway,AR,1528.0,1530.0,1546.0,1576.0,1648.0,1857.0,2050.0,2173.0,7.9,0.0142,0.0044,0.0048,0.0113,0.0082,0.0085,0.647,0.077,20,2,57.1
05031,Craighead,AR,1771.0,1728.0,1710.0,1715.0,1767.0,1991.0,2198.0,2330.0,-0.2,0.0084,0.0097,0.0052,0.007,0.0073,0.0086,0.844,0.0932,18,4,52.5
05033,Crawford,AR,1684.0,1729.0,1730.0,1766.0,1807.0,2036.0,2248.0,2383.0,7.3,0.0087,0.0105,0.0032,0.004,0.0055,0.004,0.834,0.1061,16,2,51.0
05035,Crittenden,AR,2004.0,1984.0,1981.0,1967.0,1994.0,2247.0,2481.0,2630.0,-0.5,0.0186,0.0169,0.0056,0.0115,0.0109,0.0169,0.57,0.1031,12,3,54.5
05037,Cross,AR,1712.0,1755.0,1762.0,1760.0,1759.0,1983.0,2189.0,2320.0,2.7,0.0067,0.0087,0.0084,0.006,0.0084,0.0095,0.614,0.0951,17,4,55.3
05039,Dallas,AR,1428.0,1479.0,1477.0,1556.0,1617.0,1822.0,2012.0,2133.0,13.2,0.0049,0.0072,0.0092,0.011,0.0105,0.0107,0.529,0.0981,17,4,72.1
05041,Desha,AR,1726.0,1649.0,1687.0,1606.0,1635.0,1843.0,2035.0,2157.0,-5.3,0.0106,0.0136,0.0097,0.0158,0.0155,0.0122,0.67,0.1286,14,4,50.7
05043,Drew,AR,1628.0,1595.0,1623.0,1626.0,1668.0,1880.0,2076.0,2200.0,2.5,0.007,0.006,0.005,0.0067,0.0104,0.0046,0.827,0.1183,14,3,45.3
05045,Faulkner,AR,1696.0,1707.0,1712.0,1725.0,1749.0,1971.0,2176.0,2307.0,3.1,0.0091,0.01,0.0049,0.0047,0.0049,0.0046,0.684,0.096,16,3,45.4
05047,Franklin,AR,1603.0,1631.0,1635.0,1649.0,1671.0,1883.0,2079.0,2204.0,4.2,0.0097,0.0112,0.0054,0.0026,0.0057,0.0078,0.853,0.1066,21,2,51.8
05049,Fulton,AR,1615.0,1566.0,1600.0,1596.0,1606.0,1810.0,1998.0,2118.0,-0.6,0.0068,0.0051,0.0068,0.0056,0.0086,0.0079,0.903,0.0823,19,4,50.6
05051,Garland,AR,1839.0,1869.0,1849.0,1861.0,1884.0,2124.0,2345.0,2485.0,2.4,0.0085,0.0089,0.0041,0.0063,0.0053,0.0065,0.521,0.0744,13,3,44.1
05053,Grant,AR,1670.0,1686.0,1713.0,1723.0,1743.0,1965.0,2169.0,2299.0,4.4,0.0076,0.008,0.0051,0.0073,0.0058,0.0056,0.434,0.0839,14,3,42.3
05055,Greene,AR,1659.0,1634.0,1660.0,1629.0,1664.0,1875.0,2070.0,2194.0,0.3,0.0095,0.0078,0.0021,0.0048,0.0066,0.0057,0.57,0.085,19,5,43.3
05057,Hempstead,AR,1572.0,1689.0,1681.0,1725.0,1769.0,1993.0,2201.0,2333.0,12.5,0.0073,0.007,0.0067,0.0126,0.0164,0.0135,0.658,0.1022,14,3,75.3
05059,Hot Spring,AR,1645.0,1635.0,1664.0,1660.0,1684.0,1898.0,2095.0,2221.0,2.4,0.0075,0.0038,0.0036,0.0069,0.0062,0.0101,0.591,0.0896,14,4,56.7
05061,Howard,AR,1560.0,1598.0,1627.0,1643.0,1684.0,1898.0,2095.0,2221.0,7.9,0.0054,0.0052,0.0038,0.0074,0.0098,0.011,0.559,0.0944,13,2,62.7
05063,Independence,AR,1574.0,1562.0,1559.0,1557.0,1588.0,1790.0,1976.0,2094.0,0.9,0.0083,0.0079,0.0036,0.0067,0.009,0.0098,0.461,0.0557,20,3,47.2
05065,Izard,AR,1608.0,1598.0,1656.0,1659.0,1643.0,1852.0,2045.0,2167.0,2.2,0.0057,0.0089,0.0067,0.0105,0.0104,0.0109,0.651,0.0764,19,4,58.6
05067,Jackson,AR,1490.0,1512.0,1496.0,1517.0,1556.0,1753.0,1936.0,2052.0,4.4,0.0099,0.0096,0.0068,0.0089,0.0156,0.0129,0.785,0.1078,23,5,69.8
05069,Jefferson,AR,1835.0,1829.0,1831.0,1848.0,1867.0,2104.0,2323.0,2463.0,1.7,0.0118,0.0136,0.0084,0.0148,0.0144,0.0124,1.081,0.194,16,3,59.3
05071,Johnson,AR,1587.0,1609.0,1616.0,1639.0,1681.0,1894.0,2091.0,2217.0,5.9,0.0116,0.0124,0.0049,0.0056,0.0075,0.009,0.689,0.0756,17,2,56.3
05073,Lafayette,AR,1414.0,1419.0,1444.0,1464.0,1477.0,1665.0,1838.0,1948.0,4.5,0.0087,0.0014,0.0056,0.0097,0.0189,0.0055,0.527,0.0727,14,3,46.3
05075,Lawrence,AR,1514.0,1524.0,1518.0,1516.0,1555.0,1752.0,1935.0,2051.0,2.7,0.0064,0.0114,0.0071,0.0079,0.0121,0.0125,1.294,0.1591,17,4,65.9
05077,Lee,AR,1727.0,1777.0,1780.0,1743.0,1812.0,2042.0,2255.0,2390.0,4.9,0.003,0.0117,0.0086,0.0111,0.0192,0.0248,0.614,0.1171,11,3,68.3
05079,Lincoln,AR,1570.0,1555.0,1572.0,1562.0,1581.0,1782.0,1967.0,2085.0,0.7,0.0042,0.0093,0.0039,0.0097,0.0073,0.0086,0.735,0.1259,18,3,49.2
05081,Little River,AR,1505.0,1519.0,1550.0,1562.0,1601.0,1805.0,1992.0,2112.0,6.4,0.0048,0.0085,0.003,0.0188,0.0131,0.0088,0.585,0.0872,15,3,58.5
05083,Logan,AR,1517.0,1544.0,1560.0,1553.0,1565.0,1764.0,1947.0,2064.0,3.2,0.0046,0.0067,0.0036,0.0089,0.0061,0.0053,0.763,0.0827,15,2,45.5
05085,Lonoke,AR,1753.0,1764.0,1763.0,1784.0,1815.0,2046.0,2259.0,2394.0,3.5,0.0112,0.008,0.0042,0.0049,0.007,0.0078,0.829,0.123,16,5,57.5
05087,Madison,AR,1684.0,1673.0,1717.0,1730.0,1738.0,1959.0,2162.0,2292.0,3.2,0.0061,0.0085,0.0067,0.0079,0.0059,0.0058,0.731,0.083,20,3,48.9
05089,Marion,AR,1614.0,1593.0,1643.0,1656.0,1666.0,1877.0,2073.0,2197.0,3.2,0.0099,0.0048,0.0062,0.0067,0.0087,0.0052,0.456,0.0589,20,4,41.8
05091,Miller,AR,1706.0,1720.0,1711.0,1705.0,1720.0,1938.0,2140.0,2268.0,0.8,0.0094,0.0078,0.0073,0.0108,0.011,0.0098,0.558,0.0778,14,3,50.3
05093,Mississippi,AR,1832.0,1776.0,1780.0,1796.0,1847.0,2082.0,2298.0,2436.0,0.8,0.017,0.0132,0.0073,0.0074,0.0112,0.0146,0.774,0.1069,15,4,62.9
05095,Monroe,AR,1666.0,1656.0,1676.0,1678.0,1701.0,1917.0,2116.0,2243.0,2.1,0.0102,0.005,0.0024,0.0139,0.0071,0.0096,0.897,0.1073,15,3,57.0
05097,Montgomery,AR,1680.0,1703.0,1659.0,1632.0,1666.0,1878.0,2073.0,2197.0,-0.8,0.0026,0.0049,0.0036,0.0023,0.0043,0.0095,0.349,0.0607,15,3,36.8
05099,Nevada,AR,1544.0,1579.0,1589.0,1607.0,1597.0,1800.0,1988.0,2107.0,3.4,0.0117,0.0067,0.008,0.0126,0.0143,0.0174,0.739,0.0936,19,5,69.8
05101,Newton,AR,1632.0,1559.0,1578.0,1604.0,1613.0,1818.0,2007.0,2127.0,-1.2,0.0069,0.0114,0.003,0.0084,0.0143,0.0113,0.516,0.0563,22,3,47.3
05103,Ouachita,AR,1597.0,1624.0,1613.0,1623.0,1628.0,1834.0,2025.0,2147.0,1.9,0.0115,0.0105,0.0026,0.0113,0.0086,0.0117,0.675,0.1068,18,4,58.6
05105,Perry,AR,1546.0,1567.0,1579.0,1601.0,1642.0,1850.0,2043.0,2165.0,6.2,0.0137,0.0196,0.0089,0.0058,0.0135,0.0089,0.617,0.0855,18,2,55.9
05107,Phillips,AR,1725.0,1710.0,1712.0,1703.0,1730.0,1950.0,2153.0,2282.0,0.3,0.0196,0.0107,0.0084,0.0143,0.0207,0.0145,0.812,0.1245,11,2,57.4
05109,Pike,AR,1668.0,1685.0,1690.0,1693.0,1714.0,1932.0,2132.0,2260.0,2.8,0.0033,0.0049,0.0139,0.0075,0.0057,0.0089,0.678,0.0788,14,3,52.7
05111,Poinsett,AR,1561.0,1556.0,1583.0,1601.0,1671.0,1883.0,2079.0,2204.0,7.0,0.0153,0.0123,0.0046,0.0081,0.0092,0.0121,1.078,0.1105,21,5,74.5
05113,Polk,AR,1545.0,1576.0,1602.0,1615.0,1609.0,1814.0,2003.0,2123.0,4.1,0.0063,0.01,0.0051,0.0055,0.0081,0.0071,0.563,0.073,15,2,47.1
05115,Pope,AR,1589.0,1601.0,1626.0,1628.0,1682.0,1896.0,2093.0,2218.0,5.9,0.01,0.0084,0.0049,0.005,0.0059,0.005,0.708,0.0868,12,2,47.5
05117,Prairie,AR,1454.0,1462.0,1513.0,1549.0,1522.0,1715.0,1893.0,2007.0,4.7,0.0149,0.0049,0.007,0.0112,0.002,0.0021,1.055,0.1346,18,3,49.8
05119,Pulaski,AR,2127.0,2105.0,2117.0,2130.0,2169.0,2444.0,2699.0,2861.0,2.0,0.0099,0.0082,0.0053,0.0079,0.0068,0.0084,0.464,0.0858,19,4,46.2
05121,Randolph,AR,1594.0,1595.0,1593.0,1579.0,1662.0,1873.0,2067.0,2191.0,4.3,0.0118,0.0118,0.0032,0.0083,0.0173,0.0149,0.646,0.0672,19,5,68.4
05123,St. Francis,AR,1773.0,1750.0,1741.0,1763.0,1806.0,2036.0,2247.0,2382.0,1.9,0.0102,0.0141,0.0044,0.0053,0.0113,0.013,0.757,0.1357,13,3,58.7
05125,Saline,AR,1786.0,1792.0,1793.0,1815.0,1844.0,2078.0,2294.0,2432.0,3.2,0.0094,0.0092,0.004,0.0057,0.0044,0.0044,0.588,0.0878,15,3,42.4
05127,Scott,AR,1415.0,1436.0,1480.0,1466.0,1481.0,1670.0,1843.0,1954.0,4.7,0.0171,0.0098,0.0,0.0057,0.0054,0.0114,0.742,0.0613,15,3,63.4
05129,Searcy,AR,1662.0,1712.0,1738.0,1721.0,1733.0,1953.0,2156.0,2286.0,4.3,0.0025,0.0088,0.0043,0.0051,0.006,0.0169,0.616,0.0579,20,4,67.0
05131,Sebastian,AR,1732.0,1745.0,1766.0,1785.0,1815.0,2045.0,2258.0,2394.0,4.8,0.0127,0.0123,0.0045,0.0052,0.0062,0.0054,0.769,0.1105,13,2,47.5
05133,Sevier,AR,1550.0,1529.0,1544.0,1557.0,1580.0,1780.0,1965.0,2083.0,1.9,0.0058,0.007,0.0117,0.0155,0.0159,0.0151,0.528,0.0806,11,3,56.3
05135,Sharp,AR,1568.0,1560.0,1579.0,1572.0,1582.0,1783.0,1969.0,2087.0,0.9,0.0145,0.0094,0.0045,0.0093,0.0133,0.0118,0.846,0.1023,18,5,61.0
05137,Stone,AR,1557.0,1559.0,1569.0,1588.0,1584.0,1786.0,1971.0,2090.0,1.7,0.0057,0.0179,0.0037,0.006,0.0071,0.0079,0.466,0.06,20,5,46.6
05139,Union,AR,1752.0,1731.0,1731.0,1739.0,1749.0,1971.0,2176.0,2307.0,-0.2,0.0109,0.0081,0.0082,0.0129,0.0094,0.0132,0.721,0.0937,10,2,51.9
05141,Van Buren,AR,1741.0,1707.0,1702.0,1684.0,1735.0,1956.0,2159.0,2289.0,-0.3,0.0064,0.0097,0.0075,0.0086,0.008,0.0104,0.507,0.0476,18,2,42.7
05143,Washington,AR,1827.0,1833.0,1861.0,1892.0,1951.0,2199.0,2428.0,2573.0,6.8,0.0084,0.0074,0.0034,0.0054,0.0046,0.0063,0.67,0.0938,14,2,53.5
05145,White,AR,1653.0,1675.0,1672.0,1673.0,1691.0,1906.0,2104.0,2231.0,2.3,0.009,0.0077,0.0043,0.0056,0.0043,0.0075,0.716,0.0812,20,3,48.5
05147,Woodruff,AR,1531.0,1477.0,1520.0,1548.0,1587.0,1788.0,1974.0,2093.0,3.7,0.0173,0.0044,0.004,0.0037,0.0171,0.0099,1.073,0.0962,19,4,62.4
05149,Yell,AR,1468.0,1466.0,1503.0,1511.0,1545.0,1741.0,1922.0,2038.0,5.2,0.0067,0.007,0.0057,0.0055,0.0087,0.0101,0.784,0.0705,14,2,60.9
06001,Alameda,CA,1525.0,1615.0,1728.0,1807.0,1807.0,2036.0,2248.0,2383.0,18.5,0.0059,0.0046,0.0048,0.0056,0.0085,0.0116,0.34,0.025,9,3,66.4
06003,Alpine,CA,1960.0,1963.0,2122.0,2439.0,2520.0,2840.0,3135.0,3323.0,28.6,0.027,0.0208,0.0113,0.0039,0.0169,0.0183,0.346,0.029,7,4,75.4
06005,Amador,CA,1578.0,1587.0,1746.0,1900.0,2120.0,2390.0,2638.0,2797.0,34.3,0.0231,0.0707,0.0113,0.0425,0.048,0.0542,0.296,0.0247,11,4,76.8
06007,Butte,CA,1292.0,1341.0,1444.0,1605.0,1696.0,1911.0,2110.0,2237.0,31.3,0.0169,0.0211,0.0325,0.0104,0.037,0.0324,-0.345,0.2253,26,6,76.2
06009,Calaveras,CA,1604.0,1635.0,1814.0,2011.0,2290.0,2581.0,2850.0,3021.0,42.8,0.0286,0.0851,0.0497,0.0313,0.0527,0.0677,0.564,0.0335,15,4,87.8
06011,Colusa,CA,1092.0,1156.0,1186.0,1262.0,1280.0,1442.0,1592.0,1688.0,17.2,0.0082,0.0073,0.0027,0.0061,0.0064,0.0112,0.327,0.0326,7,2,60.4
06013,Contra Costa,CA,1536.0,1630.0,1766.0,1888.0,1939.0,2185.0,2412.0,2557.0,26.2,0.0064,0.0048,0.0055,0.0109,0.0094,0.0111,0.418,0.0303,7,2,67.6
06015,Del Norte,CA,1159.0,1204.0,1301.0,1424.0,1592.0,1795.0,1981.0,2100.0,37.4,0.01,0.007,0.0035,0.0059,0.0189,0.0107,0.426,0.0256,8,3,73.0
06017,El Dorado,CA,1743.0,1785.0,1912.0,2070.0,2261.0,2548.0,2813.0,2982.0,29.7,0.0228,0.0426,0.0474,0.0271,0.0239,0.0501,0.656,0.0449,18,8,94.3
06019,Fresno,CA,1110.0,1157.0,1198.0,1261.0,1313.0,1480.0,1634.0,1732.0,18.3,0.0075,0.0057,0.0045,0.0075,0.0087,0.0154,0.604,0.0363,9,4,82.4
06021,Glenn,CA,920.0,1010.0,1029.0,1114.0,1115.0,1257.0,1388.0,1471.0,21.2,0.013,0.0056,0.0049,0.0048,0.0051,0.0083,0.563,0.0344,8,5,75.5
06023,Humboldt,CA,1163.0,1223.0,1325.0,1466.0,1590.0,1791.0,1978.0,2096.0,36.7,0.0061,0.0081,0.0039,0.0036,0.0174,0.019,0.381,0.02,9,4,77.7
06025,Imperial,CA,1069.0,1139.0,1159.0,1196.0,1224.0,1379.0,1523.0,1614.0,14.5,0.0063,0.0054,0.0048,0.0046,0.0053,0.0113,0.538,0.0307,6,3,71.2
06027,Inyo,CA,1117.0,1163.0,1223.0,1283.0,1324.0,1492.0,1647.0,1746.0,18.5,0.0067,0.0059,0.0038,0.0059,0.0104,0.031,0.22,0.0271,9,4,72.3
06029,Kern,CA,1022.0,1087.0,1129.0,1188.0,1243.0,1400.0,1546.0,1639.0,21.6,0.013,0.0116,0.0078,0.0107,0.0119,0.02,0.528,0.0322,25,5,86.4
06031,Kings,CA,878.0,928.0,954.0,1007.0,1014.0,1143.0,1262.0,1338.0,15.5,0.006,0.0048,0.0033,0.008,0.0061,0.0149,0.468,0.0305,7,3,74.9
06033,Lake,CA,1335.0,1427.0,1576.0,1721.0,2020.0,2277.0,2514.0,2664.0,51.3,0.0124,0.0179,0.0043,0.0102,0.0495,0.0756,1.494,0.0698,24,5,96.3
06035,Lassen,CA,1465.0,1575.0,1772.0,1977.0,2154.0,2428.0,2680.0,2841.0,47.0,0.0111,0.0103,0.0059,0.0065,0.0209,0.0414,0.774,0.0528,9,2,86.4
06037,Los Angeles,CA,1593.0,1701.0,1783.0,1879.0,1893.0,2134.0,2356.0,2497.0,18.8,0.0086,0.009,0.0078,0.0114,0.0132,0.0143,0.662,0.0401,65,12,88.6
06039,Madera,CA,1427.0,1502.0,1606.0,1766.0,1903.0,2145.0,2368.0,2510.0,33.4,0.0099,0.017,0.0094,0.0089,0.0189,0.0285,0.506,0.0354,14,4,86.7
06041,Marin,CA,2191.0,2363.0,2566.0,2757.0,2841.0,3201.0,3534.0,3746.0,29.7,0.0082,0.0088,0.0078,0.0147,0.0184,0.0112,0.389,0.0271,10,3,69.8
06043,Mariposa,CA,1699.0,1726.0,1792.0,2088.0,2407.0,2712.0,2994.0,3174.0,41.7,0.0268,0.0438,0.0401,0.0178,0.0539,0.0687,0.834,0.0369,17,6,95.5
06045,Mendocino,CA,1554.0,1678.0,1870.0,2059.0,2355.0,2654.0,2930.0,3106.0,51.5,0.0087,0.0134,0.0055,0.0077,0.0399,0.0412,0.516,0.025,16,4,87.1
06047,Merced,CA,908.0,955.0,985.0,1040.0,1066.0,1201.0,1326.0,1406.0,17.4,0.0058,0.0047,0.0036,0.0044,0.0044,0.0082,0.421,0.0284,9,4,64.7
06049,Modoc,CA,1060.0,1117.0,1176.0,1304.0,1354.0,1526.0,1685.0,1786.0,27.7,0.0047,0.0056,0.005,0.0117,0.0114,0.0218,0.365,0.027,6,1,69.3
06051,Mono,CA,1698.0,1828.0,1917.0,2158.0,2186.0,2463.0,2720.0,2883.0,28.7,0.0068,0.0077,0.0067,0.011,0.0347,0.0272,0.457,0.0278,7,3,80.8
06053,Monterey,CA,1510.0,1598.0,1730.0,1863.0,1877.0,2116.0,2336.0,2476.0,24.3,0.007,0.0076,0.0047,0.0097,0.0186,0.0125,0.399,0.0255,16,5,76.9
06055,Napa,CA,1807.0,1955.0,2150.0,2374.0,2393.0,2697.0,2978.0,3157.0,32.4,0.0051,0.0057,0.0031,0.0055,0.0246,0.0143,1.526,0.0549,24,4,90.1
06057,Nevada,CA,1981.0,1994.0,2124.0,2435.0,2594.0,2924.0,3228.0,3422.0,30.9,0.023,0.0974,0.0582,0.0235,0.0504,0.0651,0.375,0.0242,14,4,80.5
06059,Orange,CA,1532.0,1632.0,1716.0,1854.0,1904.0,2146.0,2369.0,2511.0,24.3,0.0097,0.0087,0.0085,0.0106,0.0102,0.0148,0.576,0.0455,22,3,81.9
06061,Placer,CA,1750.0,1812.0,1930.0,2083.0,2188.0,2465.0,2722.0,2885.0,25.0,0.0116,0.0169,0.0084,0.0147,0.0121,0.0219,0.432,0.0302,16,7,84.9
06063,Plumas,CA,1646.0,1752.0,2026.0,2303.0,2594.0,2923.0,3227.0,3421.0,57.6,0.0168,0.0328,0.0188,0.0088,0.0435,0.066,0.774,0.0654,11,4,91.6
06065,Riverside,CA,1390.0,1456.0,1527.0,1618.0,1684.0,1898.0,2095.0,2221.0,21.2,0.013,0.0117,0.0113,0.017,0.0161,0.0229,0.57,0.0464,45,6,88.9
06067,Sacramento,CA,1087.0,1158.0,1211.0,1259.0,1292.0,1456.0,1607.0,1704.0,18.9,0.0085,0.005,0.0045,0.0071,0.0059,0.0134,0.514,0.037,9,4,78.6
06069,San Benito,CA,1416.0,1523.0,1644.0,1735.0,1873.0,2111.0,2330.0,2470.0,32.3,0.0067,0.0044,0.0077,0.0039,0.008,0.008,0.29,0.0272,7,4,61.2
06071,San Bernardino,CA,1230.0,1273.0,1309.0,1387.0,1441.0,1624.0,1793.0,1900.0,17.2,0.0131,0.0152,0.0102,0.0211,0.0266,0.0238,0.619,0.0428,37,5,87.2
06073,San Diego,CA,1559.0,1685.0,1763.0,1901.0,2020.0,2276.0,2513.0,2664.0,29.6,0.0111,0.0111,0.0098,0.0133,0.014,0.0216,0.563,0.0462,33,3,85.6
06075,San Francisco,CA,2656.0,2834.0,2947.0,2972.0,2809.0,3166.0,3495.0,3705.0,5.8,0.0055,0.0042,0.0036,0.0073,0.0128,0.0103,0.416,0.0216,5,4,56.7
06077,San Joaquin,CA,1129.0,1196.0,1224.0,1278.0,1297.0,1461.0,1613.0,1710.0,14.9,0.008,0.0056,0.0045,0.0061,0.0056,0.0152,0.48,0.0357,9,4,77.7
06079,San Luis Obispo,CA,1161.0,1238.0,1295.0,1398.0,1459.0,1644.0,1815.0,1924.0,25.7,0.0076,0.0072,0.0065,0.0115,0.0119,0.0113,0.396,0.0268,13,5,75.3
06081,San Mateo,CA,1833.0,1956.0,2055.0,2139.0,2099.0,2366.0,2612.0,2769.0,14.5,0.0048,0.0046,0.0041,0.0072,0.0097,0.0088,0.355,0.023,12,4,60.8
06083,Santa Barbara,CA,1717.0,1844.0,1927.0,2063.0,2104.0,2371.0,2617.0,2775.0,22.5,0.0093,0.0115,0.0118,0.021,0.0201,0.0139,0.603,0.0564,26,6,86.8
06085,Santa Clara,CA,1341.0,1419.0,1504.0,1591.0,1601.0,1804.0,1991.0,2111.0,19.4,0.0054,0.0039,0.0034,0.0064,0.0079,0.0084,0.387,0.0226,12,4,64.5
06087,Santa Cruz,CA,1537.0,1604.0,1728.0,1897.0,1972.0,2223.0,2454.0,2601.0,28.3,0.0047,0.0062,0.0052,0.0182,0.0348,0.0203,1.058,0.0532,19,5,93.3
06089,Shasta,CA,1398.0,1518.0,1719.0,1930.0,2162.0,2436.0,2690.0,2851.0,54.6,0.0105,0.0134,0.0102,0.0089,0.0319,0.0492,1.638,0.128,25,2,89.6
06091,Sierra,CA,1528.0,1644.0,1879.0,2220.0,2315.0,2609.0,2881.0,3054.0,51.5,0.0392,0.0288,0.0243,0.0151,0.0617,0.066,0.114,0.0175,7,2,70.8
06093,Siskiyou,CA,1310.0,1403.0,1594.0,1790.0,1960.0,2209.0,2439.0,2585.0,49.6,0.0131,0.0194,0.0104,0.01,0.0138,0.0318,0.626,0.032,14,4,90.3
06095,Solano,CA,1157.0,1227.0,1328.0,1415.0,1457.0,1641.0,1812.0,1921.0,25.9,0.0058,0.0047,0.0037,0.0059,0.0062,0.0124,0.705,0.0413,13,3,82.4
06097,Sonoma,CA,1446.0,1590.0,1769.0,1951.0,2069.0,2332.0,2574.0,2728.0,43.1,0.0068,0.0071,0.0043,0.0064,0.0192,0.0139,1.792,0.072,21,4,89.8
06099,Stanislaus,CA,976.0,1028.0,1066.0,1125.0,1153.0,1299.0,1435.0,1521.0,18.1,0.0069,0.0047,0.0043,0.0063,0.0054,0.0133,0.467,0.0314,10,4,77.9
06101,Sutter,CA,1088.0,1154.0,1190.0,1286.0,1307.0,1473.0,1626.0,1724.0,20.1,0.0074,0.0044,0.0034,0.0038,0.0028,0.0088,0.524,0.0373,8,3,70.2
06103,Tehama,CA,1160.0,1246.0,1354.0,1504.0,1671.0,1884.0,2079.0,2204.0,44.1,0.0089,0.0074,0.0045,0.0063,0.0271,0.0529,0.615,0.0404,9,4,89.6
06105,Trinity,CA,1448.0,1540.0,1715.0,1899.0,2136.0,2407.0,2658.0,2817.0,47.5,0.0097,0.0073,0.005,0.0092,0.053,0.0727,0.998,0.0402,18,5,95.4
06107,Tulare,CA,988.0,1042.0,1068.0,1122.0,1164.0,1312.0,1448.0,1535.0,17.8,0.0094,0.0071,0.0065,0.0085,0.0079,0.0149,0.479,0.0215,11,4,78.1
06109,Tuolumne,CA,1494.0,1444.0,1514.0,1729.0,1905.0,2147.0,2370.0,2512.0,27.5,0.0733,0.1096,0.0657,0.0199,0.0267,0.061,0.501,0.0266,12,3,83.8
06111,Ventura,CA,1415.0,1499.0,1564.0,1688.0,1768.0,1993.0,2200.0,2332.0,24.9,0.009,0.0095,0.0088,0.018,0.0148,0.0193,0.91,0.0631,32,6,92.9
06113,Yolo,CA,1045.0,1110.0,1160.0,1241.0,1288.0,1452.0,1603.0,1699.0,23.3,0.0064,0.0039,0.0023,0.0053,0.0035,0.0083,0.626,0.0352,11,2,69.2
06115,Yuba,CA,1327.0,1424.0,1521.0,1626.0,1719.0,1937.0,2138.0,2267.0,29.5,0.0114,0.0105,0.005,0.009,0.019,0.0232,0.891,0.0378,13,2,84.9
08001,Adams,CO,2189.0,2265.0,2354.0,2456.0,2636.0,2971.0,3280.0,3477.0,20.4,0.0132,0.0088,0.0053,0.0073,0.0064,0.0072,0.627,0.1082,7,0,59.0
08003,Alamosa,CO,1335.0,1375.0,1429.0,1423.0,1499.0,1689.0,1865.0,1977.0,12.3,0.0068,0.0074,0.0059,0.005,0.0045,0.0121,0.29,0.0313,3,0,49.9
08005,Arapahoe,CO,2597.0,2711.0,2814.0,2903.0,3101.0,3495.0,3858.0,4089.0,19.4,0.0104,0.0069,0.0051,0.006,0.0062,0.0076,0.465,0.0817,7,1,58.3
08007,Archuleta,CO,1510.0,1512.0,1588.0,1687.0,1806.0,2035.0,2247.0,2382.0,19.6,0.0097,0.0079,0.005,0.0091,0.0129,0.0144,0.33,0.0219,3,1,61.9
08009,Baca,CO,2205.0,2273.0,2277.0,2261.0,2469.0,2782.0,3072.0,3256.0,12.0,0.0171,0.0095,0.0023,0.0084,0.0177,0.0177,0.534,0.0877,6,1,67.7
08011,Bent,CO,2258.0,2349.0,2374.0,2406.0,2501.0,2818.0,3112.0,3298.0,10.8,0.0115,0.0053,0.0116,0.0062,0.0218,0.0136,0.444,0.071,4,0,57.3
08013,Boulder,CO,2438.0,2541.0,2701.0,2886.0,3228.0,3637.0,4016.0,4257.0,32.4,0.0082,0.0061,0.0037,0.0064,0.0078,0.0077,0.888,0.1157,15,3,74.8
08014,Broomfield,CO,2201.0,2297.0,2405.0,2545.0,2798.0,3153.0,3481.0,3690.0,27.1,0.0112,0.0049,0.0036,0.0056,0.0043,0.0052,0.436,0.0738,4,0,49.2
08015,Chaffee,CO,1356.0,1383.0,1444.0,1573.0,1690.0,1905.0,2103.0,2229.0,24.6,0.008,0.0078,0.0055,0.0061,0.01,0.0076,0.312,0.0192,3,0,48.7
08017,Cheyenne,CO,2301.0,2411.0,2374.0,2592.0,2616.0,2949.0,3255.0,3451.0,13.7,0.0144,0.0,0.0112,0.028,0.0177,0.0233,1.644,0.3123,5,1,77.8
08019,Clear Creek,CO,2195.0,2312.0,2497.0,2787.0,3050.0,3438.0,3795.0,4023.0,39.0,0.0135,0.0079,0.0047,0.0091,0.0136,0.0151,0.369,0.0404,5,0,62.4
08021,Conejos,CO,1463.0,1472.0,1555.0,1590.0,1663.0,1874.0,2069.0,2193.0,13.7,0.0075,0.004,0.0039,0.0075,0.0175,0.0162,0.299,0.0249,2,0,56.8
08023,Costilla,CO,1491.0,1528.0,1545.0,1612.0,1671.0,1883.0,2079.0,2203.0,12.1,0.0102,0.0109,0.0046,0.0124,0.011,0.0197,1.325,0.0717,5,0,71.3
08025,Crowley,CO,2239.0,2369.0,2332.0,2348.0,2583.0,2911.0,3214.0,3406.0,15.4,0.0183,0.0142,0.0128,0.0144,0.0111,0.0154,0.274,0.0523,6,0,55.7
08027,Custer,CO,1865.0,1895.0,1907.0,2035.0,2131.0,2401.0,2651.0,2810.0,14.3,0.0087,0.0059,0.0033,0.0085,0.0118,0.0123,0.368,0.0262,10,1,60.4
08029,Delta,CO,1053.0,1053.0,1107.0,1163.0,1234.0,1390.0,1535.0,1627.0,17.2,0.0106,0.0047,0.0031,0.0064,0.007,0.0131,0.381,0.0258,3,0,60.9
08031,Denver,CO,2565.0,2668.0,2775.0,2851.0,3021.0,3405.0,3759.0,3985.0,17.8,0.0125,0.0066,0.0055,0.0071,0.0059,0.007,0.444,0.0864,7,0,49.1
08033,Dolores,CO,1203.0,1181.0,1210.0,1227.0,1295.0,1459.0,1611.0,1708.0,7.6,0.0141,0.0048,0.0041,0.0067,0.0093,0.0094,0.444,0.0234,2,0,47.6
08035,Douglas,CO,2941.0,3042.0,3170.0,3335.0,3595.0,4051.0,4473.0,4741.0,22.2,0.0096,0.0047,0.0044,0.0065,0.0072,0.008,0.457,0.0749,7,1,60.2
08037,Eagle,CO,3598.0,3752.0,4086.0,4487.0,4658.0,5249.0,5795.0,6143.0,29.5,0.007,0.0047,0.0064,0.014,0.0187,0.0184,0.374,0.0377,5,0,63.2
08039,Elbert,CO,2824.0,2941.0,3021.0,3158.0,3315.0,3736.0,4125.0,4372.0,17.4,0.0105,0.0074,0.0052,0.0101,0.007,0.0101,0.953,0.1053,6,1,72.2
08041,El Paso,CO,2271.0,2375.0,2472.0,2598.0,2806.0,3162.0,3491.0,3700.0,23.6,0.0148,0.0124,0.0066,0.009,0.0078,0.0089,0.686,0.1188,12,1,70.7
08043,Fremont,CO,1553.0,1608.0,1686.0,1814.0,1900.0,2141.0,2364.0,2505.0,22.3,0.0115,0.0095,0.0072,0.009,0.0099,0.01,0.621,0.0699,10,0,66.0
08045,Garfield,CO,1463.0,1461.0,1522.0,1614.0,1701.0,1917.0,2116.0,2243.0,16.3,0.0088,0.0057,0.0064,0.0143,0.0105,0.0147,0.413,0.0265,8,0,63.1
08047,Gilpin,CO,2013.0,1970.0,2115.0,2354.0,2600.0,2931.0,3235.0,3430.0,29.2,0.0118,0.0108,0.0057,0.0101,0.0193,0.0159,0.158,0.0202,5,0,57.1
08049,Grand,CO,1871.0,1948.0,2109.0,2366.0,2578.0,2905.0,3207.0,3400.0,37.8,0.0088,0.0051,0.0048,0.0103,0.0122,0.0156,1.378,0.0363,5,1,83.0
08051,Gunnison,CO,2063.0,2136.0,2217.0,2346.0,2437.0,2746.0,3032.0,3214.0,18.1,0.0113,0.0039,0.0046,0.0049,0.0164,0.0155,0.269,0.0158,4,0,58.9
08053,Hinsdale,CO,1547.0,1545.0,1607.0,1806.0,1850.0,2085.0,2302.0,2440.0,19.6,0.0038,0.0056,0.0017,0.01,0.0065,0.0163,0.353,0.0119,2,0,62.0
08055,Huerfano,CO,2076.0,2122.0,2141.0,2274.0,2399.0,2704.0,2985.0,3164.0,15.6,0.0127,0.0098,0.0061,0.0107,0.0136,0.0218,1.006,0.0754,7,0,73.8
08057,Jackson,CO,1438.0,1435.0,1426.0,1513.0,1619.0,1825.0,2015.0,2136.0,12.6,0.0108,0.0087,0.0021,0.0064,0.0084,0.0063,0.188,0.0165,3,0,33.9
08059,Jefferson,CO,2331.0,2436.0,2564.0,2707.0,2938.0,3312.0,3656.0,3875.0,26.0,0.0119,0.0063,0.0044,0.0064,0.0072,0.0073,0.536,0.0856,11,2,64.7
08061,Kiowa,CO,2263.0,2291.0,2280.0,2373.0,2531.0,2852.0,3149.0,3338.0,11.8,0.0062,0.0058,0.0109,0.0,0.005,0.025,0.166,0.042,5,1,57.7
08063,Kit Carson,CO,2452.0,2509.0,2715.0,2777.0,2975.0,3353.0,3702.0,3924.0,21.3,0.0125,0.0119,0.0092,0.0123,0.0158,0.0085,0.853,0.1639,3,1,66.7
08065,Lake,CO,1458.0,1455.0,1543.0,1664.0,1788.0,2015.0,2225.0,2358.0,22.6,0.0107,0.006,0.0018,0.0073,0.0059,0.0122,0.372,0.0205,3,0,60.4
08067,La Plata,CO,1562.0,1571.0,1623.0,1681.0,1792.0,2019.0,2229.0,2363.0,14.7,0.0083,0.0051,0.0036,0.0062,0.0109,0.015,0.474,0.0277,5,0,62.1
08069,Larimer,CO,1685.0,1776.0,1893.0,2042.0,2215.0,2496.0,2756.0,2921.0,31.5,0.0081,0.005,0.0041,0.0054,0.0055,0.0057,0.949,0.099,21,3,69.7
08071,Las Animas,CO,2047.0,2083.0,2137.0,2174.0,2353.0,2652.0,2928.0,3104.0,14.9,0.0121,0.0126,0.0049,0.0126,0.0124,0.0151,0.408,0.0534,8,0,60.6
08073,Lincoln,CO,2465.0,2507.0,2518.0,2562.0,2662.0,3000.0,3312.0,3510.0,8.0,0.0109,0.0067,0.0061,0.0181,0.0146,0.0185,0.52,0.1084,5,1,63.9
08075,Logan,CO,2362.0,2478.0,2504.0,2559.0,2791.0,3145.0,3472.0,3681.0,18.2,0.0082,0.0091,0.0083,0.0056,0.0103,0.0082,0.748,0.1215,6,1,64.1
08077,Mesa,CO,1063.0,1070.0,1095.0,1140.0,1188.0,1339.0,1478.0,1567.0,11.8,0.0095,0.0071,0.0055,0.0063,0.0063,0.0089,0.436,0.0327,4,0,48.2
08079,Mineral,CO,1601.0,1563.0,1596.0,1586.0,1690.0,1905.0,2103.0,2229.0,5.6,0.0028,0.0027,0.0051,0.012,0.0082,0.0094,0.188,0.0092,3,0,34.8
08081,Moffat,CO,1089.0,1063.0,1108.0,1182.0,1229.0,1385.0,1529.0,1621.0,12.9,0.0109,0.0059,0.0038,0.008,0.0086,0.0059,0.364,0.0326,2,0,38.7
08083,Montezuma,CO,1146.0,1148.0,1172.0,1209.0,1272.0,1433.0,1582.0,1677.0,11.0,0.0074,0.0067,0.0033,0.0105,0.0096,0.0072,0.276,0.0214,3,0,36.2
08085,Montrose,CO,1082.0,1078.0,1114.0,1164.0,1234.0,1391.0,1535.0,1627.0,14.0,0.0077,0.0063,0.0041,0.0076,0.0076,0.0085,0.502,0.026,3,0,53.3
08087,Morgan,CO,2501.0,2503.0,2551.0,2647.0,2824.0,3183.0,3514.0,3725.0,12.9,0.0092,0.0094,0.0095,0.0101,0.0107,0.008,0.631,0.0927,6,0,56.3
08089,Otero,CO,2144.0,2214.0,2202.0,2267.0,2448.0,2759.0,3046.0,3229.0,14.2,0.0191,0.0159,0.0062,0.0099,0.0093,0.011,0.22,0.0497,3,0,47.7
08091,Ouray,CO,1774.0,1756.0,1799.0,1905.0,2029.0,2287.0,2525.0,2676.0,14.4,0.0084,0.0032,0.004,0.0048,0.0112,0.0123,0.255,0.0151,3,1,53.8
08093,Park,CO,1805.0,1848.0,1931.0,2078.0,2272.0,2561.0,2827.0,2997.0,25.9,0.0083,0.008,0.0045,0.0067,0.0138,0.0151,0.436,0.0365,8,0,66.1
08095,Phillips,CO,2646.0,2579.0,2651.0,2750.0,2835.0,3195.0,3527.0,3738.0,7.1,0.0117,0.0056,0.0122,0.0101,0.0108,0.0098,0.357,0.0713,2,0,42.2
08097,Pitkin,CO,5669.0,6073.0,6353.0,6941.0,7420.0,8362.0,9232.0,9786.0,30.9,0.008,0.0042,0.0088,0.0141,0.0174,0.0184,0.289,0.0358,2,0,60.8
08099,Prowers,CO,2220.0,2242.0,2264.0,2453.0,2576.0,2903.0,3205.0,3397.0,16.0,0.0135,0.0087,0.0064,0.009,0.0088,0.0095,0.684,0.1196,4,1,66.3
08101,Pueblo,CO,2254.0,2282.0,2300.0,2368.0,2486.0,2802.0,3093.0,3279.0,10.3,0.0125,0.0066,0.0059,0.0078,0.0081,0.009,0.415,0.0818,12,1,51.7
08103,Rio Blanco,CO,1254.0,1233.0,1233.0,1279.0,1344.0,1515.0,1672.0,1772.0,7.2,0.0107,0.0065,0.0062,0.008,0.0073,0.0103,0.426,0.025,4,2,53.7
08105,Rio Grande,CO,1260.0,1241.0,1328.0,1332.0,1416.0,1595.0,1761.0,1867.0,12.4,0.0069,0.0037,0.0019,0.008,0.0087,0.0074,0.234,0.0218,4,0,39.2
08107,Routt,CO,1989.0,2018.0,2188.0,2453.0,2651.0,2988.0,3299.0,3496.0,33.3,0.008,0.0057,0.0053,0.0077,0.0087,0.0131,0.3,0.0265,2,0,57.6
08109,Saguache,CO,1204.0,1198.0,1246.0,1334.0,1366.0,1540.0,1700.0,1802.0,13.5,0.0112,0.0036,0.0058,0.0061,0.0084,0.0126,0.308,0.0158,4,0,52.5
08111,San Juan,CO,1171.0,1170.0,1229.0,1308.0,1450.0,1635.0,1804.0,1913.0,23.8,0.0,0.0034,0.0066,0.016,0.0154,0.0158,0.408,0.0137,2,0,64.7
08113,San Miguel,CO,3517.0,3658.0,3911.0,4042.0,4307.0,4854.0,5359.0,5681.0,22.5,0.0068,0.0047,0.0062,0.0183,0.0335,0.0335,0.564,0.0264,3,0,75.0
08115,Sedgwick,CO,2262.0,2418.0,2348.0,2568.0,2699.0,3042.0,3358.0,3560.0,19.3,0.0134,0.0195,0.0137,0.0108,0.0252,0.0068,0.983,0.161,4,0,59.5
08117,Summit,CO,2453.0,2570.0,2748.0,3036.0,3321.0,3743.0,4133.0,4380.0,35.4,0.006,0.0076,0.007,0.0086,0.0145,0.0153,0.274,0.0315,3,0,58.7
08119,Teller,CO,1938.0,2075.0,2193.0,2382.0,2568.0,2894.0,3195.0,3387.0,32.5,0.0063,0.0087,0.0037,0.0096,0.0129,0.0181,0.518,0.0645,8,1,75.8
08121,Washington,CO,2503.0,2602.0,2485.0,2577.0,2737.0,3084.0,3405.0,3609.0,9.3,0.0124,0.0141,0.0113,0.0078,0.0173,0.0087,0.611,0.1092,8,1,55.3
08123,Weld,CO,2074.0,2177.0,2276.0,2405.0,2597.0,2927.0,3231.0,3425.0,25.2,0.0106,0.0103,0.0064,0.0077,0.0065,0.0075,0.849,0.1299,7,0,62.1
08125,Yuma,CO,2433.0,2541.0,2537.0,2605.0,2768.0,3120.0,3444.0,3651.0,13.8,0.0141,0.0119,0.0105,0.0103,0.0159,0.009,0.504,0.1022,4,0,56.6
09001,Fairfield,CT,3270.0,3249.0,3249.0,3232.0,3240.0,3651.0,4031.0,4273.0,-0.9,0.0081,0.0073,0.0095,0.0125,0.0114,0.0159,0.426,0.0633,23,5,53.0
09003,Hartford,CT,1805.0,1792.0,1772.0,1763.0,1760.0,1983.0,2189.0,2321.0,-2.5,0.0088,0.0071,0.0049,0.005,0.0073,0.0108,0.55,0.0633,19,3,46.8
09005,Litchfield,CT,2519.0,2504.0,2534.0,2514.0,2532.0,2854.0,3151.0,3340.0,0.5,0.0064,0.0075,0.0058,0.0055,0.0097,0.0129,0.368,0.0469,21,5,49.7
09007,Middlesex,CT,2089.0,2096.0,2101.0,2105.0,2138.0,2410.0,2661.0,2820.0,2.3,0.0087,0.0075,0.0173,0.0166,0.0088,0.0101,0.31,0.0419,18,3,43.1
09009,New Haven,CT,2000.0,1971.0,1959.0,1958.0,1990.0,2242.0,2476.0,2624.0,-0.5,0.0093,0.0079,0.0157,0.0151,0.0095,0.0157,0.553,0.0647,25,6,59.3
09011,New London,CT,2041.0,2020.0,2035.0,2049.0,2068.0,2330.0,2573.0,2727.0,1.3,0.0101,0.0063,0.0146,0.0163,0.0082,0.0101,0.245,0.0327,22,4,40.5
09013,Tolland,CT,1784.0,1789.0,1781.0,1783.0,1786.0,2013.0,2223.0,2356.0,0.1,0.008,0.0065,0.0056,0.0035,0.0055,0.01,0.391,0.0448,19,2,39.2
09015,Windham,CT,1695.0,1710.0,1706.0,1706.0,1720.0,1938.0,2139.0,2268.0,1.5,0.0087,0.0075,0.0046,0.0053,0.006,0.0122,0.301,0.034,20,2,40.0
10001,Kent,DE,969.0,1015.0,1024.0,1045.0,1074.0,1210.0,1336.0,1416.0,10.8,0.0072,0.0058,0.0045,0.0078,0.0037,0.006,0.499,0.0395,10,1,49.9
10003,New Castle,DE,1190.0,1237.0,1236.0,1237.0,1280.0,1443.0,1593.0,1688.0,7.6,0.0067,0.0047,0.003,0.0042,0.0034,0.0064,0.54,0.0541,11,1,46.0
10005,Sussex,DE,1221.0,1253.0,1251.0,1264.0,1296.0,1461.0,1613.0,1710.0,6.1,0.0048,0.0038,0.0038,0.0069,0.0044,0.0095,0.379,0.0306,11,1,44.4
11001,District of Columbia,DC,1882.0,1888.0,1877.0,1882.0,1870.0,2108.0,2327.0,2466.0,-0.6,0.0098,0.01,0.0053,0.0057,0.0103,0.0124,0.456,0.0567,14,0,38.4
12001,Alachua,FL,3020.0,3103.0,2355.0,2217.0,2214.0,2495.0,2755.0,2920.0,-26.7,0.0054,0.0065,0.005,0.0068,0.0212,0.0165,0.327,0.0512,28,13,45.3
12003,Baker,FL,2354.0,2683.0,2563.0,2312.0,2107.0,2375.0,2622.0,2779.0,-10.5,0.0029,0.0052,0.0065,0.007,0.0131,0.0101,0.459,0.1074,29,12,45.4
12005,Bay,FL,5557.0,5587.0,5140.0,4944.0,4312.0,4860.0,5365.0,5687.0,-22.4,0.0054,0.0046,0.0125,0.0177,0.0272,0.0254,3.226,0.2283,32,11,63.4
12007,Bradford,FL,2589.0,2993.0,2485.0,2503.0,2317.0,2611.0,2883.0,3056.0,-10.5,0.006,0.0104,0.0031,0.0138,0.0145,0.0171,0.167,0.0423,28,13,42.8
12009,Brevard,FL,4185.0,4522.0,3917.0,3822.0,3853.0,4342.0,4794.0,5081.0,-7.9,0.0064,0.0077,0.0102,0.014,0.0525,0.0448,0.446,0.0914,29,10,54.9
12011,Broward,FL,7167.0,7752.0,7649.0,7762.0,7704.0,8683.0,9586.0,10161.0,7.5,0.0207,0.0281,0.0202,0.0179,0.0202,0.033,0.435,0.084,24,7,73.3
12013,Calhoun,FL,,,,,,,,,,0.0162,0.0078,0.0048,0.0085,0.0081,0.0108,,,29,11,
12015,Charlotte,FL,3787.0,3728.0,3062.0,2871.0,2785.0,3138.0,3465.0,3673.0,-26.5,0.0033,0.0057,0.0078,0.0207,0.0449,0.0471,1.094,0.1572,29,13,63.8
12017,Citrus,FL,2470.0,2527.0,2295.0,2223.0,2318.0,2613.0,2885.0,3058.0,-6.2,0.0045,0.0074,0.0043,0.0089,0.016,0.0217,0.224,0.0404,31,14,45.7
12019,Clay,FL,2665.0,2961.0,2684.0,2543.0,2411.0,2718.0,3000.0,3180.0,-9.5,0.0048,0.0062,0.0043,0.006,0.0186,0.0128,0.466,0.0785,31,13,49.9
12021,Collier,FL,8114.0,8601.0,8446.0,8614.0,8132.0,9165.0,10118.0,10725.0,0.2,0.0053,0.0131,0.0117,0.0206,0.0328,0.0492,0.776,0.1392,37,13,70.0
12023,Columbia,FL,2388.0,2570.0,2256.0,2242.0,2146.0,2419.0,2670.0,2831.0,-10.1,0.0025,0.0053,0.0042,0.0071,0.0158,0.0064,0.34,0.0473,27,13,30.7
12027,DeSoto,FL,3090.0,3217.0,3030.0,2864.0,2847.0,3209.0,3542.0,3755.0,-7.9,0.002,0.0055,0.003,0.0068,0.023,0.0544,1.174,0.1705,25,12,65.0
12029,Dixie,FL,,,,,,,,,,0.0205,0.009,0.0046,0.0073,0.0244,0.0961,,,34,14,
12031,Duval,FL,2938.0,3067.0,2840.0,2669.0,2600.0,2930.0,3235.0,3429.0,-11.5,0.0073,0.0088,0.0064,0.0091,0.0253,0.019,0.479,0.0803,29,12,54.0
12033,Escambia,FL,5877.0,6210.0,5990.0,6363.0,6605.0,7444.0,8218.0,8711.0,12.4,0.0076,0.009,0.0089,0.015,0.0304,0.0212,0.373,0.1183,27,7,74.6
12035,Flagler,FL,3772.0,3820.0,3476.0,3291.0,3133.0,3531.0,3898.0,4132.0,-16.9,0.0055,0.0069,0.0066,0.0108,0.0478,0.0412,0.37,0.0734,29,10,50.2
12037,Franklin,FL,,,,,,,,,,0.0022,0.0023,0.008,0.0158,0.0751,0.0951,,,31,11,
12039,Gadsden,FL,3134.0,3425.0,2559.0,2518.0,2414.0,2720.0,3003.0,3184.0,-23.0,0.0061,0.009,0.0113,0.0109,0.0145,0.0108,0.795,0.0762,28,11,53.7
12041,Gilchrist,FL,,,,,,,,,,0.002,0.0056,0.0102,0.0209,0.0045,0.0184,,,29,14,
12043,Glades,FL,3333.0,3566.0,2900.0,2997.0,2859.0,3222.0,3557.0,3770.0,-14.2,0.0046,0.0024,0.0024,0.003,0.3246,0.1623,0.144,0.0536,23,8,44.4
12045,Gulf,FL,,,,,,,,,,0.0304,0.0105,0.0278,0.0358,0.06,0.0606,,,30,10,
12047,Hamilton,FL,,,,,,,,,,0.0022,0.0083,0.0038,0.012,0.0129,0.0017,,,29,13,
12049,Hardee,FL,,,,,,,,,,0.0052,0.0034,0.0024,0.0089,0.0491,0.0464,,,25,11,
12051,Hendry,FL,,,,,,,,,,0.0049,0.0045,0.004,0.009,0.2343,0.0688,,,22,8,
12053,Hernando,FL,2457.0,2288.0,1647.0,1601.0,1629.0,1836.0,2027.0,2149.0,-33.7,0.0058,0.0064,0.0086,0.0098,0.0283,0.0294,0.224,0.0233,29,13,44.8
12055,Highlands,FL,3021.0,3100.0,2425.0,2037.0,2051.0,2311.0,2552.0,2705.0,-32.1,0.0041,0.003,0.0026,0.0044,0.1255,0.0914,0.805,0.1278,25,8,62.1
12057,Hillsborough,FL,4522.0,4767.0,4275.0,3938.0,3793.0,4275.0,4720.0,5003.0,-16.1,0.007,0.0087,0.0081,0.0096,0.021,0.0252,0.334,0.0693,28,13,47.9
12059,Holmes,FL,,,,,,,,,,0.0035,0.0071,0.0051,0.0032,0.003,0.0032,,,25,8,
12061,Indian River,FL,9558.0,9817.0,9779.0,8849.0,8379.0,9443.0,10425.0,11051.0,-12.3,0.0041,0.007,0.0125,0.0146,0.0638,0.0479,0.208,0.0567,23,6,43.2
12063,Jackson,FL,,,,,,,,,,0.0065,0.01,0.0088,0.0069,0.01,0.0064,,,23,8,
12065,Jefferson,FL,3685.0,3971.0,3678.0,3198.0,2862.0,3225.0,3561.0,3775.0,-22.3,0.0034,0.0079,0.0086,0.005,0.0128,0.0123,0.206,0.053,32,13,38.6
12067,Lafayette,FL,,,,,,,,,,0.0128,0.0349,0.0,0.0084,0.0165,0.0248,,,29,14,
12069,Lake,FL,2726.0,2901.0,2427.0,2114.0,2056.0,2317.0,2558.0,2711.0,-24.6,0.0031,0.0041,0.0034,0.0085,0.0216,0.0201,0.486,0.0751,27,11,54.0
12071,Lee,FL,5222.0,5194.0,4249.0,3863.0,3702.0,4172.0,4606.0,4883.0,-29.1,0.0039,0.0084,0.0056,0.0182,0.0398,0.0253,1.111,0.1537,30,13,62.7
12073,Leon,FL,2874.0,3029.0,2386.0,2274.0,2269.0,2557.0,2823.0,2992.0,-21.1,0.0048,0.0052,0.0065,0.0072,0.0141,0.0084,0.376,0.0675,28,11,36.8
12075,Levy,FL,,,,,,,,,,0.0118,0.0079,0.0057,0.0122,0.03,0.0625,,,33,15,
12077,Liberty,FL,,,,,,,,,,0.0,0.008,0.008,0.0073,0.013,0.0196,,,29,11,
12079,Madison,FL,,,,,,,,,,0.0015,0.0044,0.0026,0.0176,0.0071,0.0075,,,28,13,
12081,Manatee,FL,3530.0,3379.0,2908.0,2814.0,2870.0,3235.0,3571.0,3785.0,-18.7,0.004,0.0048,0.0079,0.0089,0.0352,0.0316,0.333,0.05,32,14,48.4
12083,Marion,FL,2886.0,2912.0,2491.0,2197.0,2095.0,2361.0,2607.0,2763.0,-27.4,0.0049,0.0055,0.0055,0.0076,0.0139,0.0171,0.397,0.055,28,13,49.1
12085,Martin,FL,10688.0,11259.0,10742.0,11262.0,10493.0,11826.0,13056.0,13839.0,-1.8,0.0033,0.0111,0.0123,0.0121,0.0487,0.0368,0.362,0.06,26,6,52.3
12086,Miami-Dade,FL,10260.0,10959.0,11164.0,11041.0,11236.0,12663.0,13980.0,14819.0,9.5,0.016,0.0326,0.0237,0.0126,0.0194,0.0429,0.37,0.0739,24,7,72.7
12087,Monroe,FL,8651.0,8275.0,8934.0,8863.0,8219.0,9263.0,10226.0,10840.0,-5.0,0.0013,0.0028,0.0083,0.0065,0.0326,0.0428,0.242,0.0326,29,9,47.4
12089,Nassau,FL,3774.0,3665.0,3361.0,3161.0,2777.0,3129.0,3455.0,3662.0,-26.4,0.0039,0.0058,0.0081,0.0062,0.0243,0.027,0.322,0.055,28,12,47.3
12091,Okaloosa,FL,3876.0,4107.0,3612.0,3708.0,3450.0,3888.0,4292.0,4550.0,-11.0,0.0052,0.006,0.0119,0.0182,0.0422,0.0198,0.199,0.0506,26,7,42.1
12093,Okeechobee,FL,,,,,,,,,,0.0019,0.0092,0.0028,0.0053,0.2441,0.0828,,,24,8,
12095,Orange,FL,3632.0,3905.0,3436.0,3067.0,2981.0,3360.0,3709.0,3932.0,-17.9,0.0091,0.0088,0.0087,0.0076,0.0189,0.023,0.678,0.1239,26,10,59.7
12097,Osceola,FL,2973.0,3101.0,2657.0,2348.0,2297.0,2588.0,2858.0,3029.0,-22.7,0.0103,0.0075,0.0078,0.0103,0.029,0.0396,0.627,0.103,28,10,59.9
12099,Palm Beach,FL,10574.0,11072.0,11017.0,10864.0,10697.0,12056.0,13310.0,14108.0,1.2,0.008,0.0138,0.0205,0.0337,0.0304,0.0344,0.301,0.0696,23,6,54.1
12101,Pasco,FL,3599.0,3674.0,2661.0,2270.0,2196.0,2475.0,2732.0,2896.0,-39.0,0.0059,0.006,0.0066,0.0065,0.0227,0.0264,0.322,0.0449,29,13,47.4
12103,Pinellas,FL,5678.0,5888.0,5182.0,5371.0,5475.0,6171.0,6813.0,7221.0,-3.6,0.004,0.0066,0.0106,0.0137,0.029,0.037,0.263,0.047,28,13,49.0
12105,Polk,FL,3544.0,3615.0,2788.0,2435.0,2424.0,2732.0,3016.0,3197.0,-31.6,0.0058,0.0066,0.0063,0.0058,0.0389,0.0432,0.486,0.092,28,10,55.5
12107,Putnam,FL,2946.0,2921.0,2521.0,2347.0,2277.0,2566.0,2833.0,3003.0,-22.7,0.0056,0.007,0.0044,0.0101,0.0104,0.0106,0.366,0.0626,31,13,40.9
12109,St. Johns,FL,4069.0,4162.0,3702.0,3540.0,3471.0,3912.0,4318.0,4577.0,-14.7,0.0039,0.0045,0.0055,0.0063,0.0197,0.0236,0.426,0.0743,26,10,52.0
12111,St. Lucie,FL,3380.0,3697.0,3182.0,2994.0,2842.0,3203.0,3536.0,3748.0,-15.9,0.0057,0.0089,0.0071,0.0167,0.0459,0.0241,0.248,0.0428,24,6,42.8
12113,Santa Rosa,FL,3419.0,3637.0,3259.0,3329.0,3094.0,3487.0,3850.0,4081.0,-9.5,0.0093,0.0074,0.0076,0.0167,0.0337,0.0191,0.362,0.0837,28,8,47.8
12115,Sarasota,FL,6062.0,5909.0,5271.0,5203.0,5860.0,6604.0,7291.0,7728.0,-3.3,0.004,0.0072,0.0065,0.0168,0.0537,0.035,0.266,0.0567,32,13,49.4
12117,Seminole,FL,3654.0,3860.0,3337.0,2930.0,2848.0,3210.0,3544.0,3756.0,-22.1,0.01,0.008,0.0073,0.0067,0.0171,0.0194,0.776,0.1256,27,10,60.3
12119,Sumter,FL,1525.0,1546.0,1515.0,1589.0,1664.0,1876.0,2071.0,2195.0,9.1,0.001,0.0013,0.0014,0.0018,0.0154,0.0151,0.568,0.0653,26,13,78.6
12121,Suwannee,FL,,,,,,,,,,0.004,0.0048,0.0031,0.0071,0.0066,0.006,,,30,13,
12123,Taylor,FL,,,,,,,,,,0.0076,0.0026,0.0071,0.0136,0.0179,0.0265,,,32,15,
12125,Union,FL,,,,,,,,,,0.0022,0.0022,0.004,0.0156,0.0081,0.0118,,,27,12,
12127,Volusia,FL,3536.0,3542.0,3186.0,3081.0,2960.0,3336.0,3683.0,3904.0,-16.3,0.0078,0.0093,0.0065,0.0095,0.0328,0.0193,0.373,0.0748,30,10,48.5
12129,Wakulla,FL,,,,,,,,,,0.0043,0.0051,0.0036,0.0081,0.0287,0.0222,,,31,13,
12131,Walton,FL,9802.0,9632.0,9312.0,9093.0,8181.0,9220.0,10179.0,10790.0,-16.5,0.0139,0.0103,0.0207,0.0206,0.0393,0.0299,0.191,0.0388,27,7,43.1
12133,Washington,FL,,,,,,,,,,0.0069,0.0035,0.0055,0.0114,0.0212,0.0301,,,26,8,
13001,Appling,GA,1551.0,1621.0,1577.0,1531.0,1500.0,1691.0,1867.0,1979.0,-3.3,0.0063,0.0071,0.003,0.0035,0.0038,0.009,0.494,0.0459,14,5,44.1
13003,Atkinson,GA,1417.0,1387.0,1337.0,1333.0,1323.0,1491.0,1646.0,1745.0,-6.6,0.0104,0.0078,0.0,0.0071,0.004,0.009,0.203,0.0453,14,5,30.7
13005,Bacon,GA,1415.0,1410.0,1406.0,1398.0,1374.0,1549.0,1710.0,1812.0,-2.9,0.0013,0.0051,0.0038,0.0088,0.0098,0.0061,0.478,0.0554,13,5,36.9
13007,Baker,GA,,,,,,,,,,0.0,0.0088,0.0088,0.0076,0.0284,0.0075,,,12,1,
13009,Baldwin,GA,1537.0,1561.0,1569.0,1506.0,1546.0,1742.0,1923.0,2039.0,0.6,0.0087,0.0079,0.0045,0.0077,0.0105,0.0105,0.434,0.0525,9,3,46.3
13011,Banks,GA,1491.0,1514.0,1495.0,1448.0,1494.0,1684.0,1859.0,1971.0,0.2,0.0108,0.0099,0.0045,0.0041,0.008,0.0044,0.587,0.0533,11,4,39.6
13013,Barrow,GA,1436.0,1445.0,1459.0,1468.0,1509.0,1700.0,1877.0,1990.0,5.1,0.0123,0.0049,0.0041,0.0054,0.0041,0.0039,0.521,0.0685,8,2,42.4
13015,Bartow,GA,1610.0,1651.0,1647.0,1683.0,1721.0,1940.0,2142.0,2270.0,6.9,0.0099,0.0051,0.0039,0.0053,0.0054,0.0068,0.56,0.0648,10,2,50.9
13017,Ben Hill,GA,1486.0,1528.0,1545.0,1515.0,1528.0,1722.0,1901.0,2015.0,2.8,0.0095,0.0118,0.0045,0.01,0.011,0.0211,0.687,0.0807,10,3,65.7
13019,Berrien,GA,1462.0,1478.0,1479.0,1372.0,1388.0,1565.0,1727.0,1831.0,-5.1,0.012,0.0058,0.0006,0.0062,0.0097,0.0095,0.422,0.0523,13,5,39.9
13021,Bibb,GA,1687.0,1733.0,1740.0,1734.0,1747.0,1969.0,2174.0,2304.0,3.6,0.0134,0.009,0.0094,0.0068,0.1431,0.0147,0.468,0.0665,9,2,56.5
13023,Bleckley,GA,1484.0,1520.0,1544.0,1464.0,1476.0,1664.0,1837.0,1947.0,-0.5,0.0149,0.009,0.0095,0.0114,0.0089,0.0095,0.473,0.0631,10,3,42.8
13025,Brantley,GA,1429.0,1434.0,1456.0,1403.0,1420.0,1601.0,1767.0,1873.0,-0.6,0.0042,0.004,0.0009,0.0045,0.0079,0.0048,0.318,0.0377,18,6,29.8
13027,Brooks,GA,1640.0,1663.0,1685.0,1677.0,1647.0,1856.0,2049.0,2172.0,0.4,0.0137,0.005,0.0088,0.0121,0.0085,0.0101,0.41,0.0634,13,5,46.5
13029,Bryan,GA,1967.0,2017.0,2019.0,1903.0,1903.0,2144.0,2367.0,2509.0,-3.3,0.0075,0.0043,0.0032,0.0023,0.0049,0.0052,0.462,0.0542,12,4,31.8
13031,Bulloch,GA,1681.0,1689.0,1668.0,1630.0,1661.0,1872.0,2066.0,2190.0,-1.2,0.0099,0.005,0.0032,0.0046,0.0047,0.0044,0.242,0.037,16,6,26.8
13033,Burke,GA,1673.0,1723.0,1695.0,1645.0,1672.0,1885.0,2081.0,2205.0,-0.1,0.0119,0.0092,0.004,0.0103,0.012,0.0186,0.275,0.051,15,6,49.3
13035,Butts,GA,1489.0,1558.0,1565.0,1577.0,1614.0,1819.0,2008.0,2128.0,8.4,0.0102,0.0062,0.0034,0.0072,0.0066,0.0079,0.645,0.0557,12,4,64.0
13037,Calhoun,GA,1731.0,1733.0,1592.0,1592.0,1607.0,1812.0,2000.0,2120.0,-7.2,0.0149,0.0149,0.0093,0.0041,0.0188,0.0229,1.37,0.2462,10,1,50.1
13039,Camden,GA,1889.0,1931.0,1959.0,1900.0,1866.0,2103.0,2322.0,2461.0,-1.2,0.0076,0.0055,0.0036,0.0033,0.0046,0.0042,0.272,0.0317,14,5,26.4
13043,Candler,GA,1592.0,1668.0,1647.0,1603.0,1610.0,1814.0,2003.0,2123.0,1.1,0.0129,0.0063,0.006,0.0033,0.0083,0.0053,0.215,0.0465,16,6,30.9
13045,Carroll,GA,1531.0,1584.0,1580.0,1586.0,1630.0,1837.0,2028.0,2150.0,6.5,0.0113,0.0058,0.0043,0.0054,0.0063,0.0069,0.528,0.0681,13,3,51.6
13047,Catoosa,GA,1416.0,1438.0,1454.0,1506.0,1513.0,1706.0,1883.0,1996.0,6.9,0.0138,0.0055,0.0047,0.0052,0.0052,0.0055,0.474,0.0594,9,2,45.3
13049,Charlton,GA,1452.0,1475.0,1448.0,1434.0,1431.0,1613.0,1781.0,1888.0,-1.4,0.0044,0.0032,0.0052,0.0068,0.0116,0.0116,0.335,0.037,16,5,43.7
13051,Chatham,GA,2469.0,2530.0,2545.0,2493.0,2529.0,2850.0,3146.0,3335.0,2.4,0.009,0.0061,0.005,0.0048,0.009,0.0092,0.244,0.0439,11,4,40.4
13053,Chattahoochee,GA,1380.0,1409.0,1444.0,1475.0,1426.0,1607.0,1774.0,1880.0,3.3,0.0159,0.0042,0.0,0.015,0.0142,0.0076,0.29,0.0568,8,2,32.8
13055,Chattooga,GA,1435.0,1466.0,1489.0,1531.0,1565.0,1763.0,1947.0,2063.0,9.1,0.0131,0.0067,0.0053,0.0122,0.016,0.0114,0.51,0.0424,8,2,61.3
13057,Cherokee,GA,1624.0,1663.0,1686.0,1728.0,1792.0,2019.0,2229.0,2363.0,10.3,0.0094,0.0041,0.0021,0.0031,0.0035,0.0049,0.589,0.0696,11,3,56.4
13059,Clarke,GA,1439.0,1487.0,1496.0,1504.0,1530.0,1724.0,1903.0,2017.0,6.3,0.0135,0.008,0.0047,0.0031,0.0044,0.0067,0.484,0.0634,8,2,46.4
13061,Clay,GA,1526.0,1624.0,1568.0,1545.0,1534.0,1729.0,1909.0,2023.0,0.5,0.0,0.004,0.0153,0.0074,0.0127,0.0142,0.482,0.1059,9,1,45.6
13063,Clayton,GA,1583.0,1621.0,1628.0,1653.0,1728.0,1947.0,2149.0,2278.0,9.2,0.0146,0.01,0.0065,0.0074,0.0104,0.0133,0.58,0.0736,7,2,66.7
13065,Clinch,GA,1489.0,1482.0,1508.0,1497.0,1535.0,1730.0,1910.0,2025.0,3.1,0.0065,0.0064,0.0062,0.0113,0.0179,0.0151,0.43,0.0909,14,6,60.8
13067,Cobb,GA,1708.0,1756.0,1783.0,1834.0,1913.0,2156.0,2380.0,2523.0,12.0,0.0116,0.0059,0.0042,0.0042,0.0052,0.0073,0.657,0.0819,9,2,62.0
13069,Coffee,GA,1488.0,1492.0,1479.0,1415.0,1424.0,1605.0,1772.0,1878.0,-4.3,0.0106,0.0106,0.0027,0.0089,0.0103,0.0081,0.386,0.0571,14,5,36.3
13071,Colquitt,GA,1468.0,1504.0,1529.0,1523.0,1546.0,1742.0,1923.0,2038.0,5.3,0.0095,0.0064,0.002,0.0038,0.0101,0.006,0.494,0.0771,14,5,50.2
13073,Columbia,GA,1521.0,1535.0,1558.0,1555.0,1604.0,1808.0,1996.0,2116.0,5.5,0.0149,0.0079,0.0048,0.0038,0.0049,0.0074,0.424,0.0526,9,3,46.6
13075,Cook,GA,1495.0,1533.0,1542.0,1516.0,1431.0,1613.0,1781.0,1888.0,-4.3,0.0119,0.0118,0.0068,0.0064,0.0078,0.006,0.593,0.059,13,5,39.7
13077,Coweta,GA,1615.0,1669.0,1693.0,1726.0,1788.0,2015.0,2225.0,2358.0,10.7,0.0135,0.0046,0.003,0.0037,0.0054,0.007,0.685,0.0666,10,3,63.5
13079,Crawford,GA,1690.0,1670.0,1601.0,1496.0,1502.0,1692.0,1868.0,1981.0,-11.1,0.0139,0.0088,0.0061,0.0116,0.0099,0.0162,0.429,0.0608,13,2,40.5
13081,Crisp,GA,1518.0,1579.0,1601.0,1610.0,1613.0,1818.0,2007.0,2128.0,6.3,0.0094,0.0144,0.0139,0.0087,0.0104,0.0139,0.876,0.1594,12,4,71.8
13083,Dade,GA,1556.0,1562.0,1586.0,1627.0,1636.0,1843.0,2035.0,2157.0,5.1,0.0105,0.0052,0.0034,0.0094,0.0118,0.0133,0.487,0.0364,11,2,56.6
13085,Dawson,GA,1642.0,1669.0,1687.0,1677.0,1746.0,1967.0,2172.0,2302.0,6.3,0.0089,0.0044,0.003,0.0028,0.0033,0.0051,0.945,0.0551,12,4,56.0
13087,Decatur,GA,1557.0,1617.0,1640.0,1595.0,1556.0,1754.0,1937.0,2053.0,-0.1,0.0094,0.0129,0.0084,0.0108,0.0175,0.0132,1.945,0.2984,12,3,58.7
13089,DeKalb,GA,1760.0,1810.0,1830.0,1865.0,1955.0,2204.0,2433.0,2579.0,11.1,0.0145,0.0095,0.006,0.0068,0.0075,0.0111,0.568,0.0759,10,2,67.2
13091,Dodge,GA,1435.0,1500.0,1454.0,1415.0,1401.0,1579.0,1743.0,1848.0,-2.4,0.0079,0.007,0.0109,0.0085,0.0093,0.0085,0.564,0.0823,11,4,44.5
13093,Dooly,GA,1583.0,1589.0,1594.0,1599.0,1648.0,1858.0,2051.0,2174.0,4.1,0.0165,0.012,0.0028,0.0155,0.0132,0.0206,0.494,0.0952,10,3,63.2
13095,Dougherty,GA,1519.0,1579.0,1605.0,1635.0,1663.0,1874.0,2069.0,2193.0,9.5,0.0176,0.0243,0.0119,0.0099,0.0085,0.0096,1.118,0.1983,11,1,62.6
13097,Douglas,GA,1602.0,1632.0,1665.0,1710.0,1773.0,1998.0,2206.0,2338.0,10.7,0.0127,0.0066,0.004,0.0054,0.006,0.009,0.62,0.0876,11,3,66.3
13099,Early,GA,1614.0,1699.0,1734.0,1706.0,1732.0,1952.0,2155.0,2284.0,7.3,0.0097,0.0172,0.0226,0.0134,0.0148,0.0111,1.833,0.2916,9,1,61.5
13101,Echols,GA,1516.0,1563.0,1589.0,1601.0,1611.0,1816.0,2004.0,2125.0,6.3,0.009,0.0031,0.0014,0.0047,0.0076,0.0055,0.451,0.0742,15,6,50.8
13103,Effingham,GA,1632.0,1672.0,1675.0,1639.0,1685.0,1899.0,2097.0,2223.0,3.2,0.0142,0.0034,0.0027,0.0051,0.0048,0.0056,0.31,0.0441,11,4,35.6
13105,Elbert,GA,1425.0,1549.0,1522.0,1451.0,1498.0,1689.0,1864.0,1976.0,5.1,0.0108,0.0089,0.0102,0.0121,0.0109,0.0128,0.387,0.0426,12,3,55.2
13107,Emanuel,GA,1543.0,1566.0,1565.0,1520.0,1559.0,1757.0,1940.0,2056.0,1.0,0.0147,0.0056,0.0052,0.0078,0.0096,0.0103,0.41,0.0643,16,5,48.6
13109,Evans,GA,1448.0,1509.0,1523.0,1430.0,1429.0,1611.0,1778.0,1885.0,-1.3,0.0107,0.0093,0.0,0.0023,0.0074,0.0111,0.187,0.032,13,5,39.3
13111,Fannin,GA,1683.0,1711.0,1748.0,1794.0,1869.0,2106.0,2326.0,2465.0,11.1,0.0086,0.0034,0.0032,0.004,0.0044,0.0072,0.366,0.0293,12,4,53.7
13113,Fayette,GA,1917.0,1975.0,2000.0,2053.0,2115.0,2384.0,2632.0,2790.0,10.3,0.0111,0.0061,0.004,0.0038,0.0043,0.0067,0.493,0.0581,8,2,52.1
13115,Floyd,GA,1582.0,1636.0,1633.0,1674.0,1694.0,1909.0,2108.0,2234.0,7.1,0.0068,0.0053,0.0052,0.0089,0.0092,0.0085,0.434,0.0513,9,2,49.5
13117,Forsyth,GA,1650.0,1708.0,1760.0,1810.0,1908.0,2151.0,2374.0,2517.0,15.6,0.011,0.0039,0.0022,0.0022,0.0033,0.0053,0.674,0.0754,10,3,64.1
13119,Franklin,GA,1485.0,1531.0,1541.0,1516.0,1551.0,1748.0,1929.0,2045.0,4.4,0.0158,0.0108,0.0039,0.007,0.0074,0.016,0.495,0.0511,11,4,64.1
13121,Fulton,GA,2241.0,2299.0,2327.0,2384.0,2489.0,2805.0,3097.0,3282.0,11.1,0.0124,0.008,0.0053,0.0059,0.0074,0.0101,0.587,0.0784,12,3,69.5
13123,Gilmer,GA,1597.0,1639.0,1665.0,1725.0,1749.0,1971.0,2176.0,2306.0,9.5,0.0045,0.0037,0.0022,0.0046,0.0066,0.0094,0.442,0.0408,13,5,63.1
13125,Glascock,GA,1459.0,1524.0,1538.0,1384.0,1385.0,1561.0,1724.0,1827.0,-5.1,0.0131,0.0033,0.0094,0.009,0.0111,0.0056,0.497,0.0423,10,3,31.1
13127,Glynn,GA,3826.0,3953.0,4189.0,4238.0,4232.0,4769.0,5265.0,5581.0,10.6,0.0087,0.0045,0.0025,0.0043,0.013,0.0105,0.203,0.0318,13,4,55.8
13129,Gordon,GA,1559.0,1550.0,1558.0,1569.0,1586.0,1787.0,1973.0,2092.0,1.7,0.0146,0.0052,0.0032,0.0053,0.0073,0.0077,0.387,0.0463,9,3,38.6
13131,Grady,GA,1603.0,1662.0,1663.0,1618.0,1589.0,1790.0,1977.0,2095.0,-0.9,0.0097,0.0102,0.0081,0.008,0.0109,0.0086,0.77,0.129,11,3,48.5
13133,Greene,GA,2077.0,2157.0,2212.0,2180.0,2243.0,2528.0,2791.0,2958.0,8.0,0.0043,0.0032,0.0055,0.0051,0.006,0.0046,0.383,0.0568,12,3,43.7
13135,Gwinnett,GA,1596.0,1657.0,1694.0,1732.0,1821.0,2053.0,2266.0,2402.0,14.1,0.0104,0.0061,0.0036,0.0043,0.0048,0.0072,0.662,0.0831,8,2,61.5
13137,Habersham,GA,1588.0,1607.0,1605.0,1594.0,1626.0,1833.0,2024.0,2145.0,2.4,0.0099,0.0073,0.0038,0.0032,0.0069,0.0082,0.555,0.0642,13,4,50.6
13139,Hall,GA,1503.0,1535.0,1555.0,1563.0,1621.0,1827.0,2017.0,2138.0,7.9,0.0086,0.0049,0.0036,0.0045,0.0049,0.0063,0.558,0.0683,9,3,54.7
13141,Hancock,GA,1561.0,1614.0,1581.0,1507.0,1501.0,1692.0,1868.0,1980.0,-3.8,0.0071,0.0111,0.0027,0.0058,0.0068,0.0037,0.251,0.0387,12,3,19.1
13143,Haralson,GA,1435.0,1468.0,1481.0,1493.0,1532.0,1727.0,1906.0,2021.0,6.8,0.0081,0.0048,0.0069,0.0063,0.0096,0.009,0.497,0.0624,10,3,56.7
13145,Harris,GA,1802.0,1835.0,1854.0,1839.0,1883.0,2122.0,2343.0,2484.0,4.5,0.0114,0.0043,0.0032,0.0072,0.0076,0.0102,0.62,0.0669,9,2,56.7
13147,Hart,GA,1415.0,1470.0,1502.0,1473.0,1496.0,1686.0,1861.0,1973.0,5.7,0.0078,0.007,0.005,0.0076,0.0064,0.0068,0.347,0.0396,10,3,43.6
13149,Heard,GA,1477.0,1502.0,1500.0,1539.0,1581.0,1781.0,1967.0,2085.0,7.0,0.0037,0.0046,0.007,0.005,0.0119,0.0093,0.521,0.0379,12,4,62.2
13151,Henry,GA,1637.0,1694.0,1713.0,1737.0,1815.0,2045.0,2258.0,2393.0,10.9,0.0134,0.007,0.0039,0.0045,0.0062,0.009,0.561,0.0731,8,3,65.1
13153,Houston,GA,1487.0,1498.0,1525.0,1517.0,1530.0,1724.0,1903.0,2018.0,2.9,0.0116,0.006,0.0046,0.0054,0.0074,0.0085,0.436,0.0577,10,2,43.0
13155,Irwin,GA,1548.0,1631.0,1582.0,1591.0,1583.0,1784.0,1970.0,2088.0,2.3,0.0073,0.0135,0.007,0.0145,0.0094,0.0094,0.714,0.1157,10,3,54.9
13157,Jackson,GA,1545.0,1600.0,1608.0,1616.0,1653.0,1863.0,2057.0,2180.0,7.0,0.0097,0.005,0.0033,0.0032,0.0033,0.0046,0.53,0.0643,9,3,50.0
13159,Jasper,GA,1692.0,1754.0,1768.0,1762.0,1763.0,1987.0,2194.0,2326.0,4.2,0.0068,0.0047,0.0049,0.0075,0.0067,0.0105,0.399,0.0467,13,4,53.0
13161,Jeff Davis,GA,1476.0,1499.0,1478.0,1434.0,1451.0,1636.0,1806.0,1914.0,-1.7,0.0126,0.0055,0.0097,0.0025,0.0044,0.0107,0.315,0.0565,14,5,40.6
13163,Jefferson,GA,1498.0,1544.0,1563.0,1524.0,1569.0,1768.0,1952.0,2069.0,4.7,0.0082,0.0065,0.0053,0.0071,0.0114,0.0068,0.42,0.057,13,4,47.6
13165,Jenkins,GA,1542.0,1602.0,1578.0,1451.0,1533.0,1728.0,1907.0,2022.0,-0.6,0.0066,0.0065,0.0041,0.0057,0.0051,0.0091,0.432,0.054,16,6,45.4
13167,Johnson,GA,1439.0,1523.0,1491.0,1476.0,1440.0,1623.0,1792.0,1899.0,0.1,0.0106,0.0116,0.0057,0.007,0.0127,0.0112,0.713,0.0563,13,4,55.2
13169,Jones,GA,1603.0,1640.0,1664.0,1621.0,1620.0,1826.0,2016.0,2137.0,1.1,0.0091,0.0044,0.0077,0.008,0.0081,0.0101,0.436,0.061,11,2,44.3
13171,Lamar,GA,1496.0,1522.0,1520.0,1526.0,1526.0,1719.0,1898.0,2012.0,2.0,0.0084,0.0054,0.0035,0.0068,0.0109,0.0126,0.439,0.0439,14,3,52.3
13173,Lanier,GA,1545.0,1513.0,1604.0,1543.0,1543.0,1739.0,1920.0,2035.0,-0.1,0.0205,0.0022,0.0042,0.0093,0.0033,0.0066,1.003,0.0478,11,5,48.6
13175,Laurens,GA,1386.0,1435.0,1436.0,1393.0,1383.0,1558.0,1720.0,1824.0,-0.2,0.0051,0.0072,0.0063,0.0091,0.0091,0.01,0.386,0.0647,12,4,43.0
13177,Lee,GA,1532.0,1578.0,1557.0,1557.0,1587.0,1789.0,1975.0,2094.0,3.6,0.0185,0.0134,0.0081,0.0091,0.0063,0.0078,0.978,0.179,7,1,47.6
13179,Liberty,GA,1946.0,2005.0,1995.0,1873.0,1902.0,2143.0,2366.0,2508.0,-2.3,0.0096,0.0057,0.0048,0.0053,0.0065,0.0083,0.291,0.0619,11,4,31.9
13181,Lincoln,GA,1498.0,1498.0,1487.0,1437.0,1466.0,1652.0,1824.0,1934.0,-2.1,0.0094,0.005,0.0064,0.0061,0.0093,0.0134,0.272,0.0257,8,3,38.5
13183,Long,GA,1519.0,1535.0,1482.0,1439.0,1506.0,1698.0,1874.0,1987.0,-0.9,0.0172,0.0043,0.0046,0.0038,0.0055,0.0056,0.147,0.03,13,4,25.4
13185,Lowndes,GA,1525.0,1561.0,1567.0,1535.0,1556.0,1753.0,1936.0,2052.0,2.0,0.0135,0.0062,0.0061,0.0051,0.0081,0.008,0.333,0.0496,12,5,40.9
13187,Lumpkin,GA,1590.0,1531.0,1541.0,1589.0,1609.0,1813.0,2002.0,2122.0,1.2,0.0079,0.0039,0.0015,0.0034,0.0035,0.0091,0.504,0.0533,13,5,50.6
13189,McDuffie,GA,1412.0,1444.0,1433.0,1426.0,1446.0,1630.0,1799.0,1907.0,2.4,0.0128,0.0055,0.0062,0.0078,0.0051,0.0103,0.248,0.0352,10,3,40.8
13191,McIntosh,GA,1983.0,2006.0,2018.0,1929.0,1947.0,2194.0,2422.0,2568.0,-1.8,0.0091,0.009,0.0023,0.0042,0.0062,0.007,0.184,0.0273,15,4,27.2
13193,Macon,GA,1555.0,1582.0,1580.0,1501.0,1580.0,1780.0,1965.0,2083.0,1.6,0.0111,0.0172,0.0092,0.0128,0.03,0.0266,0.666,0.0676,9,2,59.3
13195,Madison,GA,1464.0,1534.0,1529.0,1485.0,1517.0,1710.0,1888.0,2001.0,3.6,0.0107,0.0052,0.0045,0.0047,0.0086,0.0046,0.409,0.0495,10,3,36.6
13197,Marion,GA,1576.0,1578.0,1576.0,1554.0,1589.0,1791.0,1977.0,2096.0,0.8,0.0096,0.0106,0.0121,0.0087,0.0068,0.0041,0.771,0.0484,8,2,39.7
13199,Meriwether,GA,1791.0,1799.0,1808.0,1774.0,1801.0,2030.0,2241.0,2375.0,0.6,0.0117,0.0069,0.0058,0.0055,0.0149,0.0148,0.396,0.0414,10,3,48.4
13201,Miller,GA,1548.0,1636.0,1635.0,1619.0,1645.0,1854.0,2047.0,2170.0,6.3,0.0235,0.0227,0.0061,0.0204,0.0028,0.0054,2.398,0.4015,9,1,50.1
13205,Mitchell,GA,1539.0,1571.0,1608.0,1637.0,1667.0,1879.0,2074.0,2198.0,8.3,0.0069,0.0082,0.0058,0.0108,0.0082,0.015,1.34,0.2011,12,3,74.4
13207,Monroe,GA,1683.0,1710.0,1724.0,1711.0,1719.0,1937.0,2139.0,2267.0,2.1,0.0068,0.0066,0.0034,0.0065,0.0072,0.0078,0.279,0.0426,13,3,36.5
13209,Montgomery,GA,1563.0,1615.0,1622.0,1649.0,1642.0,1850.0,2042.0,2165.0,5.1,0.0104,0.0026,0.0024,0.0044,0.0082,0.0166,0.41,0.0476,13,5,63.6
13211,Morgan,GA,1874.0,1938.0,1986.0,1953.0,1993.0,2246.0,2480.0,2629.0,6.4,0.0085,0.0048,0.0014,0.003,0.0071,0.0087,0.605,0.0553,10,2,57.6
13213,Murray,GA,1322.0,1324.0,1340.0,1291.0,1333.0,1502.0,1658.0,1758.0,0.8,0.0111,0.0069,0.0038,0.0072,0.0083,0.0077,0.499,0.0464,6,2,41.4
13215,Muscogee,GA,1674.0,1719.0,1719.0,1744.0,1784.0,2010.0,2220.0,2353.0,6.6,0.018,0.0098,0.0061,0.0087,0.0108,0.0158,0.563,0.0828,8,2,64.5
13217,Newton,GA,1684.0,1722.0,1732.0,1756.0,1811.0,2041.0,2253.0,2388.0,7.5,0.0105,0.0074,0.0051,0.0073,0.0086,0.0109,0.716,0.0877,13,4,69.8
13219,Oconee,GA,1636.0,1677.0,1711.0,1755.0,1808.0,2037.0,2249.0,2384.0,10.5,0.011,0.0048,0.0033,0.0034,0.0037,0.0048,0.558,0.0701,8,2,50.7
13221,Oglethorpe,GA,1512.0,1540.0,1566.0,1537.0,1573.0,1773.0,1957.0,2074.0,4.0,0.0093,0.0052,0.0071,0.0059,0.0072,0.004,0.291,0.0383,11,3,31.4
13223,Paulding,GA,1434.0,1467.0,1484.0,1519.0,1580.0,1780.0,1965.0,2083.0,10.2,0.0122,0.0046,0.003,0.0034,0.0052,0.0051,0.599,0.0829,10,4,59.4
13225,Peach,GA,1486.0,1524.0,1528.0,1518.0,1523.0,1716.0,1895.0,2008.0,2.5,0.012,0.009,0.0059,0.0072,0.0085,0.01,0.436,0.0608,10,2,46.7
13227,Pickens,GA,1755.0,1777.0,1779.0,1801.0,1805.0,2035.0,2246.0,2381.0,2.8,0.0079,0.0031,0.0025,0.0035,0.0047,0.005,0.488,0.0595,14,4,41.3
13229,Pierce,GA,1495.0,1534.0,1533.0,1504.0,1502.0,1693.0,1869.0,1981.0,0.5,0.0113,0.0037,0.0047,0.0087,0.0049,0.0079,0.428,0.0573,14,5,42.8
13231,Pike,GA,1693.0,1737.0,1740.0,1730.0,1754.0,1977.0,2183.0,2314.0,3.6,0.008,0.0052,0.0063,0.0054,0.0055,0.0062,0.403,0.0435,12,4,41.7
13233,Polk,GA,1516.0,1567.0,1543.0,1585.0,1616.0,1821.0,2011.0,2131.0,6.6,0.0097,0.0058,0.0061,0.0074,0.0087,0.0103,0.622,0.0742,8,2,59.6
13235,Pulaski,GA,1643.0,1669.0,1658.0,1603.0,1613.0,1817.0,2006.0,2127.0,-1.8,0.0078,0.0056,0.0044,0.0131,0.0159,0.0083,0.466,0.104,10,3,37.5
13237,Putnam,GA,1735.0,1757.0,1770.0,1714.0,1718.0,1936.0,2137.0,2266.0,-1.0,0.0054,0.0026,0.0052,0.0055,0.0043,0.0082,0.352,0.0524,11,3,34.8
13239,Quitman,GA,1453.0,1463.0,1384.0,1382.0,1337.0,1507.0,1664.0,1764.0,-8.0,0.0082,0.0052,0.0118,0.0066,0.0104,0.019,0.474,0.0954,6,1,40.1
13241,Rabun,GA,2063.0,2087.0,2118.0,2095.0,2143.0,2415.0,2666.0,2826.0,3.9,0.009,0.0073,0.0035,0.0032,0.0056,0.0059,0.35,0.0328,13,5,41.4
13243,Randolph,GA,1642.0,1702.0,1721.0,1666.0,1632.0,1840.0,2031.0,2153.0,-0.6,0.0147,0.011,0.008,0.0142,0.0184,0.009,0.939,0.1522,7,1,43.9
13245,Richmond,GA,1491.0,1522.0,1537.0,1522.0,1554.0,1751.0,1933.0,2049.0,4.2,0.0149,0.0114,0.0077,0.0078,0.0106,0.0167,0.477,0.0721,10,4,62.7
13247,Rockdale,GA,1755.0,1790.0,1839.0,1898.0,2004.0,2259.0,2494.0,2643.0,14.2,0.0135,0.0072,0.0046,0.0068,0.0087,0.0126,0.701,0.0971,8,2,73.9
13249,Schley,GA,1435.0,1482.0,1454.0,1459.0,1473.0,1660.0,1833.0,1943.0,2.6,0.0135,0.0128,0.0224,0.0154,0.0115,0.0116,0.237,0.0375,8,2,39.6
13251,Screven,GA,1665.0,1747.0,1710.0,1649.0,1632.0,1839.0,2030.0,2152.0,-2.0,0.0115,0.009,0.0063,0.0143,0.01,0.0087,0.205,0.0323,15,6,34.3
13253,Seminole,GA,1553.0,1626.0,1629.0,1611.0,1603.0,1807.0,1994.0,2114.0,3.2,0.0129,0.0246,0.0053,0.0144,0.0131,0.0111,2.689,0.3737,7,1,55.9
13255,Spalding,GA,1456.0,1484.0,1500.0,1532.0,1582.0,1783.0,1968.0,2087.0,8.7,0.0138,0.0067,0.0067,0.0063,0.0107,0.0113,0.506,0.0556,11,3,64.7
13257,Stephens,GA,1360.0,1408.0,1397.0,1407.0,1436.0,1619.0,1787.0,1894.0,5.6,0.0102,0.0129,0.0053,0.0092,0.0105,0.0106,0.497,0.0644,12,4,59.5
13259,Stewart,GA,1609.0,1648.0,1636.0,1570.0,1597.0,1800.0,1987.0,2106.0,-0.7,0.0118,0.0038,0.0171,0.0123,0.0111,0.0182,0.307,0.0793,9,2,41.0
13261,Sumter,GA,1485.0,1493.0,1516.0,1501.0,1548.0,1745.0,1927.0,2042.0,4.2,0.0128,0.0092,0.0107,0.0164,0.0187,0.0149,0.618,0.0864,9,2,61.4
13263,Talbot,GA,1652.0,1656.0,1612.0,1641.0,1648.0,1858.0,2051.0,2174.0,-0.2,0.0121,0.0116,0.0108,0.012,0.006,0.0179,0.644,0.057,8,2,55.4
13265,Taliaferro,GA,1542.0,1581.0,1598.0,1568.0,1652.0,1861.0,2055.0,2178.0,7.1,0.0057,0.0,0.0109,0.0209,0.0,0.0,0.143,0.0292,12,3,34.3
13267,Tattnall,GA,1529.0,1540.0,1550.0,1432.0,1461.0,1646.0,1817.0,1926.0,-4.4,0.011,0.0084,0.006,0.0057,0.0107,0.0105,0.282,0.0361,16,6,37.8
13269,Taylor,GA,1518.0,1551.0,1550.0,1500.0,1495.0,1685.0,1860.0,1972.0,-1.5,0.0038,0.0038,0.0036,0.0052,0.0113,0.0146,0.474,0.0596,10,2,45.0
13271,Telfair,GA,1407.0,1453.0,1480.0,1415.0,1484.0,1672.0,1846.0,1957.0,5.5,0.0079,0.0031,0.0075,0.0141,0.0089,0.0122,0.458,0.071,11,4,60.6
13273,Terrell,GA,1588.0,1684.0,1714.0,1753.0,1686.0,1901.0,2098.0,2224.0,6.2,0.0135,0.0215,0.0147,0.0167,0.0166,0.014,1.021,0.2034,6,1,64.9
13275,Thomas,GA,1788.0,1831.0,1806.0,1803.0,1770.0,1995.0,2203.0,2335.0,-1.0,0.0162,0.0094,0.0078,0.0097,0.0079,0.0115,0.408,0.071,13,5,47.1
13277,Tift,GA,1514.0,1568.0,1593.0,1597.0,1599.0,1802.0,1989.0,2109.0,5.6,0.0125,0.0075,0.0046,0.0046,0.0073,0.0068,0.424,0.0697,13,5,49.7
13279,Toombs,GA,1521.0,1555.0,1567.0,1524.0,1545.0,1741.0,1922.0,2037.0,1.6,0.0138,0.006,0.0059,0.0055,0.0084,0.0073,0.34,0.0481,15,6,39.6
13281,Towns,GA,1585.0,1619.0,1644.0,1644.0,1672.0,1884.0,2080.0,2205.0,5.5,0.0059,0.0035,0.005,0.0052,0.0036,0.0069,0.269,0.0287,9,3,39.4
13283,Treutlen,GA,1379.0,1397.0,1403.0,1327.0,1357.0,1529.0,1688.0,1789.0,-1.6,0.0028,0.0099,0.0028,0.012,0.0103,0.0118,0.716,0.0594,14,5,55.7
13285,Troup,GA,1673.0,1689.0,1712.0,1717.0,1745.0,1966.0,2171.0,2301.0,4.3,0.0119,0.0037,0.0045,0.0066,0.0099,0.0134,0.424,0.0553,9,3,56.9
13287,Turner,GA,1585.0,1625.0,1581.0,1582.0,1613.0,1818.0,2007.0,2127.0,1.8,0.0205,0.0222,0.0015,0.0,0.0077,0.0137,0.85,0.1454,13,3,59.8
13289,Twiggs,GA,1772.0,1743.0,1710.0,1688.0,1566.0,1765.0,1949.0,2066.0,-11.6,0.0139,0.0103,0.0109,0.0109,0.0129,0.0097,0.336,0.0579,12,3,32.2
13291,Union,GA,1519.0,1538.0,1563.0,1595.0,1619.0,1825.0,2015.0,2136.0,6.6,0.006,0.0027,0.0039,0.0048,0.0048,0.0063,0.315,0.0304,10,3,42.6
13293,Upson,GA,1421.0,1458.0,1480.0,1479.0,1508.0,1700.0,1876.0,1989.0,6.1,0.008,0.004,0.0051,0.0061,0.0097,0.0107,0.471,0.0435,15,2,55.3
13295,Walker,GA,1535.0,1567.0,1582.0,1605.0,1629.0,1836.0,2026.0,2148.0,6.1,0.0129,0.0058,0.0036,0.0097,0.0116,0.0125,0.379,0.0434,10,2,53.4
13297,Walton,GA,1639.0,1670.0,1684.0,1714.0,1762.0,1986.0,2193.0,2324.0,7.5,0.0117,0.0048,0.0048,0.0053,0.0054,0.0062,0.612,0.0708,7,2,51.6
13299,Ware,GA,1447.0,1512.0,1508.0,1510.0,1510.0,1701.0,1878.0,1991.0,4.4,0.0113,0.0048,0.0038,0.0105,0.0119,0.0087,0.395,0.0559,18,5,50.4
13301,Warren,GA,1511.0,1566.0,1604.0,1523.0,1561.0,1760.0,1943.0,2059.0,3.3,0.0055,0.0166,0.013,0.005,0.0109,0.0117,0.25,0.0313,10,3,44.4
13303,Washington,GA,1556.0,1626.0,1564.0,1492.0,1493.0,1682.0,1857.0,1969.0,-4.0,0.0092,0.0114,0.0095,0.0079,0.008,0.0082,0.459,0.0616,11,3,35.1
13305,Wayne,GA,1590.0,1634.0,1638.0,1614.0,1651.0,1860.0,2054.0,2177.0,3.8,0.0133,0.0053,0.0032,0.0048,0.0076,0.0092,0.349,0.0411,14,5,48.6
13307,Webster,GA,,,,,,,,,,0.0,0.0094,0.036,0.0263,0.0086,0.0095,,,10,2,
13309,Wheeler,GA,1481.0,1491.0,1461.0,1464.0,1435.0,1617.0,1785.0,1892.0,-3.1,0.0096,0.0096,0.0,0.0,0.018,0.016,0.288,0.0574,11,4,41.3
13311,White,GA,1611.0,1623.0,1640.0,1668.0,1706.0,1922.0,2122.0,2250.0,5.9,0.0054,0.0044,0.0045,0.0064,0.0062,0.0067,0.491,0.06,14,5,53.5
13313,Whitfield,GA,1409.0,1440.0,1450.0,1476.0,1507.0,1698.0,1875.0,1987.0,7.0,0.0094,0.0052,0.0035,0.0064,0.009,0.0083,0.438,0.0521,7,2,50.9
13315,Wilcox,GA,1568.0,1576.0,1572.0,1576.0,1677.0,1890.0,2086.0,2212.0,7.0,0.0063,0.01,0.0058,0.0037,0.0117,0.0088,0.7,0.1038,12,4,64.7
13317,Wilkes,GA,1461.0,1506.0,1474.0,1489.0,1483.0,1672.0,1845.0,1956.0,1.5,0.0128,0.0062,0.002,0.0134,0.008,0.0124,0.216,0.0287,13,3,42.5
13319,Wilkinson,GA,1544.0,1577.0,1542.0,1490.0,1482.0,1671.0,1844.0,1955.0,-4.0,0.0145,0.0055,0.0093,0.0153,0.0076,0.0106,0.398,0.0519,12,3,37.0
13321,Worth,GA,1446.0,1534.0,1547.0,1549.0,1563.0,1761.0,1944.0,2061.0,8.1,0.0072,0.0123,0.005,0.008,0.0067,0.008,0.902,0.1631,13,3,63.7
15001,Hawaii,HI,1869.0,1871.0,1925.0,2019.0,2090.0,2356.0,2601.0,2757.0,11.8,0.0042,0.004,0.0029,0.0062,0.0109,0.0071,0.201,0.0158,19,5,50.8
15003,Honolulu,HI,1805.0,1797.0,1859.0,1962.0,1984.0,2235.0,2468.0,2616.0,9.9,0.0039,0.0038,0.0023,0.0046,0.0118,0.0153,0.342,0.0377,13,3,62.1
15007,Kauai,HI,2271.0,2264.0,2305.0,2435.0,2457.0,2769.0,3057.0,3240.0,8.2,0.0059,0.0063,0.0036,0.0042,0.0145,0.0112,0.214,0.0339,11,1,44.1
15009,Maui,HI,1789.0,1809.0,1867.0,2004.0,2079.0,2343.0,2587.0,2742.0,16.2,0.005,0.0052,0.0041,0.007,0.029,0.0143,0.311,0.0264,22,8,72.8
16001,Ada,ID,923.0,958.0,979.0,1045.0,1109.0,1250.0,1380.0,1463.0,20.2,0.0073,0.0066,0.0039,0.0041,0.0043,0.0058,0.565,0.0403,3,0,54.8
16003,Adams,ID,1251.0,1239.0,1266.0,1348.0,1414.0,1594.0,1760.0,1865.0,13.0,0.0102,0.0098,0.0031,0.0086,0.0101,0.0186,0.425,0.0215,4,1,63.7
16005,Bannock,ID,944.0,995.0,1032.0,1101.0,1173.0,1322.0,1459.0,1547.0,24.3,0.0152,0.0167,0.0062,0.0057,0.0092,0.01,0.495,0.0395,2,0,60.7
16007,Bear Lake,ID,1102.0,1127.0,1156.0,1255.0,1313.0,1480.0,1634.0,1732.0,19.1,0.0084,0.012,0.0044,0.0083,0.0158,0.016,0.275,0.0146,1,0,57.3
16009,Benewah,ID,1047.0,1067.0,1087.0,1141.0,1163.0,1311.0,1447.0,1534.0,11.1,0.0145,0.0113,0.0096,0.0086,0.0135,0.0209,0.42,0.0213,6,2,67.1
16011,Bingham,ID,1027.0,1082.0,1097.0,1187.0,1243.0,1400.0,1546.0,1639.0,21.0,0.0144,0.0134,0.0071,0.0096,0.0087,0.0089,0.651,0.0448,3,0,64.8
16013,Blaine,ID,3433.0,3533.0,3583.0,3765.0,3790.0,4272.0,4716.0,4999.0,10.4,0.0054,0.0026,0.0047,0.0111,0.0225,0.028,0.256,0.0257,6,1,57.1
16015,Boise,ID,1165.0,1206.0,1232.0,1298.0,1375.0,1550.0,1711.0,1814.0,18.0,0.0098,0.0154,0.0113,0.0145,0.0239,0.0287,0.507,0.0309,3,0,70.6
16017,Bonner,ID,1443.0,1446.0,1477.0,1520.0,1558.0,1756.0,1939.0,2055.0,8.0,0.0083,0.0081,0.0077,0.008,0.0125,0.014,0.542,0.024,9,3,68.1
16019,Bonneville,ID,1061.0,1140.0,1147.0,1222.0,1291.0,1455.0,1606.0,1703.0,21.7,0.0083,0.0128,0.0065,0.007,0.0083,0.0099,1.189,0.1204,2,0,67.4
16021,Boundary,ID,1172.0,1174.0,1205.0,1255.0,1333.0,1503.0,1659.0,1759.0,13.7,0.0096,0.0101,0.0053,0.0081,0.0185,0.0157,0.305,0.0207,4,1,59.1
16023,Butte,ID,1034.0,1128.0,1059.0,1285.0,1178.0,1327.0,1465.0,1553.0,13.9,0.0,0.0039,0.0071,0.0101,0.0167,0.0201,1.402,0.0344,1,0,72.6
16025,Camas,ID,1222.0,1268.0,1232.0,1372.0,1364.0,1537.0,1697.0,1798.0,11.6,0.0,0.005,0.0046,0.0081,0.0192,0.0164,0.223,0.0203,3,0,52.2
16027,Canyon,ID,893.0,925.0,936.0,1007.0,1039.0,1171.0,1293.0,1370.0,16.3,0.0078,0.0079,0.0056,0.0052,0.0059,0.0069,0.611,0.0438,2,0,53.3
16029,Caribou,ID,1068.0,1153.0,1136.0,1236.0,1306.0,1471.0,1624.0,1722.0,22.3,0.0086,0.0068,0.0039,0.0037,0.012,0.011,0.376,0.0296,1,0,59.5
16031,Cassia,ID,959.0,1006.0,1014.0,1102.0,1170.0,1319.0,1456.0,1543.0,22.0,0.0064,0.0067,0.0059,0.0097,0.011,0.0094,0.53,0.0396,2,0,63.5
16033,Clark,ID,959.0,1000.0,1023.0,1047.0,1185.0,1335.0,1474.0,1563.0,23.6,0.0128,0.0,0.0,0.0238,0.022,0.0125,0.286,0.0215,2,0,56.4
16035,Clearwater,ID,1022.0,1029.0,1034.0,1101.0,1156.0,1303.0,1438.0,1524.0,13.1,0.0068,0.0084,0.0056,0.0087,0.0122,0.0131,0.599,0.0169,6,1,66.5
16037,Custer,ID,1551.0,1705.0,1679.0,1764.0,1769.0,1994.0,2201.0,2333.0,14.1,0.0096,0.012,0.0085,0.0123,0.0109,0.0086,0.303,0.0142,3,0,47.3
16039,Elmore,ID,906.0,944.0,972.0,1042.0,1083.0,1220.0,1347.0,1428.0,19.5,0.0075,0.0071,0.0045,0.005,0.0066,0.0071,0.557,0.0387,6,0,54.8
16041,Franklin,ID,1097.0,1133.0,1168.0,1267.0,1319.0,1487.0,1641.0,1740.0,20.2,0.0081,0.0125,0.0057,0.0076,0.0112,0.0094,0.39,0.0247,2,0,53.9
16043,Fremont,ID,1302.0,1402.0,1430.0,1527.0,1580.0,1780.0,1965.0,2083.0,21.4,0.0207,0.0124,0.0067,0.0153,0.0152,0.0174,0.426,0.0288,1,0,64.5
16045,Gem,ID,962.0,1008.0,1020.0,1083.0,1136.0,1280.0,1413.0,1498.0,18.1,0.007,0.0093,0.005,0.004,0.0095,0.0082,0.489,0.0352,3,1,60.0
16047,Gooding,ID,886.0,924.0,944.0,1024.0,1021.0,1151.0,1270.0,1347.0,15.2,0.0045,0.0103,0.0062,0.0076,0.0138,0.0085,0.536,0.0347,3,0,55.4
16049,Idaho,ID,1112.0,1105.0,1120.0,1161.0,1188.0,1339.0,1479.0,1567.0,6.8,0.0079,0.0087,0.0067,0.0087,0.013,0.0153,0.51,0.0208,11,2,64.9
16051,Jefferson,ID,1039.0,1121.0,1147.0,1213.0,1282.0,1444.0,1594.0,1690.0,23.4,0.0073,0.007,0.0046,0.0075,0.0084,0.0112,0.603,0.0419,2,0,67.1
16053,Jerome,ID,926.0,965.0,989.0,1047.0,1080.0,1217.0,1343.0,1424.0,16.6,0.0061,0.0108,0.0054,0.0077,0.0074,0.007,0.583,0.0303,3,0,55.4
16055,Kootenai,ID,1178.0,1215.0,1217.0,1289.0,1335.0,1504.0,1661.0,1760.0,13.3,0.0052,0.0066,0.0052,0.0046,0.0054,0.0075,0.481,0.0314,8,2,56.9
16057,Latah,ID,1080.0,1143.0,1134.0,1174.0,1195.0,1346.0,1486.0,1576.0,10.6,0.0051,0.0043,0.0043,0.0056,0.0048,0.0059,0.324,0.0169,6,3,47.0
16059,Lemhi,ID,1152.0,1154.0,1169.0,1309.0,1297.0,1462.0,1614.0,1711.0,12.6,0.0062,0.008,0.0058,0.0134,0.0161,0.0134,0.325,0.0237,2,0,53.3
16061,Lewis,ID,959.0,1069.0,1092.0,1103.0,1163.0,1311.0,1447.0,1534.0,21.3,0.0048,0.0093,0.014,0.0297,0.0324,0.008,0.321,0.0227,7,2,57.3
16063,Lincoln,ID,1024.0,1013.0,1005.0,1128.0,1108.0,1249.0,1378.0,1461.0,8.2,0.0067,0.0151,0.0161,0.0109,0.0154,0.0084,0.509,0.0215,3,0,47.3
16065,Madison,ID,1090.0,1188.0,1213.0,1237.0,1271.0,1432.0,1581.0,1676.0,16.6,0.0079,0.0047,0.0039,0.0084,0.0099,0.0072,0.687,0.0524,1,0,57.1
16067,Minidoka,ID,864.0,911.0,927.0,1003.0,1039.0,1171.0,1293.0,1370.0,20.3,0.0047,0.0099,0.0041,0.0043,0.0086,0.0076,0.434,0.0344,2,0,54.5
16069,Nez Perce,ID,1054.0,1048.0,1061.0,1093.0,1131.0,1275.0,1408.0,1492.0,7.3,0.0039,0.0062,0.0049,0.0037,0.0062,0.0087,0.484,0.021,7,4,58.1
16071,Oneida,ID,992.0,1045.0,1165.0,1224.0,1284.0,1447.0,1597.0,1693.0,29.4,0.0052,0.0166,0.011,0.0105,0.0114,0.0132,0.578,0.0302,1,0,70.9
16073,Owyhee,ID,1057.0,1079.0,1076.0,1155.0,1181.0,1331.0,1470.0,1558.0,11.7,0.0075,0.0128,0.0084,0.0051,0.0106,0.0103,1.071,0.0507,2,0,63.3
16075,Payette,ID,1007.0,1059.0,1041.0,1112.0,1138.0,1283.0,1416.0,1501.0,13.0,0.0087,0.0076,0.0054,0.0052,0.0116,0.0104,0.746,0.0387,2,0,64.7
16077,Power,ID,955.0,984.0,1008.0,1095.0,1159.0,1306.0,1442.0,1528.0,21.4,0.0145,0.0169,0.0066,0.0088,0.0088,0.0068,0.698,0.0442,2,0,58.6
16079,Shoshone,ID,924.0,934.0,956.0,1031.0,1063.0,1198.0,1322.0,1402.0,15.0,0.011,0.0094,0.0059,0.0087,0.0169,0.0128,0.547,0.0249,7,3,74.3
16081,Teton,ID,1637.0,1692.0,1732.0,1844.0,1969.0,2219.0,2450.0,2597.0,20.3,0.0064,0.008,0.0063,0.008,0.009,0.0089,0.214,0.0215,1,0,47.5
16083,Twin Falls,ID,934.0,975.0,990.0,1052.0,1092.0,1230.0,1358.0,1440.0,16.9,0.0074,0.0092,0.0049,0.0053,0.0064,0.0073,0.586,0.0308,2,0,57.5
16085,Valley,ID,1352.0,1428.0,1496.0,1624.0,1753.0,1975.0,2181.0,2312.0,29.7,0.0057,0.008,0.005,0.007,0.0125,0.0113,0.636,0.0284,9,1,71.5
16087,Washington,ID,1040.0,1114.0,1124.0,1151.0,1197.0,1349.0,1489.0,1578.0,15.1,0.0086,0.0104,0.0059,0.0075,0.0106,0.008,0.752,0.0296,3,0,60.6
17001,Adams,IL,1300.0,1367.0,1428.0,1451.0,1498.0,1688.0,1864.0,1975.0,15.2,0.0049,0.0047,0.0035,0.0075,0.0074,0.0054,0.303,0.0339,10,0,40.0
17003,Alexander,IL,1524.0,1576.0,1643.0,1734.0,1775.0,2001.0,2209.0,2342.0,16.5,0.0125,0.0146,0.0074,0.0237,0.0127,0.0169,0.485,0.0505,6,0,64.7
17005,Bond,IL,1364.0,1413.0,1513.0,1522.0,1530.0,1724.0,1904.0,2018.0,12.2,0.0066,0.0054,0.0054,0.0119,0.0106,0.0138,0.318,0.0399,5,1,56.2
17007,Boone,IL,1445.0,1490.0,1545.0,1644.0,1706.0,1923.0,2123.0,2250.0,18.1,0.0052,0.0073,0.004,0.0085,0.0083,0.0092,0.638,0.0705,5,0,64.1
17009,Brown,IL,1335.0,1387.0,1386.0,1469.0,1455.0,1640.0,1811.0,1919.0,9.0,0.0067,0.0043,0.0085,0.004,0.0187,0.0078,1.317,0.1403,6,0,53.2
17011,Bureau,IL,1265.0,1322.0,1377.0,1424.0,1479.0,1666.0,1840.0,1950.0,16.9,0.0047,0.0096,0.0037,0.0088,0.006,0.0077,0.601,0.0628,7,0,57.9
17013,Calhoun,IL,1441.0,1494.0,1570.0,1618.0,1639.0,1848.0,2040.0,2162.0,13.7,0.0054,0.0056,0.0028,0.0191,0.0086,0.0059,0.326,0.0384,9,1,42.0
17015,Carroll,IL,1224.0,1269.0,1321.0,1372.0,1436.0,1619.0,1787.0,1894.0,17.3,0.0047,0.0048,0.0061,0.006,0.0081,0.0106,0.432,0.0458,7,0,58.1
17017,Cass,IL,1289.0,1339.0,1378.0,1411.0,1451.0,1635.0,1805.0,1913.0,12.6,0.0037,0.0062,0.0037,0.013,0.0136,0.0085,0.396,0.0367,7,1,52.4
17019,Champaign,IL,1249.0,1302.0,1345.0,1397.0,1436.0,1618.0,1786.0,1893.0,15.0,0.0047,0.0053,0.0036,0.0073,0.0064,0.0066,0.958,0.0957,3,0,55.4
17021,Christian,IL,1369.0,1431.0,1479.0,1525.0,1547.0,1744.0,1925.0,2041.0,13.0,0.0056,0.0049,0.0035,0.0104,0.0075,0.0079,0.559,0.0573,5,1,58.7
17023,Clark,IL,1355.0,1428.0,1477.0,1535.0,1579.0,1779.0,1964.0,2082.0,16.5,0.0052,0.006,0.0063,0.0115,0.0091,0.0095,0.352,0.0405,6,1,56.8
17025,Clay,IL,1282.0,1322.0,1398.0,1436.0,1482.0,1670.0,1843.0,1954.0,15.6,0.0075,0.0099,0.0049,0.0035,0.0089,0.0101,0.29,0.0404,3,0,47.3
17027,Clinton,IL,1462.0,1516.0,1574.0,1607.0,1647.0,1856.0,2049.0,2172.0,12.7,0.0025,0.003,0.0019,0.0041,0.0037,0.0055,0.308,0.0346,2,0,38.0
17029,Coles,IL,1217.0,1274.0,1316.0,1376.0,1422.0,1603.0,1770.0,1876.0,16.8,0.0061,0.0062,0.0061,0.0092,0.0081,0.009,0.525,0.0579,6,2,67.6
17031,Cook,IL,1687.0,1697.0,1760.0,1795.0,1847.0,2081.0,2297.0,2435.0,9.5,0.006,0.007,0.0064,0.0083,0.0071,0.0069,0.603,0.0665,10,3,57.7
17033,Crawford,IL,1320.0,1372.0,1419.0,1464.0,1503.0,1694.0,1870.0,1982.0,13.9,0.0086,0.0035,0.0048,0.0083,0.0042,0.0076,0.335,0.0409,5,0,45.9
17035,Cumberland,IL,1266.0,1312.0,1341.0,1409.0,1453.0,1638.0,1808.0,1917.0,14.8,0.0077,0.0059,0.0042,0.0076,0.0113,0.0073,0.531,0.0464,5,1,55.1
17037,DeKalb,IL,1296.0,1331.0,1385.0,1443.0,1500.0,1691.0,1867.0,1979.0,15.7,0.0039,0.006,0.0042,0.0063,0.0052,0.0066,0.716,0.069,6,0,56.9
17039,De Witt,IL,1317.0,1358.0,1401.0,1469.0,1506.0,1698.0,1874.0,1987.0,14.4,0.3333,0.0063,0.0025,0.0093,0.0076,0.0078,0.373,0.0484,5,1,50.8
17041,Douglas,IL,1254.0,1298.0,1348.0,1415.0,1480.0,1668.0,1841.0,1952.0,18.0,0.0055,0.0069,0.0072,0.0085,0.0074,0.0073,0.348,0.0435,7,1,50.6
17043,DuPage,IL,1601.0,1633.0,1698.0,1735.0,1771.0,1995.0,2203.0,2335.0,10.6,0.0035,0.0042,0.0028,0.0051,0.0073,0.0074,0.781,0.0802,6,0,54.7
17045,Edgar,IL,1354.0,1384.0,1415.0,1485.0,1525.0,1718.0,1897.0,2011.0,12.6,0.0069,0.006,0.0055,0.0146,0.015,0.0096,0.414,0.0487,5,1,56.8
17047,Edwards,IL,1322.0,1373.0,1436.0,1469.0,1535.0,1730.0,1910.0,2024.0,16.1,0.0031,0.0139,0.0,0.0046,0.0047,0.0047,0.335,0.0332,3,0,37.6
17049,Effingham,IL,1285.0,1354.0,1423.0,1486.0,1519.0,1711.0,1889.0,2003.0,18.2,0.0044,0.0048,0.0028,0.0046,0.0053,0.0051,0.282,0.038,4,1,42.2
17051,Fayette,IL,1298.0,1351.0,1396.0,1415.0,1463.0,1649.0,1821.0,1930.0,12.7,0.005,0.0063,0.004,0.0078,0.0101,0.0082,0.361,0.0329,6,1,49.9
17053,Ford,IL,1252.0,1279.0,1303.0,1372.0,1429.0,1610.0,1777.0,1884.0,14.1,0.008,0.0033,0.0027,0.0148,0.0118,0.0094,0.683,0.067,4,0,59.7
17055,Franklin,IL,1471.0,1524.0,1599.0,1614.0,1685.0,1899.0,2097.0,2223.0,14.5,0.0108,0.0149,0.0069,0.0105,0.0145,0.0116,0.646,0.0696,5,0,63.0
17057,Fulton,IL,1244.0,1282.0,1347.0,1407.0,1448.0,1631.0,1801.0,1909.0,16.4,0.0069,0.0052,0.0039,0.0095,0.0121,0.0098,0.7,0.0656,9,1,67.0
17059,Gallatin,IL,1532.0,1608.0,1659.0,1641.0,1682.0,1896.0,2093.0,2219.0,9.8,0.0074,0.0074,0.0056,0.0072,0.0036,0.0053,0.163,0.0325,6,0,29.5
17061,Greene,IL,1383.0,1454.0,1534.0,1587.0,1635.0,1842.0,2034.0,2156.0,18.2,0.007,0.0051,0.0044,0.0098,0.0061,0.0038,0.468,0.0332,8,0,48.2
17063,Grundy,IL,1425.0,1484.0,1564.0,1634.0,1679.0,1893.0,2090.0,2215.0,17.8,0.0035,0.0038,0.0038,0.0061,0.0052,0.0052,0.427,0.0501,7,0,44.5
17065,Hamilton,IL,1469.0,1505.0,1579.0,1631.0,1665.0,1876.0,2071.0,2195.0,13.3,0.0061,0.013,0.0057,0.0056,0.0055,0.0144,0.427,0.0391,5,0,57.2
17067,Hancock,IL,1258.0,1331.0,1395.0,1468.0,1536.0,1731.0,1911.0,2026.0,22.1,0.0055,0.0089,0.0098,0.0129,0.0123,0.0115,0.431,0.0497,10,1,65.0
17069,Hardin,IL,1456.0,1473.0,1570.0,1626.0,1685.0,1899.0,2096.0,2222.0,15.7,0.0159,0.0233,0.0073,0.015,0.0098,0.0085,0.249,0.0378,5,0,45.4
17071,Henderson,IL,1288.0,1315.0,1392.0,1412.0,1451.0,1635.0,1805.0,1914.0,12.7,0.0029,0.0072,0.0072,0.0095,0.0042,0.0014,0.423,0.0473,7,0,37.8
17073,Henry,IL,1262.0,1310.0,1366.0,1432.0,1489.0,1678.0,1852.0,1964.0,18.0,0.0047,0.0061,0.0046,0.0071,0.008,0.0083,0.46,0.0548,7,1,58.4
17075,Iroquois,IL,1317.0,1339.0,1407.0,1457.0,1508.0,1700.0,1877.0,1989.0,14.5,0.004,0.0061,0.0067,0.0156,0.0129,0.0092,0.51,0.0487,4,0,55.3
17077,Jackson,IL,1574.0,1623.0,1679.0,1735.0,1784.0,2011.0,2220.0,2353.0,13.3,0.0061,0.0101,0.0036,0.0081,0.0062,0.0097,0.327,0.0396,6,0,46.2
17079,Jasper,IL,1334.0,1401.0,1440.0,1496.0,1557.0,1755.0,1937.0,2053.0,16.7,0.0057,0.0067,0.0056,0.0034,0.0047,0.0125,0.251,0.0424,5,0,52.1
17081,Jefferson,IL,1416.0,1474.0,1532.0,1587.0,1609.0,1813.0,2002.0,2122.0,13.6,0.0064,0.0108,0.0058,0.0083,0.0087,0.0072,0.467,0.0499,3,0,51.0
17083,Jersey,IL,1356.0,1431.0,1505.0,1518.0,1560.0,1758.0,1941.0,2057.0,15.0,0.0041,0.0043,0.0042,0.0055,0.0048,0.0069,0.465,0.0395,6,1,55.0
17085,Jo Daviess,IL,1342.0,1397.0,1465.0,1495.0,1551.0,1748.0,1930.0,2046.0,15.6,0.0023,0.0042,0.0058,0.0058,0.0047,0.0059,0.224,0.0272,5,0,37.0
17087,Johnson,IL,1610.0,1632.0,1744.0,1728.0,1789.0,2016.0,2226.0,2359.0,11.1,0.0063,0.0049,0.0062,0.0134,0.0134,0.0063,0.419,0.0376,4,0,42.6
17089,Kane,IL,1455.0,1492.0,1565.0,1607.0,1658.0,1868.0,2063.0,2187.0,14.0,0.0043,0.0058,0.0046,0.0057,0.0055,0.0066,0.78,0.0785,6,0,55.6
17091,Kankakee,IL,1380.0,1404.0,1431.0,1460.0,1503.0,1693.0,1869.0,1982.0,8.9,0.0049,0.0071,0.0051,0.0083,0.0066,0.0059,0.541,0.0606,3,0,45.5
17093,Kendall,IL,1413.0,1450.0,1526.0,1574.0,1628.0,1834.0,2025.0,2147.0,15.2,0.0034,0.0057,0.0053,0.0069,0.0054,0.0079,1.058,0.1128,5,0,60.0
17095,Knox,IL,1222.0,1264.0,1311.0,1380.0,1435.0,1618.0,1786.0,1893.0,17.4,0.0091,0.0063,0.0044,0.0075,0.0088,0.0083,0.497,0.0553,6,0,56.0
17097,Lake,IL,1777.0,1800.0,1867.0,1881.0,1917.0,2161.0,2386.0,2529.0,7.9,0.0059,0.0054,0.0065,0.0056,0.0054,0.0065,0.665,0.0701,7,0,47.8
17099,LaSalle,IL,1328.0,1369.0,1416.0,1459.0,1501.0,1692.0,1868.0,1980.0,13.0,0.0066,0.0049,0.0037,0.0063,0.0062,0.0062,0.62,0.0628,9,0,50.8
17101,Lawrence,IL,1392.0,1413.0,1465.0,1503.0,1539.0,1735.0,1915.0,2030.0,10.6,0.006,0.0077,0.0042,0.0065,0.0088,0.0099,0.409,0.0467,6,0,49.1
17103,Lee,IL,1292.0,1319.0,1373.0,1435.0,1478.0,1666.0,1839.0,1950.0,14.4,0.0043,0.0055,0.0029,0.0055,0.0067,0.0064,0.933,0.0827,4,0,57.9
17105,Livingston,IL,1291.0,1334.0,1391.0,1473.0,1519.0,1711.0,1889.0,2003.0,17.7,0.0043,0.0059,0.0038,0.0117,0.0072,0.0093,0.496,0.0583,5,0,59.6
17107,Logan,IL,1335.0,1382.0,1444.0,1488.0,1544.0,1741.0,1922.0,2037.0,15.7,0.0049,0.0051,0.0046,0.0065,0.0089,0.0066,0.442,0.0503,6,1,51.9
17109,McDonough,IL,1210.0,1261.0,1312.0,1399.0,1461.0,1647.0,1818.0,1927.0,20.7,0.0075,0.0053,0.0043,0.0126,0.0095,0.009,0.295,0.0405,8,1,54.3
17111,McHenry,IL,1439.0,1468.0,1537.0,1575.0,1641.0,1849.0,2041.0,2164.0,14.0,0.0041,0.0048,0.0041,0.0046,0.0053,0.0054,0.876,0.0784,6,0,55.2
17113,McLean,IL,1264.0,1314.0,1369.0,1422.0,1467.0,1653.0,1825.0,1935.0,16.1,0.0029,0.0035,0.0023,0.0057,0.004,0.0039,0.527,0.0616,4,0,45.8
17115,Macon,IL,1257.0,1324.0,1377.0,1437.0,1477.0,1664.0,1838.0,1948.0,17.5,0.0056,0.0064,0.0047,0.0095,0.0084,0.0088,0.424,0.0462,4,1,58.1
17117,Macoupin,IL,1438.0,1502.0,1580.0,1621.0,1664.0,1875.0,2070.0,2195.0,15.7,0.0049,0.0055,0.0038,0.0083,0.0067,0.0079,0.462,0.0408,5,1,58.2
17119,Madison,IL,1447.0,1520.0,1600.0,1642.0,1689.0,1903.0,2101.0,2227.0,16.7,0.0057,0.0057,0.0041,0.0064,0.005,0.006,0.467,0.058,6,1,54.2
17121,Marion,IL,1320.0,1378.0,1425.0,1494.0,1525.0,1719.0,1897.0,2011.0,15.5,0.0081,0.0091,0.0048,0.0079,0.0101,0.0098,0.44,0.0473,4,0,55.9
17123,Marshall,IL,1254.0,1311.0,1379.0,1446.0,1464.0,1650.0,1821.0,1931.0,16.7,0.0069,0.0089,0.0068,0.0099,0.0137,0.01,0.396,0.051,5,0,53.5
17125,Mason,IL,1326.0,1354.0,1386.0,1421.0,1448.0,1632.0,1802.0,1910.0,9.2,0.0048,0.006,0.0064,0.0126,0.011,0.0131,0.41,0.0394,6,0,54.0
17127,Massac,IL,1509.0,1607.0,1706.0,1692.0,1765.0,1989.0,2196.0,2328.0,17.0,0.0115,0.0073,0.0062,0.0088,0.0105,0.0141,0.313,0.0399,7,0,56.6
17129,Menard,IL,1415.0,1483.0,1525.0,1579.0,1594.0,1796.0,1983.0,2102.0,12.7,0.0031,0.0041,0.003,0.0074,0.004,0.0037,0.287,0.035,6,1,38.7
17131,Mercer,IL,1283.0,1318.0,1384.0,1446.0,1498.0,1689.0,1864.0,1976.0,16.8,0.0033,0.0053,0.002,0.0093,0.0114,0.0098,0.626,0.0641,6,0,62.0
17133,Monroe,IL,1514.0,1600.0,1673.0,1723.0,1777.0,2002.0,2211.0,2343.0,17.4,0.0016,0.0025,0.0035,0.0031,0.0035,0.0053,0.375,0.043,7,1,49.3
17135,Montgomery,IL,1347.0,1408.0,1456.0,1502.0,1524.0,1717.0,1896.0,2010.0,13.1,0.0023,0.0056,0.0038,0.0091,0.0086,0.0086,0.409,0.0491,5,1,51.5
17137,Morgan,IL,1263.0,1355.0,1393.0,1435.0,1461.0,1646.0,1817.0,1926.0,15.7,0.0057,0.0053,0.0037,0.0046,0.0037,0.0068,0.357,0.0378,8,2,51.7
17139,Moultrie,IL,1234.0,1288.0,1356.0,1441.0,1468.0,1654.0,1827.0,1936.0,19.0,0.0046,0.0051,0.0022,0.0098,0.0116,0.0118,0.409,0.0495,6,2,66.2
17141,Ogle,IL,1285.0,1346.0,1392.0,1445.0,1486.0,1675.0,1849.0,1960.0,15.6,0.0047,0.006,0.0037,0.0078,0.0074,0.0073,0.651,0.0598,7,0,55.7
17143,Peoria,IL,1322.0,1374.0,1454.0,1513.0,1555.0,1752.0,1934.0,2050.0,17.6,0.0071,0.0073,0.0046,0.0082,0.0066,0.0069,0.478,0.0588,6,0,51.6
17145,Perry,IL,1399.0,1465.0,1533.0,1561.0,1598.0,1801.0,1989.0,2108.0,14.2,0.0107,0.0104,0.0047,0.0096,0.01,0.0062,0.536,0.0659,3,0,50.2
17147,Piatt,IL,1313.0,1374.0,1407.0,1481.0,1533.0,1728.0,1908.0,2022.0,16.8,0.0043,0.0046,0.0029,0.0064,0.0055,0.0071,0.364,0.0469,3,0,47.1
17149,Pike,IL,1313.0,1390.0,1419.0,1493.0,1510.0,1702.0,1879.0,1992.0,15.0,0.0059,0.008,0.0048,0.0157,0.0096,0.0129,0.414,0.0326,12,2,67.8
17151,Pope,IL,1564.0,1621.0,1655.0,1733.0,1745.0,1967.0,2171.0,2302.0,11.6,0.0084,0.0123,0.0103,0.0116,0.0099,0.0086,0.367,0.037,7,0,46.7
17153,Pulaski,IL,1570.0,1667.0,1727.0,1804.0,1910.0,2152.0,2376.0,2518.0,21.7,0.0097,0.0078,0.0056,0.0262,0.019,0.0299,0.449,0.0474,5,0,68.8
17155,Putnam,IL,1311.0,1355.0,1401.0,1429.0,1486.0,1674.0,1849.0,1959.0,13.3,0.0054,0.0063,0.0027,0.0053,0.0045,0.0056,0.409,0.0498,5,0,42.4
17157,Randolph,IL,1309.0,1370.0,1448.0,1483.0,1545.0,1741.0,1922.0,2038.0,18.0,0.0035,0.0043,0.002,0.0102,0.0076,0.0056,0.662,0.0625,7,0,55.4
17159,Richland,IL,1316.0,1383.0,1426.0,1460.0,1464.0,1650.0,1822.0,1931.0,11.2,0.0024,0.0047,0.0023,0.0046,0.0103,0.0087,0.346,0.0443,4,0,42.6
17161,Rock Island,IL,1219.0,1278.0,1345.0,1416.0,1465.0,1651.0,1823.0,1933.0,20.2,0.0054,0.0054,0.005,0.009,0.0061,0.0086,0.689,0.0777,6,0,62.7
17163,St. Clair,IL,1509.0,1567.0,1665.0,1708.0,1774.0,1999.0,2207.0,2339.0,17.6,0.0066,0.0073,0.0045,0.0065,0.0062,0.0082,0.581,0.0664,7,2,67.6
17165,Saline,IL,1603.0,1656.0,1721.0,1791.0,1821.0,2052.0,2266.0,2402.0,13.6,0.009,0.0097,0.0055,0.0128,0.0102,0.0107,0.427,0.0411,6,0,53.4
17167,Sangamon,IL,1439.0,1501.0,1552.0,1587.0,1619.0,1825.0,2014.0,2135.0,12.5,0.004,0.0057,0.0045,0.0058,0.0049,0.0052,0.35,0.0403,6,1,42.0
17169,Schuyler,IL,1210.0,1293.0,1319.0,1368.0,1441.0,1624.0,1793.0,1900.0,19.1,0.0012,0.0,0.0024,0.0035,0.0072,0.0049,0.261,0.0294,7,0,39.5
17171,Scott,IL,1369.0,1410.0,1458.0,1479.0,1511.0,1703.0,1881.0,1993.0,10.4,0.0058,0.0057,0.007,0.0095,0.0084,0.0102,0.171,0.0349,10,1,48.0
17173,Shelby,IL,1259.0,1309.0,1373.0,1385.0,1406.0,1585.0,1749.0,1854.0,11.7,0.0044,0.0058,0.0038,0.0069,0.0084,0.0074,0.354,0.0438,6,1,44.6
17175,Stark,IL,1339.0,1391.0,1503.0,1475.0,1564.0,1763.0,1946.0,2063.0,16.8,0.0125,0.0138,0.0027,0.0053,0.0145,0.0233,0.422,0.05,5,0,66.9
17177,Stephenson,IL,1204.0,1238.0,1286.0,1331.0,1382.0,1558.0,1720.0,1823.0,14.8,0.0053,0.0056,0.0033,0.0057,0.0065,0.0066,0.716,0.0753,7,0,55.0
17179,Tazewell,IL,1288.0,1354.0,1422.0,1483.0,1534.0,1729.0,1909.0,2023.0,19.1,0.0058,0.0053,0.0033,0.0062,0.0066,0.0053,0.619,0.0642,6,0,53.8
17181,Union,IL,1576.0,1631.0,1730.0,1752.0,1824.0,2055.0,2269.0,2405.0,15.7,0.0042,0.0068,0.0057,0.0142,0.014,0.0055,0.322,0.0385,8,0,40.1
17183,Vermilion,IL,1317.0,1357.0,1426.0,1492.0,1554.0,1752.0,1934.0,2050.0,18.0,0.0088,0.0113,0.0079,0.0112,0.0078,0.0093,1.054,0.1284,4,1,70.8
17185,Wabash,IL,1382.0,1456.0,1543.0,1579.0,1608.0,1812.0,2001.0,2121.0,16.4,0.005,0.0064,0.0035,0.0069,0.007,0.0051,0.419,0.0455,5,0,42.7
17187,Warren,IL,1256.0,1305.0,1347.0,1457.0,1491.0,1681.0,1856.0,1967.0,18.7,0.0076,0.0064,0.0042,0.0133,0.0121,0.013,0.85,0.0957,5,1,74.8
17189,Washington,IL,1555.0,1560.0,1630.0,1691.0,1754.0,1977.0,2182.0,2313.0,12.8,0.0073,0.0101,0.0064,0.0067,0.013,0.0095,0.386,0.0381,7,2,57.8
17191,Wayne,IL,1309.0,1355.0,1436.0,1436.0,1500.0,1691.0,1867.0,1979.0,14.6,0.0022,0.0131,0.004,0.0102,0.007,0.0109,0.289,0.0362,4,0,47.9
17193,White,IL,1363.0,1433.0,1491.0,1553.0,1556.0,1753.0,1936.0,2052.0,14.2,0.0063,0.0088,0.0066,0.0105,0.0122,0.0051,0.542,0.053,4,0,45.9
17195,Whiteside,IL,1161.0,1204.0,1251.0,1309.0,1359.0,1531.0,1691.0,1792.0,17.1,0.0052,0.0075,0.0049,0.0092,0.0072,0.0084,0.515,0.0528,6,0,57.5
17197,Will,IL,1502.0,1533.0,1599.0,1643.0,1687.0,1901.0,2099.0,2224.0,12.3,0.0049,0.0057,0.0049,0.0076,0.0057,0.0057,0.863,0.1007,9,1,57.1
17199,Williamson,IL,1577.0,1622.0,1695.0,1717.0,1764.0,1988.0,2195.0,2327.0,11.9,0.0062,0.0108,0.0047,0.007,0.0056,0.0079,0.389,0.0486,5,0,47.5
17201,Winnebago,IL,1222.0,1250.0,1309.0,1370.0,1429.0,1610.0,1777.0,1884.0,16.9,0.0065,0.0075,0.005,0.0086,0.0074,0.0074,1.022,0.1011,10,1,64.8
17203,Woodford,IL,1308.0,1362.0,1446.0,1508.0,1568.0,1767.0,1951.0,2068.0,19.9,0.003,0.0049,0.0033,0.0057,0.0041,0.0064,0.498,0.0539,7,0,54.1
18001,Adams,IN,1163.0,1190.0,1198.0,1203.0,1214.0,1368.0,1510.0,1601.0,4.4,0.0083,0.0063,0.0019,0.0064,0.0095,0.0064,0.242,0.0225,8,1,26.7
18003,Allen,IN,1243.0,1247.0,1251.0,1261.0,1272.0,1434.0,1583.0,1678.0,2.3,0.0101,0.0079,0.0049,0.0059,0.0071,0.0097,0.406,0.0427,11,2,43.1
18005,Bartholomew,IN,1372.0,1364.0,1369.0,1433.0,1429.0,1610.0,1777.0,1884.0,4.2,0.0121,0.007,0.0057,0.0051,0.007,0.0071,0.356,0.035,7,2,36.7
18007,Benton,IN,1418.0,1400.0,1417.0,1466.0,1466.0,1652.0,1824.0,1933.0,3.4,0.0093,0.0104,0.0014,0.0067,0.0142,0.0066,0.552,0.035,12,2,42.1
18009,Blackford,IN,1284.0,1267.0,1247.0,1302.0,1312.0,1479.0,1633.0,1731.0,2.2,0.0092,0.0086,0.005,0.0075,0.0098,0.0129,0.578,0.0338,9,1,49.1
18011,Boone,IN,1629.0,1638.0,1657.0,1682.0,1700.0,1916.0,2116.0,2242.0,4.4,0.0125,0.0062,0.0042,0.0038,0.0057,0.0089,0.427,0.0481,9,1,41.2
18013,Brown,IN,1605.0,1604.0,1614.0,1678.0,1710.0,1927.0,2127.0,2255.0,6.5,0.0054,0.0053,0.0035,0.0065,0.0082,0.0075,0.47,0.0422,10,3,53.0
18015,Carroll,IN,1435.0,1405.0,1433.0,1450.0,1448.0,1631.0,1801.0,1909.0,0.9,0.0081,0.0042,0.0048,0.0136,0.0124,0.0122,0.277,0.0306,10,1,34.0
18017,Cass,IN,1322.0,1313.0,1317.0,1360.0,1356.0,1528.0,1687.0,1788.0,2.6,0.0071,0.0117,0.0041,0.0092,0.0093,0.0088,0.358,0.0286,8,1,34.3
18019,Clark,IN,1378.0,1383.0,1386.0,1425.0,1435.0,1618.0,1786.0,1893.0,4.1,0.0104,0.0065,0.0045,0.0063,0.0063,0.0094,0.391,0.0443,12,2,45.3
18021,Clay,IN,1474.0,1488.0,1462.0,1509.0,1531.0,1725.0,1904.0,2019.0,3.9,0.0095,0.0088,0.0078,0.0085,0.0103,0.0116,0.398,0.0359,12,2,48.0
18023,Clinton,IN,1371.0,1383.0,1389.0,1410.0,1402.0,1580.0,1745.0,1849.0,2.3,0.0096,0.0051,0.0028,0.0054,0.0076,0.007,0.316,0.0307,8,2,32.9
18025,Crawford,IN,1463.0,1470.0,1417.0,1491.0,1541.0,1737.0,1918.0,2033.0,5.3,0.0086,0.0066,0.0037,0.0078,0.0088,0.0067,0.319,0.0249,12,2,38.8
18027,Daviess,IN,1403.0,1384.0,1382.0,1440.0,1445.0,1629.0,1798.0,1906.0,3.0,0.01,0.0089,0.0064,0.0069,0.0084,0.0209,0.242,0.0285,10,1,43.3
18029,Dearborn,IN,1525.0,1535.0,1536.0,1532.0,1569.0,1768.0,1952.0,2069.0,2.9,0.0084,0.0052,0.0022,0.0046,0.0053,0.0071,0.348,0.0401,10,1,30.2
18031,Decatur,IN,1333.0,1358.0,1370.0,1392.0,1418.0,1598.0,1765.0,1870.0,6.4,0.0102,0.0085,0.003,0.0053,0.006,0.0071,0.616,0.0702,9,2,52.2
18033,DeKalb,IN,1288.0,1306.0,1310.0,1329.0,1325.0,1493.0,1649.0,1748.0,2.9,0.0086,0.0061,0.0044,0.0036,0.0059,0.0077,0.509,0.0321,8,1,42.3
18035,Delaware,IN,1354.0,1361.0,1347.0,1370.0,1383.0,1558.0,1720.0,1823.0,2.1,0.0106,0.0087,0.0063,0.0056,0.0074,0.0083,0.39,0.0387,9,1,33.3
18037,Dubois,IN,1393.0,1395.0,1328.0,1376.0,1446.0,1630.0,1800.0,1908.0,3.8,0.006,0.0061,0.0029,0.005,0.0076,0.0039,0.152,0.0211,10,1,24.6
18039,Elkhart,IN,1293.0,1291.0,1287.0,1286.0,1300.0,1466.0,1618.0,1715.0,0.5,0.0095,0.0061,0.0052,0.0059,0.0091,0.0087,0.505,0.0478,7,1,38.1
18041,Fayette,IN,1291.0,1254.0,1269.0,1313.0,1336.0,1506.0,1663.0,1763.0,3.5,0.01,0.0071,0.0027,0.0082,0.0225,0.0166,0.334,0.0388,6,1,47.6
18043,Floyd,IN,1523.0,1526.0,1519.0,1561.0,1578.0,1778.0,1963.0,2081.0,3.6,0.0092,0.0073,0.0032,0.0054,0.0063,0.0099,0.406,0.0489,10,2,45.8
18045,Fountain,IN,1426.0,1429.0,1446.0,1512.0,1527.0,1721.0,1900.0,2014.0,7.1,0.0089,0.0088,0.0069,0.0078,0.0115,0.0139,0.465,0.0381,7,1,57.1
18047,Franklin,IN,1467.0,1461.0,1450.0,1497.0,1499.0,1689.0,1865.0,1977.0,2.2,0.0047,0.0068,0.0058,0.0071,0.0074,0.0138,0.355,0.0304,11,2,45.3
18049,Fulton,IN,1433.0,1402.0,1400.0,1400.0,1464.0,1650.0,1822.0,1931.0,2.2,0.0051,0.0064,0.0024,0.0071,0.0096,0.011,0.571,0.0372,11,1,45.7
18051,Gibson,IN,1468.0,1491.0,1498.0,1584.0,1606.0,1810.0,1998.0,2118.0,9.4,0.0096,0.0082,0.0042,0.0048,0.0121,0.0104,0.281,0.0335,13,1,48.0
18053,Grant,IN,1293.0,1312.0,1310.0,1355.0,1356.0,1528.0,1687.0,1788.0,4.9,0.0127,0.0095,0.005,0.0099,0.0122,0.0088,0.388,0.0407,11,2,46.9
18055,Greene,IN,1477.0,1470.0,1453.0,1508.0,1521.0,1714.0,1892.0,2006.0,3.0,0.0116,0.0083,0.0051,0.0098,0.0097,0.0114,0.375,0.0384,12,2,45.7
18057,Hamilton,IN,1749.0,1746.0,1762.0,1778.0,1804.0,2034.0,2245.0,2380.0,3.1,0.011,0.0061,0.0039,0.0068,0.0066,0.012,0.761,0.0959,12,1,53.3
18059,Hancock,IN,1675.0,1669.0,1697.0,1737.0,1746.0,1968.0,2173.0,2303.0,4.2,0.0064,0.0062,0.0055,0.0053,0.0064,0.0087,0.659,0.0813,10,1,48.7
18061,Harrison,IN,1504.0,1489.0,1463.0,1503.0,1529.0,1724.0,1903.0,2017.0,1.7,0.0112,0.0097,0.0052,0.0053,0.0079,0.0088,0.305,0.0391,11,2,34.9
18063,Hendricks,IN,1559.0,1555.0,1562.0,1590.0,1608.0,1812.0,2001.0,2121.0,3.1,0.0097,0.0059,0.004,0.006,0.0066,0.0091,0.422,0.0488,9,1,39.8
18065,Henry,IN,1443.0,1442.0,1435.0,1458.0,1485.0,1674.0,1848.0,1958.0,2.9,0.0082,0.0083,0.0053,0.0081,0.0117,0.0102,0.519,0.05,10,1,45.7
18067,Howard,IN,1341.0,1357.0,1364.0,1375.0,1397.0,1574.0,1738.0,1842.0,4.2,0.0112,0.0074,0.0049,0.0062,0.0064,0.0072,0.33,0.0297,8,2,35.1
18069,Huntington,IN,1356.0,1358.0,1354.0,1379.0,1395.0,1572.0,1735.0,1839.0,2.9,0.0089,0.0118,0.0058,0.0081,0.0088,0.0091,0.979,0.0675,10,1,49.3
18071,Jackson,IN,1418.0,1433.0,1433.0,1446.0,1459.0,1645.0,1816.0,1925.0,2.9,0.01,0.0073,0.0055,0.0079,0.008,0.0097,0.33,0.0341,10,1,36.0
18073,Jasper,IN,1404.0,1411.0,1424.0,1429.0,1458.0,1643.0,1814.0,1923.0,3.8,0.006,0.0053,0.0038,0.0042,0.0044,0.0078,0.468,0.0302,12,1,40.9
18075,Jay,IN,1313.0,1311.0,1307.0,1338.0,1354.0,1526.0,1685.0,1786.0,3.1,0.0049,0.0098,0.0076,0.0102,0.0171,0.0094,0.314,0.025,9,1,35.3
18077,Jefferson,IN,1456.0,1441.0,1434.0,1476.0,1468.0,1655.0,1827.0,1937.0,0.8,0.012,0.0138,0.0042,0.0054,0.0127,0.0111,0.476,0.0579,13,2,47.0
18079,Jennings,IN,1323.0,1306.0,1294.0,1332.0,1326.0,1494.0,1650.0,1749.0,0.2,0.0075,0.0087,0.0048,0.009,0.0105,0.011,0.283,0.0363,9,1,33.5
18081,Johnson,IN,1560.0,1551.0,1557.0,1600.0,1623.0,1830.0,2020.0,2141.0,4.0,0.0091,0.0059,0.005,0.0057,0.0061,0.0091,0.448,0.0506,11,2,48.6
18083,Knox,IN,1413.0,1405.0,1411.0,1550.0,1570.0,1769.0,1953.0,2071.0,11.1,0.012,0.0076,0.0039,0.01,0.0111,0.0117,0.448,0.0491,9,1,60.6
18085,Kosciusko,IN,1322.0,1314.0,1314.0,1316.0,1324.0,1493.0,1648.0,1747.0,0.2,0.0108,0.0067,0.0029,0.0041,0.0059,0.007,0.363,0.032,11,1,26.0
18087,LaGrange,IN,1257.0,1253.0,1247.0,1257.0,1262.0,1422.0,1570.0,1664.0,0.4,0.0062,0.0055,0.0019,0.005,0.0065,0.0059,0.394,0.0334,5,1,25.2
18089,Lake,IN,1433.0,1416.0,1417.0,1452.0,1450.0,1634.0,1804.0,1912.0,1.2,0.0096,0.0075,0.0051,0.008,0.0076,0.0097,0.476,0.052,15,2,42.7
18091,LaPorte,IN,1465.0,1462.0,1475.0,1470.0,1485.0,1674.0,1848.0,1959.0,1.4,0.0076,0.0323,0.0036,0.0067,0.0085,0.0097,0.55,0.0498,9,1,44.0
18093,Lawrence,IN,1433.0,1407.0,1378.0,1441.0,1473.0,1660.0,1833.0,1943.0,2.8,0.0095,0.0094,0.0061,0.009,0.009,0.0113,0.426,0.0422,12,2,46.1
18095,Madison,IN,1321.0,1325.0,1331.0,1370.0,1375.0,1550.0,1711.0,1813.0,4.1,0.0098,0.0084,0.0052,0.0088,0.0089,0.0094,0.58,0.0603,12,2,53.6
18097,Marion,IN,1607.0,1592.0,1602.0,1621.0,1623.0,1830.0,2020.0,2141.0,1.0,0.0137,0.009,0.0058,0.0089,0.01,0.0131,0.529,0.0725,12,1,48.0
18099,Marshall,IN,1490.0,1482.0,1495.0,1504.0,1517.0,1710.0,1888.0,2001.0,1.8,0.0066,0.0059,0.0051,0.0051,0.0117,0.0086,0.439,0.0291,9,2,40.1
18101,Martin,IN,1390.0,1343.0,1338.0,1385.0,1401.0,1579.0,1743.0,1848.0,0.8,0.0101,0.0061,0.0046,0.0033,0.0116,0.0078,0.537,0.0489,10,2,41.0
18103,Miami,IN,1401.0,1390.0,1367.0,1396.0,1407.0,1586.0,1751.0,1856.0,0.4,0.0093,0.0057,0.0064,0.01,0.0106,0.0139,0.252,0.0272,7,1,35.2
18105,Monroe,IN,1443.0,1449.0,1444.0,1469.0,1512.0,1704.0,1881.0,1994.0,4.8,0.0086,0.0068,0.0033,0.005,0.0058,0.0069,0.4,0.0402,10,2,41.3
18107,Montgomery,IN,1444.0,1448.0,1457.0,1533.0,1538.0,1734.0,1914.0,2029.0,6.5,0.0071,0.0093,0.0039,0.0077,0.0084,0.009,0.389,0.0347,11,2,47.5
18109,Morgan,IN,1584.0,1574.0,1573.0,1614.0,1638.0,1846.0,2038.0,2160.0,3.4,0.0079,0.0066,0.0049,0.0073,0.0081,0.0107,0.55,0.0596,12,3,56.3
18111,Newton,IN,1513.0,1514.0,1494.0,1516.0,1532.0,1726.0,1906.0,2020.0,1.3,0.0042,0.01,0.0056,0.0023,0.0082,0.0124,0.269,0.0338,11,1,36.4
18113,Noble,IN,1268.0,1275.0,1287.0,1300.0,1309.0,1475.0,1628.0,1726.0,3.2,0.0106,0.008,0.0043,0.0061,0.0099,0.0068,0.462,0.0323,10,1,37.0
18115,Ohio,IN,1521.0,1509.0,1486.0,1547.0,1593.0,1795.0,1982.0,2101.0,4.7,0.0138,0.0088,0.0021,0.004,0.004,0.0083,0.295,0.0345,10,1,34.8
18117,Orange,IN,1533.0,1478.0,1438.0,1457.0,1480.0,1668.0,1841.0,1952.0,-3.5,0.0114,0.0081,0.0073,0.0075,0.0083,0.0102,0.393,0.0315,11,2,36.5
18119,Owen,IN,1483.0,1439.0,1444.0,1516.0,1513.0,1705.0,1882.0,1995.0,2.0,0.0115,0.0075,0.0031,0.0069,0.0073,0.0088,0.674,0.0483,14,3,52.2
18121,Parke,IN,1443.0,1443.0,1449.0,1505.0,1491.0,1680.0,1855.0,1966.0,3.3,0.0064,0.0074,0.0062,0.006,0.0095,0.0085,0.444,0.0438,10,1,40.0
18123,Perry,IN,1343.0,1354.0,1375.0,1398.0,1403.0,1581.0,1746.0,1850.0,4.5,0.0103,0.0127,0.0077,0.0101,0.0088,0.0132,0.252,0.0375,12,2,46.0
18125,Pike,IN,1399.0,1422.0,1424.0,1473.0,1480.0,1667.0,1841.0,1951.0,5.8,0.0074,0.0066,0.0047,0.0054,0.0081,0.0125,0.29,0.0371,11,1,45.8
18127,Porter,IN,1559.0,1553.0,1560.0,1560.0,1572.0,1772.0,1956.0,2073.0,0.8,0.0081,0.0057,0.0041,0.0052,0.0062,0.0078,0.512,0.0537,8,1,38.2
18129,Posey,IN,1525.0,1535.0,1572.0,1622.0,1626.0,1832.0,2023.0,2144.0,6.6,0.0068,0.0058,0.0062,0.0068,0.0082,0.0071,0.388,0.037,10,1,39.8
18131,Pulaski,IN,1469.0,1409.0,1441.0,1428.0,1462.0,1648.0,1819.0,1928.0,-0.5,0.0114,0.0043,0.0042,0.0087,0.0169,0.0083,0.311,0.0315,9,1,27.3
18133,Putnam,IN,1549.0,1532.0,1534.0,1588.0,1613.0,1817.0,2006.0,2127.0,4.1,0.0061,0.0054,0.0063,0.0053,0.0077,0.0067,0.567,0.0482,11,1,42.0
18135,Randolph,IN,1344.0,1339.0,1343.0,1356.0,1383.0,1559.0,1721.0,1824.0,2.9,0.0071,0.0104,0.0065,0.0071,0.0138,0.0114,0.314,0.029,9,1,37.5
18137,Ripley,IN,1430.0,1430.0,1416.0,1460.0,1507.0,1698.0,1875.0,1988.0,5.4,0.0085,0.0039,0.0036,0.0062,0.0052,0.0058,0.429,0.0438,10,1,38.1
18139,Rush,IN,1463.0,1400.0,1424.0,1484.0,1532.0,1727.0,1906.0,2021.0,4.7,0.0095,0.0122,0.0029,0.0065,0.0126,0.0129,0.507,0.0583,7,1,53.5
18141,St. Joseph,IN,1306.0,1308.0,1309.0,1307.0,1309.0,1475.0,1628.0,1726.0,0.2,0.0084,0.0064,0.0045,0.0067,0.0076,0.0091,0.356,0.0315,9,1,31.4
18143,Scott,IN,1459.0,1439.0,1424.0,1475.0,1519.0,1712.0,1890.0,2003.0,4.1,0.0126,0.0085,0.0048,0.0071,0.0106,0.0132,0.379,0.0358,10,1,46.7
18145,Shelby,IN,1476.0,1484.0,1503.0,1549.0,1548.0,1745.0,1926.0,2042.0,4.9,0.0059,0.0079,0.0053,0.0059,0.0096,0.0075,0.615,0.0621,8,1,46.7
18147,Spencer,IN,1502.0,1523.0,1497.0,1523.0,1576.0,1776.0,1961.0,2079.0,4.9,0.0077,0.0095,0.0065,0.0104,0.0102,0.0117,0.414,0.0412,9,1,49.9
18149,Starke,IN,1429.0,1436.0,1416.0,1442.0,1457.0,1642.0,1813.0,1921.0,2.0,0.0065,0.0068,0.0042,0.0043,0.0094,0.0083,0.418,0.034,8,1,34.2
18151,Steuben,IN,1310.0,1325.0,1322.0,1329.0,1345.0,1516.0,1674.0,1774.0,2.7,0.003,0.0057,0.0043,0.004,0.0074,0.0065,0.42,0.0318,4,1,33.3
18153,Sullivan,IN,1467.0,1502.0,1520.0,1600.0,1611.0,1816.0,2004.0,2125.0,9.8,0.0136,0.0105,0.0098,0.0149,0.0242,0.0151,0.53,0.0464,11,2,66.8
18155,Switzerland,IN,1349.0,1318.0,1398.0,1413.0,1389.0,1566.0,1729.0,1832.0,3.0,0.0041,0.0067,0.0026,0.0137,0.0062,0.0115,0.378,0.0441,11,2,45.8
18157,Tippecanoe,IN,1295.0,1296.0,1315.0,1346.0,1351.0,1522.0,1681.0,1782.0,4.3,0.008,0.0059,0.0031,0.0048,0.0055,0.0067,0.355,0.0295,8,1,31.7
18159,Tipton,IN,1397.0,1424.0,1440.0,1483.0,1522.0,1715.0,1893.0,2007.0,8.9,0.0115,0.0073,0.0036,0.0069,0.006,0.0074,0.343,0.0324,8,1,41.8
18161,Union,IN,1327.0,1276.0,1200.0,1228.0,1258.0,1417.0,1565.0,1659.0,-5.2,0.0025,0.0033,0.0041,0.0048,0.0064,0.0051,0.235,0.0278,9,1,11.3
18163,Vanderburgh,IN,1381.0,1388.0,1393.0,1439.0,1452.0,1636.0,1806.0,1914.0,5.1,0.0094,0.0073,0.0047,0.0075,0.0085,0.0089,0.379,0.0449,15,2,45.3
18165,Vermillion,IN,1374.0,1363.0,1371.0,1483.0,1478.0,1666.0,1839.0,1950.0,7.6,0.0077,0.0108,0.0081,0.0161,0.0166,0.0128,0.816,0.0747,9,1,66.2
18167,Vigo,IN,1402.0,1410.0,1402.0,1473.0,1493.0,1682.0,1857.0,1969.0,6.5,0.0113,0.0099,0.0065,0.0089,0.0097,0.0105,0.384,0.0391,7,1,46.4
18169,Wabash,IN,1295.0,1317.0,1321.0,1333.0,1353.0,1525.0,1683.0,1784.0,4.5,0.0072,0.0084,0.0027,0.0034,0.0071,0.0085,0.572,0.0466,10,1,47.7
18171,Warren,IN,1358.0,1375.0,1439.0,1456.0,1504.0,1695.0,1872.0,1984.0,10.8,0.0081,0.0106,0.0031,0.0066,0.0128,0.0129,0.524,0.0328,9,2,66.1
18173,Warrick,IN,1526.0,1530.0,1527.0,1588.0,1608.0,1812.0,2001.0,2121.0,5.4,0.0072,0.0058,0.0038,0.005,0.0051,0.0062,0.428,0.0398,13,2,42.6
18175,Washington,IN,1434.0,1414.0,1393.0,1441.0,1473.0,1660.0,1833.0,1943.0,2.7,0.0097,0.009,0.0138,0.0107,0.0111,0.0112,0.441,0.0354,12,2,46.4
18177,Wayne,IN,1272.0,1256.0,1258.0,1296.0,1307.0,1473.0,1626.0,1724.0,2.8,0.0155,0.0083,0.0042,0.01,0.0147,0.015,0.292,0.0316,8,1,39.6
18179,Wells,IN,1291.0,1295.0,1304.0,1330.0,1335.0,1504.0,1661.0,1760.0,3.4,0.0108,0.0055,0.0048,0.0044,0.0066,0.0073,0.378,0.0321,7,1,33.8
18181,White,IN,1315.0,1300.0,1316.0,1357.0,1382.0,1558.0,1720.0,1823.0,5.1,0.0064,0.0067,0.0054,0.0061,0.0101,0.0083,0.384,0.0349,12,2,45.3
18183,Whitley,IN,1270.0,1273.0,1302.0,1312.0,1339.0,1509.0,1666.0,1766.0,5.4,0.0122,0.0121,0.003,0.0033,0.0047,0.0068,0.409,0.0361,10,1,38.3
19001,Adair,IA,1530.0,1569.0,1634.0,1693.0,1755.0,1977.0,2183.0,2314.0,14.7,0.0086,0.0133,0.0033,0.0064,0.0064,0.026,0.706,0.0954,10,1,77.5
19003,Adams,IA,1642.0,1667.0,1657.0,1647.0,1691.0,1905.0,2104.0,2230.0,3.0,0.0152,0.0091,0.0064,0.0189,0.0167,0.0205,0.45,0.0767,9,1,50.7
19005,Allamakee,IA,1262.0,1277.0,1283.0,1320.0,1373.0,1548.0,1709.0,1811.0,8.8,0.0058,0.0033,0.0032,0.0055,0.0077,0.007,0.411,0.0361,14,1,44.2
19007,Appanoose,IA,1408.0,1400.0,1508.0,1624.0,1696.0,1912.0,2110.0,2237.0,20.5,0.0123,0.0134,0.0076,0.0095,0.0094,0.0146,0.719,0.0656,11,1,75.3
19009,Audubon,IA,1319.0,1410.0,1468.0,1530.0,1691.0,1905.0,2103.0,2230.0,28.2,0.0044,0.009,0.0022,0.0107,0.0065,0.0159,0.459,0.0491,12,1,73.6
19011,Benton,IA,1421.0,1415.0,1435.0,1533.0,1559.0,1757.0,1940.0,2056.0,9.7,0.0086,0.006,0.0022,0.014,0.006,0.0109,1.654,0.1727,10,0,62.9
19013,Black Hawk,IA,1283.0,1300.0,1320.0,1404.0,1449.0,1633.0,1803.0,1911.0,12.9,0.01,0.006,0.0043,0.0057,0.0061,0.009,0.348,0.0375,8,0,45.3
19015,Boone,IA,1514.0,1518.0,1551.0,1649.0,1677.0,1890.0,2087.0,2212.0,10.8,0.0091,0.0061,0.0055,0.0105,0.0133,0.014,1.762,0.2044,9,0,68.6
19017,Bremer,IA,1443.0,1455.0,1498.0,1596.0,1632.0,1839.0,2031.0,2153.0,13.1,0.0078,0.0059,0.0036,0.0071,0.0107,0.0093,0.24,0.0347,7,0,42.5
19019,Buchanan,IA,1405.0,1405.0,1424.0,1519.0,1574.0,1773.0,1958.0,2075.0,12.0,0.0055,0.0097,0.0048,0.0094,0.0065,0.0171,0.463,0.0579,14,0,63.1
19021,Buena Vista,IA,1502.0,1589.0,1658.0,1786.0,1826.0,2058.0,2272.0,2408.0,21.6,0.0088,0.0067,0.0024,0.0075,0.0072,0.0111,0.371,0.0529,14,3,68.4
19023,Butler,IA,1431.0,1433.0,1468.0,1575.0,1595.0,1797.0,1984.0,2103.0,11.5,0.0067,0.0034,0.0034,0.0101,0.0128,0.0143,0.372,0.0382,13,1,60.1
19025,Calhoun,IA,1524.0,1531.0,1597.0,1672.0,1709.0,1926.0,2126.0,2253.0,12.1,0.0063,0.0061,0.0059,0.0059,0.0155,0.0138,0.37,0.0476,11,2,62.5
19027,Carroll,IA,1412.0,1485.0,1520.0,1625.0,1674.0,1886.0,2082.0,2207.0,18.6,0.0084,0.0045,0.0055,0.0055,0.0066,0.0072,0.504,0.0461,7,0,55.1
19029,Cass,IA,1337.0,1371.0,1435.0,1496.0,1563.0,1761.0,1944.0,2061.0,16.9,0.0085,0.007,0.0047,0.0111,0.011,0.0096,0.603,0.0884,9,1,67.9
19031,Cedar,IA,1363.0,1369.0,1375.0,1435.0,1473.0,1661.0,1833.0,1943.0,8.1,0.0065,0.0061,0.0025,0.0111,0.0104,0.0087,1.104,0.1189,11,1,59.7
19033,Cerro Gordo,IA,1431.0,1442.0,1477.0,1577.0,1636.0,1843.0,2035.0,2157.0,14.3,0.0095,0.0066,0.006,0.0071,0.0127,0.0119,0.679,0.0706,5,0,66.7
19035,Cherokee,IA,1322.0,1401.0,1426.0,1533.0,1590.0,1792.0,1979.0,2097.0,20.3,0.0137,0.0085,0.0053,0.0073,0.0124,0.0059,0.352,0.0513,15,3,55.7
19037,Chickasaw,IA,1377.0,1318.0,1382.0,1451.0,1482.0,1670.0,1843.0,1954.0,7.6,0.009,0.0051,0.0041,0.0052,0.0148,0.0122,0.401,0.0283,10,0,47.7
19039,Clarke,IA,1467.0,1464.0,1536.0,1595.0,1643.0,1852.0,2045.0,2168.0,12.0,0.0137,0.0068,0.004,0.0157,0.0127,0.0151,0.609,0.0811,7,1,69.5
19041,Clay,IA,1399.0,1442.0,1492.0,1533.0,1624.0,1830.0,2020.0,2142.0,16.1,0.009,0.0067,0.0066,0.0132,0.0074,0.0054,1.533,0.1848,13,2,63.0
19043,Clayton,IA,1293.0,1326.0,1327.0,1400.0,1479.0,1667.0,1841.0,1951.0,14.4,0.0083,0.0072,0.0066,0.0099,0.0073,0.0041,0.179,0.026,14,1,39.4
19045,Clinton,IA,1318.0,1343.0,1366.0,1437.0,1476.0,1664.0,1837.0,1947.0,12.0,0.0086,0.0093,0.0057,0.0103,0.0113,0.0118,0.827,0.0965,10,0,64.9
19047,Crawford,IA,1401.0,1493.0,1497.0,1563.0,1623.0,1829.0,2019.0,2140.0,15.8,0.0083,0.0059,0.0025,0.0058,0.0109,0.0085,0.466,0.0584,11,2,62.5
19049,Dallas,IA,1556.0,1636.0,1683.0,1758.0,1793.0,2020.0,2230.0,2364.0,15.2,0.01,0.0046,0.0047,0.0055,0.0067,0.0081,0.633,0.0813,11,1,61.4
19051,Davis,IA,1501.0,1533.0,1573.0,1662.0,1674.0,1886.0,2083.0,2207.0,11.5,0.0144,0.0061,0.006,0.0061,0.0037,0.0063,0.344,0.0372,11,1,43.1
19053,Decatur,IA,1398.0,1434.0,1528.0,1640.0,1658.0,1869.0,2063.0,2187.0,18.6,0.0082,0.0081,0.0113,0.0094,0.0112,0.02,0.777,0.0413,8,0,74.9
19055,Delaware,IA,1351.0,1366.0,1377.0,1435.0,1456.0,1641.0,1811.0,1920.0,7.8,0.0073,0.0053,0.0028,0.008,0.0057,0.0063,0.253,0.0301,9,0,29.9
19057,Des Moines,IA,1332.0,1338.0,1342.0,1434.0,1460.0,1645.0,1816.0,1925.0,9.6,0.0089,0.0064,0.0044,0.0077,0.0102,0.0107,0.579,0.0571,15,2,65.0
19059,Dickinson,IA,1711.0,1769.0,1797.0,1899.0,1933.0,2179.0,2406.0,2550.0,13.0,0.0081,0.005,0.0039,0.0071,0.0039,0.0062,0.375,0.0533,10,1,43.6
19061,Dubuque,IA,1362.0,1383.0,1402.0,1422.0,1500.0,1690.0,1866.0,1978.0,10.1,0.0063,0.0047,0.0045,0.005,0.0045,0.0094,0.198,0.0253,10,2,48.1
19063,Emmet,IA,1428.0,1471.0,1531.0,1567.0,1566.0,1765.0,1949.0,2065.0,9.7,0.0067,0.0118,0.0117,0.0109,0.0089,0.0134,0.236,0.038,10,2,56.2
19065,Fayette,IA,1352.0,1363.0,1396.0,1505.0,1490.0,1680.0,1854.0,1966.0,10.2,0.0059,0.0084,0.005,0.0104,0.0166,0.0109,0.369,0.0359,12,0,50.6
19067,Floyd,IA,1414.0,1419.0,1454.0,1573.0,1603.0,1807.0,1995.0,2115.0,13.4,0.0106,0.0098,0.0026,0.0051,0.0071,0.0098,0.529,0.0564,11,2,64.5
19069,Franklin,IA,1415.0,1438.0,1441.0,1502.0,1590.0,1792.0,1978.0,2097.0,12.4,0.0149,0.0083,0.0081,0.0185,0.0109,0.014,0.352,0.0491,12,2,63.6
19071,Fremont,IA,1686.0,1755.0,1756.0,1826.0,1886.0,2126.0,2347.0,2488.0,11.9,0.0084,0.0084,0.0059,0.0107,0.0122,0.0111,0.507,0.0734,8,0,59.2
19073,Greene,IA,1449.0,1488.0,1504.0,1624.0,1686.0,1900.0,2097.0,2223.0,16.4,0.0111,0.0051,0.002,0.0081,0.0227,0.0224,0.558,0.0654,10,1,75.0
19075,Grundy,IA,1446.0,1471.0,1482.0,1581.0,1627.0,1833.0,2024.0,2145.0,12.5,0.0072,0.0044,0.0037,0.0074,0.0108,0.0092,0.652,0.06,9,0,57.3
19077,Guthrie,IA,1624.0,1701.0,1747.0,1890.0,1909.0,2151.0,2375.0,2517.0,17.5,0.0091,0.0052,0.0029,0.0091,0.0098,0.0102,0.538,0.062,11,1,65.2
19079,Hamilton,IA,1441.0,1477.0,1491.0,1609.0,1623.0,1829.0,2019.0,2140.0,12.6,0.008,0.0096,0.0059,0.0081,0.0093,0.0155,0.63,0.0554,10,2,73.1
19081,Hancock,IA,1381.0,1399.0,1437.0,1597.0,1615.0,1820.0,2009.0,2130.0,16.9,0.0095,0.0085,0.0057,0.0132,0.0144,0.0228,0.929,0.1228,9,2,82.4
19083,Hardin,IA,1478.0,1488.0,1541.0,1649.0,1733.0,1953.0,2156.0,2285.0,17.3,0.0104,0.0045,0.0051,0.0084,0.0103,0.0131,0.486,0.0556,9,0,62.0
19085,Harrison,IA,1693.0,1757.0,1830.0,1935.0,1959.0,2208.0,2437.0,2584.0,15.7,0.0082,0.0075,0.0016,0.0114,0.0115,0.0127,0.515,0.0624,12,4,76.1
19087,Henry,IA,1401.0,1376.0,1376.0,1482.0,1511.0,1703.0,1880.0,1993.0,7.9,0.0107,0.0103,0.0056,0.0083,0.0068,0.0089,0.336,0.0404,9,0,38.4
19089,Howard,IA,1377.0,1439.0,1401.0,1491.0,1484.0,1672.0,1846.0,1957.0,7.8,0.0069,0.0046,0.0068,0.0023,0.0091,0.0082,0.372,0.0318,14,2,49.4
19091,Humboldt,IA,1436.0,1390.0,1460.0,1556.0,1551.0,1748.0,1929.0,2045.0,8.0,0.0193,0.009,0.0023,0.009,0.0115,0.0092,0.605,0.0846,14,3,62.0
19093,Ida,IA,1387.0,1473.0,1474.0,1566.0,1614.0,1819.0,2008.0,2128.0,16.4,0.0091,0.0044,0.0066,0.0065,0.0023,0.0164,0.77,0.0906,12,0,71.4
19095,Iowa,IA,1526.0,1537.0,1559.0,1624.0,1593.0,1795.0,1982.0,2101.0,4.4,0.0108,0.0048,0.0064,0.0058,0.0077,0.0076,0.614,0.0695,13,1,48.1
19097,Jackson,IA,1402.0,1402.0,1435.0,1506.0,1532.0,1727.0,1906.0,2021.0,9.3,0.0068,0.0042,0.0027,0.005,0.0087,0.0103,0.328,0.0368,14,3,54.3
19099,Jasper,IA,1419.0,1474.0,1517.0,1563.0,1608.0,1812.0,2001.0,2121.0,13.3,0.0114,0.0063,0.0057,0.0093,0.0098,0.0185,1.121,0.122,10,1,77.4
19101,Jefferson,IA,1451.0,1459.0,1518.0,1581.0,1609.0,1814.0,2002.0,2122.0,10.9,0.0056,0.0067,0.0102,0.0116,0.0153,0.0122,0.338,0.0383,5,0,49.6
19103,Johnson,IA,1441.0,1463.0,1435.0,1544.0,1600.0,1803.0,1991.0,2110.0,11.0,0.0069,0.0042,0.0027,0.0058,0.0066,0.0058,0.833,0.0842,10,0,51.8
19105,Jones,IA,1387.0,1358.0,1405.0,1452.0,1490.0,1680.0,1854.0,1966.0,7.4,0.0078,0.0051,0.0071,0.0067,0.0044,0.0056,0.619,0.0654,12,0,44.8
19107,Keokuk,IA,1382.0,1377.0,1426.0,1493.0,1519.0,1712.0,1890.0,2004.0,9.9,0.0152,0.0028,0.0029,0.0126,0.0218,0.0192,0.266,0.0325,9,0,51.9
19109,Kossuth,IA,1391.0,1375.0,1433.0,1539.0,1572.0,1772.0,1956.0,2073.0,13.0,0.0138,0.0095,0.004,0.0024,0.0082,0.0085,0.318,0.04,10,2,53.7
19111,Lee,IA,1396.0,1401.0,1413.0,1497.0,1533.0,1727.0,1907.0,2022.0,9.8,0.0111,0.0099,0.0069,0.0082,0.0168,0.0152,0.504,0.0472,14,1,61.7
19113,Linn,IA,1364.0,1395.0,1404.0,1483.0,1529.0,1724.0,1903.0,2017.0,12.1,0.0097,0.0058,0.0052,0.0137,0.0079,0.0101,1.98,0.2399,10,0,64.5
19115,Louisa,IA,1388.0,1350.0,1354.0,1446.0,1484.0,1673.0,1847.0,1958.0,6.9,0.0092,0.0171,0.004,0.0089,0.0149,0.0091,0.332,0.03,8,0,40.5
19117,Lucas,IA,1409.0,1372.0,1453.0,1515.0,1582.0,1783.0,1968.0,2086.0,12.3,0.0142,0.0076,0.0071,0.0056,0.0126,0.0148,0.729,0.0842,9,0,68.7
19119,Lyon,IA,1435.0,1455.0,1481.0,1559.0,1539.0,1734.0,1915.0,2029.0,7.2,0.0085,0.0057,0.0028,0.0028,0.0043,0.0044,0.735,0.0896,9,1,48.4
19121,Madison,IA,1679.0,1711.0,1753.0,1851.0,1921.0,2165.0,2390.0,2534.0,14.4,0.0062,0.0047,0.0038,0.009,0.0111,0.0092,0.928,0.085,7,0,64.6
19123,Mahaska,IA,1435.0,1440.0,1460.0,1563.0,1566.0,1764.0,1948.0,2065.0,9.1,0.0063,0.0101,0.0056,0.0073,0.0058,0.0088,0.336,0.0376,9,0,39.8
19125,Marion,IA,1450.0,1477.0,1479.0,1537.0,1587.0,1789.0,1975.0,2093.0,9.4,0.0071,0.0053,0.0044,0.0055,0.007,0.0104,0.538,0.0568,8,0,55.0
19127,Marshall,IA,1394.0,1419.0,1443.0,1554.0,1600.0,1804.0,1991.0,2111.0,14.8,0.0109,0.0117,0.0051,0.0265,0.0114,0.0107,2.029,0.1938,10,1,71.9
19129,Mills,IA,1858.0,1887.0,1951.0,1989.0,2105.0,2373.0,2619.0,2777.0,13.3,0.0071,0.0121,0.0062,0.0115,0.0091,0.0143,0.553,0.0679,10,2,70.7
19131,Mitchell,IA,1478.0,1453.0,1512.0,1607.0,1644.0,1853.0,2045.0,2168.0,11.2,0.0057,0.0114,0.0057,0.0103,0.0122,0.0146,0.215,0.0301,13,3,59.5
19133,Monona,IA,1509.0,1508.0,1573.0,1683.0,1766.0,1990.0,2197.0,2329.0,17.0,0.0076,0.0097,0.0067,0.0078,0.0091,0.0096,0.297,0.0359,12,2,57.6
19135,Monroe,IA,1351.0,1331.0,1367.0,1454.0,1520.0,1713.0,1891.0,2005.0,12.5,0.0061,0.0081,0.0069,0.0077,0.0068,0.0077,0.515,0.0372,9,0,50.4
19137,Montgomery,IA,1579.0,1645.0,1666.0,1708.0,1782.0,2008.0,2217.0,2350.0,12.9,0.0119,0.0111,0.0047,0.0135,0.0142,0.01,0.757,0.0956,10,1,64.8
19139,Muscatine,IA,1405.0,1405.0,1412.0,1486.0,1517.0,1710.0,1888.0,2001.0,8.0,0.0135,0.0073,0.0057,0.0086,0.0083,0.0096,0.614,0.0634,11,1,58.5
19141,O'Brien,IA,1438.0,1443.0,1479.0,1556.0,1593.0,1795.0,1982.0,2101.0,10.8,0.011,0.0103,0.0016,0.0068,0.0092,0.0218,0.553,0.0735,9,1,70.6
19143,Osceola,IA,1310.0,1394.0,1377.0,1460.0,1496.0,1686.0,1861.0,1973.0,14.2,0.0089,0.0023,0.0023,0.0111,0.026,0.0155,0.427,0.0397,8,1,65.4
19145,Page,IA,1503.0,1578.0,1612.0,1655.0,1713.0,1931.0,2132.0,2260.0,14.0,0.0166,0.0089,0.0072,0.0084,0.0108,0.0097,0.505,0.0514,7,0,57.8
19147,Palo Alto,IA,1381.0,1401.0,1415.0,1523.0,1542.0,1737.0,1918.0,2033.0,11.7,0.0097,0.0127,0.0042,0.007,0.0101,0.0134,0.889,0.1044,15,2,73.7
19149,Plymouth,IA,1450.0,1495.0,1526.0,1617.0,1681.0,1895.0,2092.0,2217.0,15.9,0.0078,0.0065,0.004,0.0081,0.0067,0.0058,0.335,0.0377,7,1,46.6
19151,Pocahontas,IA,1337.0,1348.0,1353.0,1428.0,1469.0,1655.0,1828.0,1937.0,9.9,0.0144,0.0123,0.0075,0.0146,0.0174,0.0156,0.727,0.117,15,2,72.9
19153,Polk,IA,1388.0,1435.0,1475.0,1542.0,1577.0,1778.0,1962.0,2080.0,13.6,0.011,0.0067,0.0049,0.0078,0.0086,0.012,1.078,0.1304,10,2,75.5
19155,Pottawattamie,IA,1643.0,1676.0,1725.0,1810.0,1874.0,2112.0,2331.0,2471.0,14.1,0.0081,0.0062,0.0043,0.0066,0.0084,0.0117,0.599,0.0698,14,3,75.0
19157,Poweshiek,IA,1501.0,1504.0,1540.0,1610.0,1615.0,1820.0,2009.0,2130.0,7.6,0.0066,0.007,0.0066,0.0088,0.0072,0.0125,0.855,0.0967,8,1,62.6
19159,Ringgold,IA,1786.0,1863.0,1857.0,1895.0,2023.0,2280.0,2517.0,2668.0,13.3,0.0126,0.0088,0.0052,0.0099,0.0082,0.0132,0.196,0.0479,10,1,51.9
19161,Sac,IA,1494.0,1513.0,1549.0,1616.0,1609.0,1813.0,2002.0,2122.0,7.7,0.0074,0.0076,0.0079,0.009,0.0051,0.0095,0.198,0.0271,12,1,40.3
19163,Scott,IA,1378.0,1397.0,1417.0,1478.0,1531.0,1725.0,1904.0,2019.0,11.1,0.0093,0.007,0.0065,0.0124,0.007,0.0109,1.068,0.1205,9,2,72.2
19165,Shelby,IA,1399.0,1458.0,1498.0,1591.0,1668.0,1880.0,2075.0,2200.0,19.2,0.0065,0.0065,0.0026,0.0092,0.0027,0.0021,0.607,0.0491,11,2,59.5
19167,Sioux,IA,1317.0,1356.0,1379.0,1439.0,1511.0,1703.0,1880.0,1993.0,14.7,0.0078,0.0034,0.0026,0.0055,0.0035,0.0058,0.284,0.0408,9,1,42.4
19169,Story,IA,1422.0,1463.0,1509.0,1583.0,1622.0,1828.0,2018.0,2139.0,14.1,0.008,0.0058,0.0035,0.0061,0.0061,0.0105,1.324,0.1516,11,1,70.4
19171,Tama,IA,1403.0,1418.0,1428.0,1554.0,1570.0,1769.0,1953.0,2070.0,11.9,0.0115,0.0039,0.0051,0.0168,0.0151,0.0103,1.434,0.156,10,1,69.6
19173,Taylor,IA,1496.0,1537.0,1533.0,1598.0,1653.0,1863.0,2057.0,2180.0,10.5,0.0122,0.0138,0.002,0.0119,0.0161,0.0158,0.693,0.0578,7,0,67.5
19175,Union,IA,1514.0,1560.0,1668.0,1779.0,1872.0,2110.0,2329.0,2469.0,23.6,0.0115,0.0147,0.0082,0.0093,0.0155,0.0153,0.378,0.0565,10,1,67.6
19177,Van Buren,IA,1403.0,1456.0,1414.0,1557.0,1610.0,1815.0,2004.0,2124.0,14.8,0.012,0.0052,0.0035,0.0135,0.0158,0.0162,1.074,0.1346,9,1,75.4
19179,Wapello,IA,1360.0,1380.0,1412.0,1511.0,1557.0,1755.0,1937.0,2053.0,14.5,0.0148,0.0092,0.0048,0.0088,0.0109,0.0127,0.279,0.0383,11,0,50.7
19181,Warren,IA,1468.0,1495.0,1536.0,1574.0,1625.0,1831.0,2021.0,2143.0,10.7,0.0075,0.0048,0.0043,0.0079,0.008,0.0088,0.744,0.0829,8,0,57.4
19183,Washington,IA,1463.0,1501.0,1476.0,1563.0,1595.0,1798.0,1985.0,2104.0,9.0,0.0118,0.0119,0.0012,0.0073,0.0109,0.0073,0.364,0.0306,8,0,37.3
19185,Wayne,IA,1418.0,1518.0,1536.0,1619.0,1727.0,1946.0,2149.0,2278.0,21.8,0.0068,0.0085,0.0041,0.01,0.0117,0.0135,0.345,0.039,10,0,61.6
19187,Webster,IA,1435.0,1434.0,1485.0,1570.0,1622.0,1828.0,2018.0,2139.0,13.0,0.0149,0.0063,0.0057,0.0139,0.0094,0.0111,0.805,0.0947,11,1,68.7
19189,Winnebago,IA,1428.0,1439.0,1475.0,1592.0,1678.0,1891.0,2088.0,2213.0,17.5,0.016,0.006,0.0059,0.0059,0.0095,0.0162,0.317,0.0392,10,1,62.2
19191,Winneshiek,IA,1414.0,1393.0,1402.0,1486.0,1544.0,1740.0,1921.0,2036.0,9.2,0.0107,0.0054,0.003,0.006,0.0059,0.0052,0.493,0.0435,15,1,46.0
19193,Woodbury,IA,1414.0,1444.0,1496.0,1609.0,1655.0,1865.0,2059.0,2183.0,17.0,0.0124,0.0094,0.0067,0.0087,0.0063,0.011,0.489,0.0497,9,2,67.7
19195,Worth,IA,1410.0,1417.0,1427.0,1527.0,1600.0,1803.0,1991.0,2110.0,13.5,0.0101,0.0089,0.0063,0.0084,0.0144,0.0156,0.87,0.0635,8,2,78.0
19197,Wright,IA,1337.0,1373.0,1428.0,1537.0,1584.0,1785.0,1971.0,2089.0,18.5,0.012,0.0061,0.0091,0.0141,0.0161,0.0116,0.427,0.0425,15,3,69.8
20001,Allen,KS,1710.0,1702.0,1730.0,1766.0,1756.0,1979.0,2185.0,2316.0,2.7,0.0109,0.0081,0.0066,0.0103,0.018,0.0068,0.388,0.0506,10,2,35.1
20003,Anderson,KS,2056.0,2072.0,2059.0,2120.0,2025.0,2282.0,2519.0,2670.0,-1.5,0.0105,0.007,0.0045,0.0053,0.0114,0.0094,0.516,0.0733,14,1,35.5
20005,Atchison,KS,1976.0,1971.0,2081.0,2114.0,2100.0,2367.0,2613.0,2769.0,6.3,0.0103,0.009,0.0068,0.0117,0.0091,0.0056,0.201,0.0418,11,0,24.1
20007,Barber,KS,2835.0,2390.0,2455.0,2415.0,2457.0,2769.0,3057.0,3240.0,-13.3,0.0229,0.0046,0.0043,0.0163,0.0158,0.0148,0.175,0.0463,15,1,25.6
20009,Barton,KS,2527.0,2408.0,2328.0,2495.0,2556.0,2880.0,3180.0,3370.0,1.1,0.0087,0.0082,0.0077,0.0089,0.0097,0.0096,0.56,0.1246,21,6,55.1
20011,Bourbon,KS,2026.0,2005.0,2080.0,2136.0,2146.0,2419.0,2670.0,2830.0,5.9,0.0068,0.0085,0.0053,0.0126,0.0073,0.0069,0.447,0.051,12,2,43.9
20013,Brown,KS,1843.0,1812.0,1854.0,1956.0,1914.0,2157.0,2381.0,2524.0,3.9,0.0084,0.0082,0.0069,0.0066,0.0153,0.009,0.755,0.1268,11,1,50.0
20015,Butler,KS,2713.0,2670.0,2651.0,2733.0,2765.0,3116.0,3440.0,3646.0,1.9,0.0066,0.0077,0.0069,0.0103,0.0096,0.0097,0.446,0.0704,19,2,43.2
20017,Chase,KS,2019.0,1998.0,2009.0,2150.0,2257.0,2543.0,2808.0,2976.0,11.8,0.0211,0.0068,0.0,0.0172,0.0109,0.027,0.525,0.1074,15,3,77.5
20019,Chautauqua,KS,2320.0,2257.0,2491.0,2390.0,2294.0,2585.0,2854.0,3025.0,-1.1,0.0068,0.0,0.0199,0.0126,0.0063,0.0189,0.138,0.0454,12,2,37.4
20021,Cherokee,KS,2013.0,2012.0,2048.0,2099.0,2095.0,2361.0,2607.0,2763.0,4.1,0.0095,0.0107,0.0096,0.0115,0.0138,0.0131,0.438,0.0697,18,1,50.8
20023,Cheyenne,KS,2298.0,2220.0,2199.0,2117.0,2110.0,2378.0,2626.0,2783.0,-8.2,0.0091,0.0085,0.0122,0.0037,0.0172,0.0211,0.782,0.1483,10,1,47.5
20025,Clark,KS,2623.0,2361.0,2315.0,2390.0,2502.0,2820.0,3113.0,3300.0,-4.6,0.0247,0.0299,0.011,0.0105,0.0155,0.0114,0.403,0.1017,14,3,39.9
20027,Clay,KS,1903.0,1870.0,1903.0,1969.0,2018.0,2274.0,2511.0,2661.0,6.0,0.0112,0.0098,0.0076,0.0064,0.0148,0.0104,0.373,0.0717,13,1,45.1
20029,Cloud,KS,1850.0,1862.0,1929.0,2009.0,2040.0,2299.0,2538.0,2690.0,10.3,0.0081,0.0052,0.0053,0.0196,0.0184,0.0167,0.377,0.0889,11,2,62.0
20031,Coffey,KS,2021.0,2021.0,2087.0,2183.0,2222.0,2504.0,2764.0,2930.0,9.9,0.0056,0.0091,0.0107,0.0137,0.0102,0.012,1.146,0.1876,13,1,66.6
20033,Comanche,KS,2890.0,2970.0,2687.0,2276.0,2291.0,2582.0,2850.0,3021.0,-20.7,0.0,0.0361,0.0,0.0198,0.0093,0.0,0.325,0.0552,19,4,18.2
20035,Cowley,KS,2376.0,2362.0,2314.0,2346.0,2352.0,2650.0,2926.0,3101.0,-1.0,0.0085,0.0076,0.0155,0.0109,0.0081,0.0115,0.394,0.0726,18,1,34.8
20037,Crawford,KS,1992.0,1991.0,2015.0,2054.0,2064.0,2327.0,2569.0,2723.0,3.6,0.0099,0.008,0.0063,0.0086,0.0109,0.0099,0.379,0.0546,16,0,37.2
20039,Decatur,KS,2135.0,2070.0,2015.0,2038.0,2049.0,2310.0,2550.0,2703.0,-4.0,0.0037,0.0038,0.0037,0.0107,0.0105,0.0427,2.326,0.3389,9,0,50.6
20041,Dickinson,KS,2065.0,2107.0,2137.0,2285.0,2336.0,2633.0,2907.0,3081.0,13.1,0.0076,0.0043,0.0101,0.0118,0.0156,0.0094,0.741,0.1229,10,0,59.3
20043,Doniphan,KS,1883.0,1925.0,1976.0,2035.0,2028.0,2286.0,2523.0,2675.0,7.7,0.0055,0.0086,0.0095,0.0162,0.0111,0.0112,0.417,0.0836,14,2,57.6
20045,Douglas,KS,2093.0,2116.0,2145.0,2216.0,2238.0,2522.0,2784.0,2951.0,6.9,0.0065,0.0063,0.0043,0.0056,0.005,0.0065,0.399,0.0554,11,0,35.9
20047,Edwards,KS,2629.0,2407.0,2387.0,2492.0,2498.0,2816.0,3108.0,3295.0,-5.0,0.0117,0.0037,0.0036,0.0203,0.0132,0.0097,0.395,0.109,21,7,41.2
20049,Elk,KS,2517.0,2492.0,2584.0,2433.0,2417.0,2724.0,3008.0,3188.0,-4.0,0.0,0.0075,0.0,0.0072,0.0211,0.0065,0.46,0.1328,16,2,28.7
20051,Ellis,KS,2401.0,2364.0,2270.0,2258.0,2290.0,2581.0,2850.0,3021.0,-4.6,0.0103,0.0076,0.0087,0.0102,0.0094,0.0081,0.878,0.1739,12,3,42.8
20053,Ellsworth,KS,1983.0,1986.0,2044.0,2106.0,2123.0,2392.0,2641.0,2800.0,7.1,0.0094,0.0085,0.0145,0.0154,0.0183,0.0165,0.892,0.1458,13,2,71.8
20055,Finney,KS,2805.0,2579.0,2467.0,2484.0,2503.0,2820.0,3114.0,3301.0,-10.8,0.0091,0.0091,0.0064,0.0079,0.0083,0.008,0.297,0.0725,7,2,24.4
20057,Ford,KS,2613.0,2466.0,2444.0,2564.0,2612.0,2943.0,3250.0,3445.0,-0.0,0.0167,0.0135,0.0091,0.0135,0.0128,0.0121,0.398,0.0805,12,4,46.4
20059,Franklin,KS,2111.0,2123.0,2148.0,2237.0,2263.0,2551.0,2816.0,2985.0,7.2,0.0091,0.009,0.0082,0.0101,0.009,0.0097,0.649,0.082,14,1,58.7
20061,Geary,KS,2009.0,2058.0,2116.0,2197.0,2238.0,2522.0,2784.0,2951.0,11.4,0.0101,0.0073,0.0099,0.0115,0.0177,0.0119,0.483,0.0979,11,3,69.1
20063,Gove,KS,2171.0,1989.0,2092.0,2145.0,2130.0,2400.0,2650.0,2809.0,-1.9,0.0106,0.0143,0.0,0.0067,0.0168,0.0195,1.665,0.2207,10,3,59.0
20065,Graham,KS,2253.0,2211.0,2102.0,2259.0,2324.0,2619.0,2892.0,3065.0,3.2,0.0217,0.0136,0.0082,0.0104,0.0079,0.0137,0.277,0.0689,13,3,47.9
20067,Grant,KS,2539.0,2455.0,2543.0,2658.0,2674.0,3013.0,3327.0,3526.0,5.3,0.0178,0.01,0.0142,0.0219,0.0303,0.0105,0.328,0.074,6,1,40.8
20069,Gray,KS,2951.0,2810.0,2724.0,2836.0,2737.0,3085.0,3405.0,3610.0,-7.3,0.009,0.0194,0.0125,0.0214,0.0092,0.0228,0.431,0.1309,10,5,50.6
20071,Greeley,KS,2515.0,2545.0,2183.0,2149.0,2270.0,2558.0,2824.0,2994.0,-9.7,0.0233,0.0,0.0,0.02,0.0204,0.0103,1.155,0.2464,8,4,51.0
20073,Greenwood,KS,1811.0,1810.0,1857.0,1928.0,1937.0,2183.0,2410.0,2554.0,7.0,0.0081,0.0095,0.0039,0.0073,0.0173,0.0081,0.58,0.0625,18,2,54.5
20075,Hamilton,KS,2471.0,2299.0,2226.0,2156.0,2137.0,2409.0,2659.0,2819.0,-13.5,0.0215,0.0102,0.0,0.0187,0.0096,0.0,0.322,0.0847,8,2,12.6
20077,Harper,KS,2714.0,2581.0,2528.0,2438.0,2460.0,2773.0,3061.0,3245.0,-9.4,0.0039,0.0129,0.0055,0.0121,0.0198,0.0153,0.232,0.0519,15,1,28.3
20079,Harvey,KS,2307.0,2288.0,2322.0,2384.0,2400.0,2704.0,2986.0,3165.0,4.0,0.0076,0.0075,0.0082,0.0134,0.0112,0.0126,0.46,0.0767,17,2,54.4
20081,Haskell,KS,2786.0,2673.0,2637.0,2536.0,2554.0,2878.0,3177.0,3368.0,-8.3,0.0112,0.0109,0.0105,0.0065,0.0093,0.0147,0.285,0.0524,10,1,31.2
20083,Hodgeman,KS,2681.0,2624.0,2544.0,2374.0,2475.0,2789.0,3079.0,3264.0,-7.7,0.0075,0.0,0.0,0.0,0.0147,0.0144,0.297,0.0824,19,7,42.1
20085,Jackson,KS,2033.0,2045.0,2103.0,2168.0,2154.0,2428.0,2680.0,2841.0,6.0,0.0027,0.0061,0.0027,0.0072,0.0096,0.0091,0.493,0.0702,10,0,43.6
20087,Jefferson,KS,2114.0,2145.0,2136.0,2236.0,2264.0,2551.0,2817.0,2986.0,7.1,0.0055,0.005,0.0084,0.0076,0.0114,0.0061,0.303,0.0484,10,0,29.4
20089,Jewell,KS,2036.0,1954.0,1997.0,1915.0,1891.0,2131.0,2353.0,2494.0,-7.1,0.0086,0.0085,0.0117,0.0162,0.0336,0.008,1.78,0.2374,14,2,39.3
20091,Johnson,KS,2470.0,2527.0,2586.0,2655.0,2721.0,3067.0,3385.0,3589.0,10.2,0.0072,0.0048,0.0043,0.0053,0.0058,0.0056,0.371,0.0612,5,1,42.7
20093,Kearny,KS,2617.0,2513.0,2374.0,2301.0,2323.0,2618.0,2891.0,3064.0,-11.2,0.0073,0.0066,0.0128,0.0123,0.018,0.0061,0.485,0.1242,8,3,29.0
20095,Kingman,KS,2338.0,2209.0,2288.0,2253.0,2335.0,2631.0,2905.0,3079.0,-0.1,0.0107,0.0085,0.004,0.0064,0.005,0.0073,0.276,0.0369,16,1,22.7
20097,Kiowa,KS,2594.0,2480.0,2416.0,2431.0,2470.0,2784.0,3074.0,3258.0,-4.8,0.0202,0.0,0.0096,0.0135,0.0046,0.0085,0.623,0.1142,16,2,37.2
20099,Labette,KS,1918.0,1873.0,1852.0,1903.0,1857.0,2093.0,2310.0,2449.0,-3.2,0.0192,0.0092,0.0078,0.0089,0.0146,0.0105,0.605,0.0771,10,0,37.2
20101,Lane,KS,2503.0,2183.0,2155.0,2208.0,2181.0,2458.0,2713.0,2876.0,-12.9,0.0049,0.0098,0.005,0.0244,0.0203,0.0265,1.413,0.241,8,2,52.0
20103,Leavenworth,KS,2187.0,2257.0,2284.0,2372.0,2392.0,2696.0,2976.0,3155.0,9.4,0.0083,0.0075,0.0069,0.0092,0.0087,0.0123,0.736,0.0797,13,0,60.1
20105,Lincoln,KS,1966.0,2047.0,2110.0,2239.0,2294.0,2585.0,2854.0,3025.0,16.7,0.0159,0.0125,0.0,0.0215,0.012,0.0182,0.516,0.0913,10,3,77.7
20107,Linn,KS,2095.0,2076.0,2073.0,2046.0,2062.0,2324.0,2565.0,2719.0,-1.6,0.0097,0.0058,0.0055,0.0124,0.0101,0.0125,0.65,0.0925,12,1,45.7
20109,Logan,KS,2111.0,2068.0,2118.0,2207.0,2284.0,2574.0,2841.0,3012.0,8.2,0.0035,0.0033,0.0065,0.0181,0.0259,0.0089,0.853,0.1768,12,5,69.0
20111,Lyon,KS,2064.0,2082.0,2104.0,2152.0,2210.0,2490.0,2749.0,2914.0,7.1,0.0057,0.0087,0.0073,0.0083,0.0118,0.0134,0.758,0.1346,17,1,64.7
20113,McPherson,KS,2047.0,2095.0,2145.0,2273.0,2341.0,2638.0,2913.0,3088.0,14.4,0.0061,0.0098,0.0045,0.0096,0.0101,0.0072,0.592,0.0973,12,0,52.5
20115,Marion,KS,1841.0,1858.0,1893.0,1947.0,1967.0,2216.0,2447.0,2594.0,6.8,0.0022,0.0036,0.0028,0.0077,0.0117,0.0143,0.641,0.1,14,1,62.8
20117,Marshall,KS,2035.0,2037.0,2087.0,2131.0,2185.0,2462.0,2718.0,2881.0,7.4,0.013,0.0031,0.007,0.0078,0.015,0.0151,0.513,0.093,13,1,58.8
20119,Meade,KS,2514.0,2453.0,2376.0,2444.0,2512.0,2831.0,3125.0,3313.0,-0.1,0.007,0.0023,0.0022,0.0066,0.0064,0.0106,0.173,0.0529,12,3,35.9
20121,Miami,KS,2376.0,2371.0,2371.0,2426.0,2480.0,2795.0,3085.0,3270.0,4.4,0.0098,0.0072,0.0037,0.0068,0.0068,0.0094,0.629,0.0858,10,0,44.5
20123,Mitchell,KS,1792.0,1820.0,1900.0,1955.0,1953.0,2201.0,2430.0,2575.0,9.0,0.0106,0.0108,0.0024,0.0082,0.0058,0.0071,0.134,0.0317,9,1,38.6
20125,Montgomery,KS,2111.0,2116.0,2137.0,2239.0,2250.0,2536.0,2800.0,2968.0,6.6,0.0129,0.0127,0.0133,0.0126,0.0129,0.0134,0.203,0.0354,10,0,41.7
20127,Morris,KS,1952.0,1986.0,2020.0,2055.0,2099.0,2365.0,2611.0,2768.0,7.5,0.0099,0.008,0.0077,0.0216,0.0189,0.0099,0.581,0.1023,20,6,67.6
20129,Morton,KS,2200.0,2124.0,2092.0,2151.0,2102.0,2369.0,2616.0,2773.0,-4.5,0.0576,0.0492,0.0081,0.0195,0.0112,0.0071,0.387,0.0424,6,1,23.2
20131,Nemaha,KS,1929.0,1919.0,1920.0,2012.0,1949.0,2197.0,2425.0,2571.0,1.0,0.0067,0.0067,0.0025,0.0077,0.0116,0.0119,0.478,0.0866,8,1,42.8
20133,Neosho,KS,1915.0,1938.0,1977.0,2021.0,2017.0,2274.0,2510.0,2661.0,5.3,0.0144,0.0115,0.006,0.017,0.0146,0.0079,0.509,0.087,15,1,44.3
20135,Ness,KS,2400.0,2425.0,2540.0,2460.0,2431.0,2740.0,3024.0,3206.0,1.3,0.0136,0.0135,0.0098,0.0031,0.0032,0.0034,0.178,0.0446,14,3,23.8
20137,Norton,KS,2425.0,2325.0,2360.0,2477.0,2411.0,2717.0,3000.0,3180.0,-0.6,0.0085,0.0082,0.0016,0.0048,0.0164,0.017,0.146,0.0446,11,2,38.3
20139,Osage,KS,2040.0,2080.0,2083.0,2176.0,2232.0,2515.0,2777.0,2944.0,9.4,0.0068,0.0078,0.0071,0.0076,0.0078,0.0093,0.717,0.0907,17,2,63.7
20141,Osborne,KS,2130.0,2029.0,2046.0,2065.0,2054.0,2315.0,2556.0,2709.0,-3.6,0.0088,0.0113,0.0087,0.0104,0.0081,0.0081,0.222,0.0405,14,2,23.4
20143,Ottawa,KS,2267.0,2265.0,2359.0,2600.0,2636.0,2971.0,3280.0,3477.0,16.3,0.0068,0.0068,0.0086,0.0112,0.0094,0.0183,0.273,0.0747,12,4,69.6
20145,Pawnee,KS,2467.0,2287.0,2267.0,2344.0,2253.0,2539.0,2803.0,2971.0,-8.7,0.0092,0.0092,0.0078,0.0075,0.0085,0.0109,0.408,0.0945,22,7,42.9
20147,Phillips,KS,2286.0,2200.0,2314.0,2457.0,2471.0,2785.0,3074.0,3259.0,8.1,0.0043,0.0097,0.0166,0.0215,0.0216,0.0136,0.402,0.074,17,4,65.1
20149,Pottawatomie,KS,2113.0,2151.0,2212.0,2316.0,2341.0,2638.0,2913.0,3088.0,10.8,0.0044,0.0067,0.0048,0.008,0.0107,0.0072,0.355,0.0692,12,1,44.9
20151,Pratt,KS,2885.0,2619.0,2586.0,2612.0,2602.0,2933.0,3238.0,3432.0,-9.8,0.0081,0.0076,0.0074,0.0133,0.0149,0.0156,0.582,0.1384,15,1,41.3
20153,Rawlins,KS,2156.0,2180.0,2014.0,1992.0,1987.0,2239.0,2472.0,2620.0,-7.8,0.0,0.0139,0.0,0.0127,0.0057,0.0221,0.334,0.0754,8,2,39.4
20155,Reno,KS,2324.0,2306.0,2301.0,2362.0,2402.0,2707.0,2989.0,3168.0,3.4,0.0079,0.0073,0.0035,0.0071,0.0081,0.0101,0.38,0.0671,17,3,48.5
20157,Republic,KS,1917.0,1964.0,1865.0,2010.0,2018.0,2275.0,2511.0,2662.0,5.3,0.011,0.0088,0.0022,0.0128,0.0152,0.0108,0.448,0.081,11,1,49.8
20159,Rice,KS,2129.0,2095.0,2111.0,2175.0,2207.0,2487.0,2746.0,2911.0,3.7,0.0082,0.0097,0.0066,0.0063,0.0138,0.0144,0.437,0.0734,19,3,57.4
20161,Riley,KS,2118.0,2125.0,2205.0,2275.0,2320.0,2614.0,2886.0,3059.0,9.5,0.0051,0.005,0.0058,0.0074,0.0088,0.0107,0.272,0.0628,12,1,46.8
20163,Rooks,KS,2352.0,2403.0,2398.0,2500.0,2664.0,3002.0,3314.0,3513.0,13.3,0.0073,0.0088,0.0029,0.0071,0.0182,0.0128,0.594,0.1267,16,3,74.4
20165,Rush,KS,2632.0,2414.0,2223.0,2224.0,2220.0,2502.0,2762.0,2928.0,-15.7,0.0061,0.0207,0.003,0.0109,0.0106,0.0105,1.074,0.2311,17,4,49.5
20167,Russell,KS,2480.0,2419.0,2436.0,2495.0,2494.0,2811.0,3103.0,3289.0,0.6,0.0085,0.0084,0.0071,0.0115,0.0103,0.0117,0.543,0.1387,17,4,55.0
20169,Saline,KS,2058.0,2088.0,2120.0,2220.0,2287.0,2578.0,2846.0,3016.0,11.1,0.0076,0.0058,0.0082,0.0096,0.0106,0.0083,0.555,0.1001,10,2,58.7
20171,Scott,KS,2409.0,2352.0,2322.0,2331.0,2353.0,2652.0,2928.0,3103.0,-2.3,0.0074,0.0096,0.0023,0.0045,0.0157,0.0156,0.222,0.0599,7,3,38.2
20173,Sedgwick,KS,2620.0,2608.0,2598.0,2687.0,2725.0,3072.0,3391.0,3595.0,4.0,0.0082,0.0067,0.0062,0.0077,0.0085,0.0078,0.4,0.0785,8,0,34.2
20175,Seward,KS,2546.0,2445.0,2420.0,2537.0,2554.0,2879.0,3178.0,3369.0,0.3,0.0061,0.0055,0.0043,0.0099,0.0079,0.0086,0.217,0.0533,8,0,23.9
20177,Shawnee,KS,2038.0,2085.0,2151.0,2238.0,2262.0,2549.0,2814.0,2983.0,11.0,0.0064,0.0057,0.0054,0.0067,0.007,0.0081,0.292,0.0562,10,1,45.2
20179,Sheridan,KS,2436.0,2525.0,2526.0,2479.0,2615.0,2947.0,3253.0,3449.0,7.3,0.0046,0.0095,0.0098,0.0244,0.0155,0.0166,0.277,0.0871,13,3,57.0
20181,Sherman,KS,2202.0,2178.0,2161.0,2297.0,2423.0,2731.0,3015.0,3196.0,10.0,0.0187,0.0082,0.0157,0.0251,0.0212,0.0073,0.333,0.0516,7,1,42.6
20183,Smith,KS,2358.0,2178.0,2225.0,2402.0,2405.0,2710.0,2992.0,3171.0,2.0,0.008,0.0053,0.0079,0.0152,0.0339,0.0124,0.981,0.1803,13,2,56.3
20185,Stafford,KS,2699.0,2471.0,2517.0,2446.0,2512.0,2831.0,3126.0,3313.0,-6.9,0.0104,0.0098,0.005,0.0119,0.0237,0.01,0.197,0.051,19,7,34.4
20187,Stanton,KS,2837.0,2654.0,2638.0,2589.0,2673.0,3013.0,3326.0,3526.0,-5.8,0.0248,0.0157,0.0,0.0156,0.0075,0.0,0.157,0.0438,8,2,12.5
20189,Stevens,KS,2874.0,2765.0,2820.0,2805.0,2773.0,3125.0,3450.0,3657.0,-3.5,0.0046,0.0066,0.0043,0.0067,0.0133,0.0104,0.252,0.0644,9,2,29.8
20191,Sumner,KS,2518.0,2421.0,2387.0,2433.0,2441.0,2751.0,3038.0,3220.0,-3.1,0.0069,0.0076,0.0053,0.0079,0.012,0.0095,0.525,0.0924,19,3,41.5
20193,Thomas,KS,2325.0,2209.0,2213.0,2303.0,2258.0,2545.0,2810.0,2978.0,-2.9,0.0108,0.0081,0.0089,0.0105,0.0096,0.0123,0.272,0.0617,9,2,34.4
20195,Trego,KS,2195.0,2138.0,2110.0,2266.0,2232.0,2516.0,2778.0,2944.0,1.7,0.0201,0.0131,0.0086,0.0169,0.0043,0.0179,1.705,0.1493,10,3,65.5
20197,Wabaunsee,KS,2173.0,2202.0,2216.0,2301.0,2304.0,2597.0,2867.0,3039.0,6.0,0.0078,0.0,0.0037,0.0071,0.0035,0.0118,0.517,0.0793,17,4,64.4
20199,Wallace,KS,2069.0,2152.0,2301.0,2252.0,2262.0,2549.0,2815.0,2984.0,9.3,0.0097,0.0,0.0102,0.0088,0.0086,0.0086,1.069,0.198,14,6,71.9
20201,Washington,KS,1850.0,2012.0,1988.0,2050.0,2099.0,2366.0,2612.0,2769.0,13.5,0.0193,0.0084,0.0055,0.0267,0.0138,0.0085,0.251,0.0585,13,2,49.7
20203,Wichita,KS,2498.0,2449.0,2394.0,2252.0,2207.0,2487.0,2746.0,2911.0,-11.6,0.0096,0.0,0.0,0.0227,0.0072,0.0203,1.063,0.2132,6,2,51.4
20205,Wilson,KS,1834.0,1879.0,1861.0,1922.0,1917.0,2161.0,2386.0,2529.0,4.5,0.0106,0.009,0.0088,0.0256,0.0127,0.0129,0.387,0.0542,12,1,47.0
20207,Woodson,KS,1783.0,1883.0,1863.0,1867.0,1923.0,2168.0,2393.0,2537.0,7.9,0.0,0.0033,0.0032,0.0088,0.0053,0.0175,0.461,0.0648,19,4,69.7
20209,Wyandotte,KS,1981.0,2030.0,2018.0,2051.0,2059.0,2320.0,2562.0,2715.0,3.9,0.0118,0.0081,0.0072,0.0102,0.013,0.0127,0.386,0.0606,17,4,54.7
21001,Adair,KY,1472.0,1450.0,1415.0,1397.0,1432.0,1614.0,1782.0,1889.0,-2.7,0.0044,0.0041,0.0,0.0043,0.0054,0.0112,0.318,0.0502,16,8,42.7
21003,Allen,KY,1547.0,1566.0,1515.0,1518.0,1535.0,1730.0,1910.0,2025.0,-0.8,0.0066,0.0074,0.0049,0.0057,0.0084,0.0107,0.355,0.0492,15,9,45.9
21005,Anderson,KY,1366.0,1335.0,1330.0,1336.0,1367.0,1541.0,1701.0,1803.0,0.1,0.0047,0.0038,0.0026,0.0054,0.0075,0.0077,0.512,0.063,17,7,47.4
21007,Ballard,KY,1851.0,1866.0,1848.0,1848.0,1902.0,2144.0,2367.0,2509.0,2.8,0.0104,0.0026,0.0,0.0023,0.0061,0.0108,0.523,0.0814,21,7,59.5
21009,Barren,KY,1628.0,1595.0,1541.0,1524.0,1541.0,1737.0,1917.0,2032.0,-5.3,0.0071,0.0056,0.0042,0.0054,0.0074,0.0064,0.411,0.0596,15,10,35.0
21011,Bath,KY,1417.0,1380.0,1377.0,1343.0,1341.0,1511.0,1668.0,1768.0,-5.4,0.0081,0.0059,0.0037,0.0084,0.0109,0.0063,0.45,0.0518,19,5,34.6
21013,Bell,KY,1204.0,1206.0,1211.0,1235.0,1278.0,1440.0,1590.0,1686.0,6.1,0.0042,0.0035,0.0033,0.0113,0.0128,0.0097,0.436,0.0345,17,7,60.4
21015,Boone,KY,1483.0,1479.0,1474.0,1465.0,1493.0,1682.0,1857.0,1969.0,0.7,0.0058,0.0052,0.0032,0.0035,0.0046,0.004,0.479,0.064,8,3,33.3
21017,Bourbon,KY,1306.0,1310.0,1300.0,1301.0,1351.0,1523.0,1681.0,1782.0,3.4,0.004,0.0038,0.0014,0.0083,0.0092,0.0326,0.623,0.0563,15,5,70.3
21019,Boyd,KY,1486.0,1463.0,1417.0,1424.0,1427.0,1608.0,1775.0,1882.0,-4.0,0.0061,0.0059,0.0029,0.0079,0.0093,0.0104,0.42,0.0544,24,8,45.3
21021,Boyle,KY,1544.0,1495.0,1452.0,1452.0,1485.0,1674.0,1848.0,1958.0,-3.8,0.01,0.0075,0.0037,0.0069,0.0067,0.008,0.507,0.0555,13,5,41.6
21023,Bracken,KY,1496.0,1445.0,1429.0,1418.0,1474.0,1661.0,1833.0,1943.0,-1.5,0.0078,0.0077,0.0037,0.0069,0.0096,0.0051,0.453,0.0663,12,5,35.1
21025,Breathitt,KY,1629.0,1523.0,1529.0,1561.0,1638.0,1846.0,2038.0,2161.0,0.6,0.0029,0.0117,0.0057,0.0027,0.0052,0.0054,1.279,0.0381,31,12,51.3
21027,Breckinridge,KY,1508.0,1472.0,1459.0,1437.0,1458.0,1644.0,1815.0,1923.0,-3.3,0.0058,0.0079,0.004,0.0042,0.0054,0.0075,0.39,0.051,22,9,38.2
21029,Bullitt,KY,1578.0,1546.0,1495.0,1502.0,1494.0,1684.0,1859.0,1970.0,-5.3,0.0062,0.0036,0.0026,0.0037,0.0058,0.0058,0.36,0.0572,17,8,30.9
21031,Butler,KY,1622.0,1632.0,1546.0,1583.0,1595.0,1798.0,1985.0,2104.0,-1.7,0.0107,0.0106,0.004,0.0107,0.0105,0.005,0.331,0.0542,21,8,30.6
21033,Caldwell,KY,1471.0,1466.0,1435.0,1474.0,1560.0,1758.0,1941.0,2057.0,6.1,0.0137,0.0085,0.0021,0.0081,0.007,0.0147,1.341,0.0599,22,11,78.5
21035,Calloway,KY,1697.0,1684.0,1686.0,1690.0,1773.0,1999.0,2207.0,2339.0,4.5,0.0073,0.0047,0.0021,0.0057,0.0039,0.008,0.357,0.0514,15,7,49.4
21037,Campbell,KY,1360.0,1344.0,1344.0,1339.0,1357.0,1529.0,1688.0,1789.0,-0.2,0.005,0.0046,0.0042,0.0034,0.0041,0.0074,0.382,0.0444,12,4,37.2
21039,Carlisle,KY,1799.0,1817.0,1822.0,1766.0,1789.0,2016.0,2226.0,2360.0,-0.6,0.0049,0.0074,0.0049,0.0132,0.004,0.0147,0.446,0.0668,21,8,55.1
21041,Carroll,KY,1606.0,1544.0,1549.0,1517.0,1546.0,1742.0,1924.0,2039.0,-3.7,0.0075,0.0036,0.0035,0.0044,0.0064,0.0055,0.357,0.0451,15,4,26.2
21043,Carter,KY,1374.0,1381.0,1360.0,1346.0,1383.0,1558.0,1721.0,1824.0,0.7,0.0058,0.0072,0.004,0.0068,0.0092,0.0118,0.329,0.0485,28,10,49.2
21045,Casey,KY,1552.0,1508.0,1436.0,1440.0,1453.0,1637.0,1808.0,1916.0,-6.4,0.0112,0.0109,0.0034,0.0031,0.0083,0.0027,0.428,0.0546,20,10,30.8
21047,Christian,KY,1581.0,1575.0,1582.0,1602.0,1688.0,1903.0,2101.0,2227.0,6.8,0.0072,0.0061,0.0036,0.0086,0.0068,0.0074,0.542,0.0893,17,9,61.0
21049,Clark,KY,1327.0,1304.0,1312.0,1316.0,1334.0,1503.0,1659.0,1759.0,0.5,0.0088,0.0083,0.0043,0.0044,0.0045,0.0077,0.461,0.061,16,8,46.6
21051,Clay,KY,1502.0,1507.0,1518.0,1543.0,1575.0,1775.0,1960.0,2077.0,4.9,0.006,0.0069,0.0077,0.006,0.0122,0.0085,0.68,0.0329,35,15,64.5
21053,Clinton,KY,1425.0,1380.0,1352.0,1312.0,1352.0,1524.0,1683.0,1784.0,-5.1,0.0053,0.0053,0.0026,0.0074,0.007,0.0073,0.381,0.0476,11,8,35.6
21055,Crittenden,KY,1570.0,1525.0,1524.0,1570.0,1607.0,1811.0,1999.0,2119.0,2.4,0.0085,0.0051,0.0084,0.014,0.0075,0.011,0.184,0.0348,24,8,47.1
21057,Cumberland,KY,1428.0,1418.0,1368.0,1420.0,1449.0,1633.0,1803.0,1911.0,1.5,0.0074,0.0071,0.0022,0.0062,0.0076,0.0073,0.273,0.0442,15,10,39.3
21059,Daviess,KY,1519.0,1513.0,1476.0,1469.0,1482.0,1670.0,1844.0,1955.0,-2.4,0.0053,0.004,0.0041,0.0045,0.0051,0.007,0.317,0.0461,15,5,31.9
21061,Edmonson,KY,1789.0,1710.0,1668.0,1653.0,1641.0,1849.0,2041.0,2164.0,-8.3,0.008,0.007,0.0054,0.0075,0.0058,0.009,0.488,0.0644,19,8,43.6
21063,Elliott,KY,1446.0,1423.0,1379.0,1385.0,1438.0,1621.0,1789.0,1896.0,-0.6,0.0276,0.0,0.0,0.0048,0.0136,0.0044,0.134,0.0408,25,9,27.9
21065,Estill,KY,1391.0,1378.0,1339.0,1340.0,1391.0,1568.0,1731.0,1835.0,0.0,0.0299,0.0087,0.0012,0.0085,0.0068,0.0068,0.361,0.0416,29,11,39.0
21067,Fayette,KY,1490.0,1487.0,1496.0,1485.0,1499.0,1689.0,1865.0,1976.0,0.6,0.0045,0.0044,0.0025,0.0035,0.0051,0.0071,0.418,0.0623,13,6,41.3
21069,Fleming,KY,1236.0,1219.0,1213.0,1223.0,1277.0,1439.0,1588.0,1684.0,3.3,0.0053,0.0017,0.0084,0.0097,0.0058,0.0043,0.519,0.0604,18,5,45.8
21071,Floyd,KY,1644.0,1634.0,1599.0,1588.0,1635.0,1843.0,2035.0,2157.0,-0.5,0.0074,0.0074,0.0045,0.0107,0.0132,0.0135,0.784,0.0305,32,11,63.5
21073,Franklin,KY,1260.0,1253.0,1261.0,1258.0,1292.0,1456.0,1608.0,1704.0,2.5,0.0064,0.0047,0.0036,0.0052,0.0053,0.0078,0.608,0.0664,19,8,55.0
21075,Fulton,KY,1719.0,1714.0,1691.0,1746.0,1802.0,2031.0,2242.0,2376.0,4.8,0.011,0.0,0.0291,0.0206,0.0102,0.0,1.081,0.1169,18,7,54.7
21077,Gallatin,KY,1649.0,1582.0,1579.0,1587.0,1599.0,1802.0,1989.0,2109.0,-3.0,0.0044,0.0043,0.0042,0.0079,0.0078,0.0106,0.336,0.0596,13,5,39.9
21079,Garrard,KY,1481.0,1449.0,1434.0,1460.0,1475.0,1662.0,1835.0,1945.0,-0.4,0.0089,0.006,0.0034,0.0038,0.0052,0.0058,0.49,0.0514,13,7,40.9
21081,Grant,KY,1449.0,1451.0,1441.0,1429.0,1453.0,1638.0,1808.0,1917.0,0.3,0.0066,0.0063,0.0052,0.0074,0.0075,0.0064,0.472,0.0581,14,4,38.1
21083,Graves,KY,1697.0,1683.0,1694.0,1708.0,1791.0,2019.0,2228.0,2362.0,5.5,0.0104,0.0072,0.0048,0.0112,0.0094,0.0114,0.517,0.0647,16,9,66.9
21085,Grayson,KY,1619.0,1582.0,1561.0,1547.0,1560.0,1758.0,1941.0,2058.0,-3.6,0.0053,0.0076,0.0042,0.0046,0.006,0.0122,0.246,0.0381,22,8,40.8
21087,Green,KY,1488.0,1498.0,1446.0,1455.0,1454.0,1639.0,1810.0,1918.0,-2.3,0.002,0.0075,0.014,0.0101,0.0142,0.0162,0.476,0.0583,16,8,55.4
21089,Greenup,KY,1314.0,1290.0,1270.0,1291.0,1282.0,1445.0,1595.0,1691.0,-2.4,0.0058,0.0076,0.0049,0.0094,0.0093,0.0096,0.318,0.0383,24,10,40.8
21091,Hancock,KY,1531.0,1528.0,1497.0,1497.0,1541.0,1737.0,1917.0,2032.0,0.7,0.0027,0.0038,0.0023,0.0021,0.0021,0.0084,0.305,0.0477,21,6,39.8
21093,Hardin,KY,1567.0,1552.0,1494.0,1490.0,1517.0,1709.0,1887.0,2000.0,-3.2,0.0067,0.0038,0.0033,0.006,0.0048,0.0074,0.352,0.0674,16,5,33.9
21095,Harlan,KY,1253.0,1171.0,1162.0,1219.0,1310.0,1476.0,1630.0,1727.0,4.5,0.0032,0.0167,0.0029,0.0152,0.0093,0.018,0.483,0.041,23,10,69.2
21097,Harrison,KY,1297.0,1282.0,1294.0,1283.0,1347.0,1518.0,1676.0,1777.0,3.9,0.0057,0.0075,0.0019,0.0084,0.0099,0.0187,0.878,0.0945,16,6,73.5
21099,Hart,KY,1538.0,1502.0,1444.0,1442.0,1468.0,1654.0,1826.0,1936.0,-4.6,0.0053,0.0063,0.0037,0.0082,0.0028,0.0091,0.477,0.0686,20,9,45.6
21101,Henderson,KY,1785.0,1746.0,1713.0,1692.0,1717.0,1935.0,2137.0,2265.0,-3.8,0.0048,0.0061,0.0029,0.006,0.0046,0.0061,0.454,0.0662,19,6,35.3
21103,Henry,KY,1643.0,1604.0,1572.0,1549.0,1597.0,1800.0,1987.0,2107.0,-2.8,0.0082,0.0072,0.0048,0.0078,0.0044,0.0119,0.508,0.078,16,7,51.8
21105,Hickman,KY,1784.0,1746.0,1727.0,1752.0,1833.0,2066.0,2280.0,2417.0,2.7,0.0041,0.0013,0.0014,0.0109,0.0097,0.0198,0.38,0.0864,21,9,60.9
21107,Hopkins,KY,1693.0,1667.0,1669.0,1674.0,1772.0,1997.0,2205.0,2337.0,4.7,0.0067,0.0077,0.0042,0.0075,0.008,0.01,0.693,0.0784,24,9,66.9
21109,Jackson,KY,1564.0,1547.0,1514.0,1485.0,1489.0,1679.0,1853.0,1964.0,-4.8,0.0098,0.0064,0.0058,0.0125,0.0047,0.0095,0.349,0.0404,25,12,40.4
21111,Jefferson,KY,1746.0,1713.0,1653.0,1634.0,1619.0,1825.0,2015.0,2135.0,-7.3,0.0055,0.0054,0.0041,0.0048,0.0065,0.0075,0.34,0.0586,17,7,32.5
21113,Jessamine,KY,1480.0,1482.0,1466.0,1460.0,1491.0,1681.0,1855.0,1967.0,0.7,0.0066,0.0053,0.0024,0.004,0.0046,0.0066,0.843,0.0913,15,7,51.7
21115,Johnson,KY,1699.0,1626.0,1644.0,1655.0,1664.0,1875.0,2070.0,2194.0,-2.1,0.0055,0.0066,0.0034,0.011,0.0088,0.0097,0.572,0.0321,33,12,52.5
21117,Kenton,KY,1381.0,1372.0,1358.0,1350.0,1365.0,1539.0,1699.0,1801.0,-1.2,0.0058,0.0065,0.0032,0.0045,0.0058,0.0056,0.457,0.0557,11,4,34.6
21119,Knott,KY,1569.0,1648.0,1638.0,1657.0,1688.0,1902.0,2100.0,2226.0,7.6,0.0036,0.0053,0.0017,0.0066,0.016,0.0144,0.457,0.0497,28,9,71.1
21121,Knox,KY,1336.0,1302.0,1314.0,1358.0,1367.0,1540.0,1700.0,1802.0,2.3,0.0045,0.0034,0.0037,0.0096,0.0101,0.0088,0.491,0.0536,23,7,52.8
21123,Larue,KY,1546.0,1500.0,1458.0,1449.0,1472.0,1659.0,1831.0,1941.0,-4.8,0.0072,0.004,0.0025,0.007,0.0046,0.0182,0.391,0.0723,17,7,49.9
21125,Laurel,KY,1545.0,1522.0,1499.0,1485.0,1504.0,1695.0,1871.0,1983.0,-2.7,0.008,0.0046,0.0039,0.0067,0.0059,0.0057,0.556,0.0501,18,10,42.0
21127,Lawrence,KY,1564.0,1538.0,1507.0,1553.0,1571.0,1770.0,1954.0,2071.0,0.4,0.0053,0.0064,0.0037,0.0114,0.0075,0.0054,0.472,0.025,34,10,42.3
21129,Lee,KY,1740.0,1654.0,1641.0,1643.0,1726.0,1945.0,2147.0,2276.0,-0.8,0.0118,0.0153,0.0109,0.0141,0.02,0.0204,0.264,0.0283,30,14,50.6
21131,Leslie,KY,1766.0,1614.0,1658.0,1586.0,1688.0,1902.0,2100.0,2226.0,-4.4,0.0054,0.0152,0.005,0.0094,0.0109,0.0108,1.557,0.0332,25,10,57.6
21133,Letcher,KY,1442.0,1470.0,1432.0,1398.0,1454.0,1639.0,1809.0,1918.0,0.8,0.0094,0.0183,0.0261,0.0112,0.0081,0.0169,0.417,0.0628,23,8,58.0
21135,Lewis,KY,1186.0,1176.0,1174.0,1187.0,1231.0,1387.0,1531.0,1623.0,3.8,0.0097,0.0112,0.0,0.0122,0.0132,0.0113,0.29,0.0415,26,7,51.6
21137,Lincoln,KY,1348.0,1331.0,1334.0,1341.0,1357.0,1530.0,1689.0,1790.0,0.7,0.006,0.0079,0.0048,0.0131,0.0077,0.0131,0.416,0.0642,17,8,54.4
21139,Livingston,KY,1643.0,1663.0,1626.0,1585.0,1586.0,1787.0,1973.0,2092.0,-3.5,0.0085,0.0118,0.0036,0.009,0.0078,0.015,0.367,0.0468,22,8,48.5
21141,Logan,KY,1626.0,1612.0,1581.0,1588.0,1594.0,1796.0,1983.0,2102.0,-2.0,0.0063,0.0072,0.0043,0.0085,0.0069,0.0098,0.408,0.0554,13,8,45.2
21143,Lyon,KY,1867.0,1848.0,1807.0,1806.0,1846.0,2081.0,2297.0,2435.0,-1.1,0.005,0.0067,0.0018,0.0052,0.0044,0.0045,0.814,0.0472,18,9,45.3
21145,McCracken,KY,1895.0,1887.0,1882.0,1898.0,1936.0,2182.0,2409.0,2553.0,2.2,0.0069,0.0058,0.0044,0.0071,0.0073,0.0078,0.494,0.0551,15,6,50.3
21147,McCreary,KY,1383.0,1379.0,1353.0,1382.0,1395.0,1572.0,1736.0,1840.0,0.9,0.0044,0.0085,0.0049,0.0129,0.0065,0.01,0.572,0.0467,16,9,57.1
21149,McLean,KY,1496.0,1482.0,1458.0,1460.0,1542.0,1738.0,1919.0,2034.0,3.1,0.01,0.0067,0.0173,0.0082,0.0039,0.0118,0.667,0.0762,19,7,65.1
21151,Madison,KY,1366.0,1359.0,1355.0,1356.0,1375.0,1550.0,1711.0,1814.0,0.7,0.0086,0.0061,0.0034,0.0042,0.0052,0.0075,0.435,0.0544,17,7,44.7
21153,Magoffin,KY,1703.0,1658.0,1589.0,1610.0,1666.0,1877.0,2073.0,2197.0,-2.2,0.0019,0.0148,0.0052,0.0113,0.0045,0.0103,0.562,0.0291,32,10,53.0
21155,Marion,KY,1425.0,1410.0,1349.0,1327.0,1355.0,1527.0,1685.0,1786.0,-4.9,0.0089,0.0077,0.0025,0.0065,0.0024,0.0111,0.573,0.0643,15,8,51.7
21157,Marshall,KY,1845.0,1842.0,1833.0,1822.0,1897.0,2138.0,2360.0,2502.0,2.8,0.0082,0.0037,0.0067,0.0045,0.0056,0.008,0.977,0.0756,23,10,60.6
21159,Martin,KY,2429.0,2373.0,2331.0,2418.0,2255.0,2541.0,2805.0,2974.0,-7.2,0.0091,0.0061,0.0091,0.0029,0.0169,0.0168,0.869,0.0241,25,9,60.6
21161,Mason,KY,1119.0,1112.0,1118.0,1121.0,1153.0,1300.0,1435.0,1521.0,3.0,0.0094,0.0065,0.0026,0.0085,0.0152,0.008,0.421,0.053,17,5,47.6
21163,Meade,KY,1507.0,1504.0,1453.0,1454.0,1500.0,1690.0,1866.0,1978.0,-0.5,0.0086,0.0061,0.0045,0.0072,0.0048,0.0094,0.341,0.0606,18,8,43.3
21165,Menifee,KY,1371.0,1335.0,1326.0,1352.0,1386.0,1562.0,1725.0,1828.0,1.1,0.0088,0.0082,0.005,0.0089,0.0061,0.0102,0.435,0.0382,25,11,52.9
21167,Mercer,KY,1401.0,1395.0,1389.0,1385.0,1411.0,1590.0,1756.0,1861.0,0.7,0.0078,0.0033,0.0039,0.0056,0.0069,0.0121,0.448,0.0515,14,6,53.8
21169,Metcalfe,KY,1400.0,1387.0,1340.0,1363.0,1394.0,1571.0,1734.0,1838.0,-0.4,0.0018,0.0084,0.0066,0.0095,0.0094,0.0066,0.511,0.0486,23,9,44.5
21171,Monroe,KY,1523.0,1537.0,1494.0,1513.0,1552.0,1749.0,1931.0,2047.0,1.9,0.0104,0.0094,0.0053,0.0081,0.0,0.0046,0.749,0.1084,15,8,49.5
21173,Montgomery,KY,1287.0,1294.0,1269.0,1310.0,1330.0,1499.0,1655.0,1754.0,3.3,0.0049,0.0071,0.003,0.0069,0.0069,0.0064,0.555,0.0658,14,5,49.6
21175,Morgan,KY,1496.0,1418.0,1406.0,1466.0,1471.0,1658.0,1830.0,1940.0,-1.7,0.0045,0.0014,0.0053,0.0063,0.0049,0.0086,0.666,0.0291,25,9,52.1
21177,Muhlenberg,KY,1544.0,1529.0,1540.0,1552.0,1643.0,1852.0,2045.0,2167.0,6.4,0.0061,0.0085,0.0038,0.0117,0.006,0.0123,0.962,0.1054,16,9,75.9
21179,Nelson,KY,1494.0,1478.0,1432.0,1420.0,1451.0,1635.0,1805.0,1913.0,-2.9,0.0057,0.0063,0.0036,0.0049,0.0049,0.0049,0.472,0.0701,15,6,35.0
21181,Nicholas,KY,1384.0,1383.0,1385.0,1391.0,1422.0,1603.0,1769.0,1876.0,2.7,0.0129,0.0104,0.008,0.0077,0.0113,0.0289,0.211,0.0405,24,8,56.2
21183,Ohio,KY,1517.0,1471.0,1465.0,1481.0,1504.0,1695.0,1871.0,1984.0,-0.9,0.0089,0.0062,0.004,0.009,0.0069,0.0096,0.442,0.0506,23,10,48.6
21185,Oldham,KY,2153.0,2107.0,2071.0,2042.0,2075.0,2338.0,2581.0,2736.0,-3.6,0.0043,0.004,0.0037,0.004,0.0054,0.0055,0.41,0.0657,12,5,31.3
21187,Owen,KY,1549.0,1544.0,1547.0,1517.0,1578.0,1779.0,1963.0,2081.0,1.9,0.0098,0.0077,0.0056,0.0079,0.0087,0.0027,0.324,0.0438,16,5,31.5
21189,Owsley,KY,1975.0,1771.0,1747.0,1732.0,1749.0,1971.0,2176.0,2306.0,-11.4,0.0093,0.0268,0.0085,0.04,0.0,0.0,0.314,0.0327,32,15,24.5
21191,Pendleton,KY,1413.0,1403.0,1367.0,1358.0,1394.0,1571.0,1734.0,1838.0,-1.3,0.0084,0.0033,0.0016,0.013,0.0109,0.0091,0.552,0.0624,15,4,46.8
21193,Perry,KY,1655.0,1564.0,1507.0,1567.0,1662.0,1873.0,2068.0,2192.0,0.4,0.0028,0.0124,0.0033,0.0087,0.0071,0.0041,0.574,0.0502,30,10,43.9
21195,Pike,KY,1617.0,1590.0,1564.0,1567.0,1605.0,1809.0,1997.0,2117.0,-0.7,0.0068,0.01,0.0049,0.0076,0.0051,0.0144,0.557,0.0212,28,7,58.4
21197,Powell,KY,1396.0,1368.0,1356.0,1353.0,1390.0,1566.0,1729.0,1833.0,-0.4,0.0083,0.0148,0.0057,0.0146,0.0124,0.0099,0.536,0.0462,25,12,54.1
21199,Pulaski,KY,1544.0,1516.0,1469.0,1452.0,1483.0,1672.0,1845.0,1956.0,-4.0,0.0047,0.0054,0.0038,0.006,0.0069,0.0077,0.418,0.051,14,10,39.7
21201,Robertson,KY,1339.0,1286.0,1263.0,1287.0,1311.0,1478.0,1631.0,1729.0,-2.1,0.0,0.0,0.0,0.0,0.0,0.0096,0.673,0.0621,18,7,53.1
21203,Rockcastle,KY,1475.0,1460.0,1381.0,1392.0,1376.0,1551.0,1712.0,1815.0,-6.7,0.0054,0.0042,0.002,0.0064,0.0117,0.0058,0.505,0.06,24,12,38.2
21205,Rowan,KY,1295.0,1241.0,1236.0,1226.0,1283.0,1446.0,1597.0,1692.0,-0.9,0.0066,0.0047,0.0045,0.0071,0.0087,0.0069,0.29,0.0373,22,5,31.5
21207,Russell,KY,1467.0,1440.0,1393.0,1366.0,1386.0,1562.0,1725.0,1828.0,-5.5,0.0087,0.0046,0.0024,0.0068,0.008,0.0048,0.375,0.0406,14,8,29.9
21209,Scott,KY,1414.0,1394.0,1409.0,1416.0,1445.0,1629.0,1798.0,1906.0,2.2,0.005,0.0049,0.0031,0.0021,0.0039,0.0059,0.372,0.0456,9,3,35.3
21211,Shelby,KY,1662.0,1646.0,1609.0,1630.0,1691.0,1906.0,2105.0,2231.0,1.7,0.005,0.0056,0.0045,0.0027,0.0054,0.0083,0.619,0.0686,16,6,53.7
21213,Simpson,KY,1610.0,1559.0,1502.0,1469.0,1505.0,1696.0,1872.0,1985.0,-6.5,0.0043,0.003,0.0045,0.0075,0.0032,0.0106,0.25,0.045,11,7,36.8
21215,Spencer,KY,1683.0,1649.0,1588.0,1581.0,1598.0,1801.0,1989.0,2108.0,-5.1,0.0042,0.0035,0.0016,0.0056,0.007,0.0036,0.283,0.0491,23,9,25.1
21217,Taylor,KY,1338.0,1325.0,1273.0,1292.0,1307.0,1473.0,1626.0,1723.0,-2.3,0.0083,0.0058,0.0018,0.0048,0.0073,0.0077,0.523,0.0641,15,8,45.0
21219,Todd,KY,1420.0,1397.0,1399.0,1385.0,1480.0,1667.0,1841.0,1951.0,4.2,0.0019,0.009,0.0035,0.0066,0.0063,0.0112,0.487,0.0803,14,8,62.1
21221,Trigg,KY,1698.0,1658.0,1664.0,1650.0,1727.0,1946.0,2148.0,2277.0,1.7,0.0062,0.0024,0.0018,0.0079,0.0028,0.0064,0.593,0.049,20,8,50.2
21223,Trimble,KY,1661.0,1688.0,1630.0,1635.0,1644.0,1853.0,2046.0,2169.0,-1.0,0.0051,0.0035,0.0034,0.0045,0.0076,0.0135,0.585,0.0577,15,5,56.5
21225,Union,KY,1759.0,1729.0,1690.0,1679.0,1716.0,1934.0,2136.0,2264.0,-2.4,0.0114,0.0105,0.0017,0.0086,0.0052,0.0063,0.269,0.0428,24,9,30.8
21227,Warren,KY,1668.0,1645.0,1608.0,1595.0,1635.0,1842.0,2034.0,2156.0,-2.0,0.0053,0.0047,0.0031,0.0049,0.0061,0.0076,0.765,0.0948,15,10,50.5
21229,Washington,KY,1584.0,1543.0,1516.0,1509.0,1548.0,1745.0,1926.0,2042.0,-2.3,0.0086,0.0098,0.003,0.0083,0.0078,0.0144,0.408,0.0516,22,7,50.8
21231,Wayne,KY,1475.0,1415.0,1418.0,1435.0,1438.0,1620.0,1789.0,1896.0,-2.5,0.005,0.0013,0.0029,0.0041,0.004,0.0058,0.275,0.0392,15,9,29.9
21233,Webster,KY,1826.0,1771.0,1751.0,1783.0,1834.0,2067.0,2282.0,2419.0,0.4,0.0062,0.0113,0.0025,0.0072,0.0054,0.011,0.427,0.061,19,5,48.9
21235,Whitley,KY,1357.0,1344.0,1356.0,1401.0,1424.0,1604.0,1771.0,1878.0,4.9,0.007,0.0073,0.0033,0.0075,0.008,0.0065,0.555,0.0518,26,13,56.7
21237,Wolfe,KY,1926.0,1718.0,1576.0,1543.0,1749.0,1971.0,2175.0,2306.0,-9.2,0.0192,0.0094,0.0083,0.0068,0.0108,0.0099,0.093,0.0236,25,11,34.7
21239,Woodford,KY,1483.0,1476.0,1476.0,1488.0,1532.0,1727.0,1906.0,2021.0,3.3,0.0044,0.0063,0.0018,0.0041,0.0046,0.0077,0.539,0.0971,18,8,55.1
22001,Acadia,LA,2251.0,2270.0,2285.0,2352.0,2403.0,2708.0,2990.0,3169.0,6.8,0.0047,0.006,0.0036,0.0085,0.0101,0.0118,0.426,0.0796,32,8,65.0
22003,Allen,LA,2030.0,2058.0,2066.0,2164.0,2165.0,2440.0,2694.0,2856.0,6.7,0.0016,0.007,0.0049,0.0102,0.0081,0.0091,1.584,0.1537,32,8,71.1
22005,Ascension,LA,2492.0,2489.0,2479.0,2483.0,2508.0,2827.0,3121.0,3308.0,0.6,0.0039,0.0026,0.0017,0.0033,0.0148,0.02,0.618,0.1071,34,10,66.4
22007,Assumption,LA,2759.0,2748.0,2697.0,2692.0,2773.0,3125.0,3450.0,3657.0,0.5,0.0047,0.0021,0.0014,0.0032,0.0158,0.0261,0.214,0.0517,38,10,52.3
22009,Avoyelles,LA,1817.0,1831.0,1843.0,1916.0,2004.0,2259.0,2493.0,2643.0,10.3,0.0058,0.0093,0.002,0.0062,0.0054,0.0083,0.401,0.0693,29,7,61.2
22011,Beauregard,LA,1950.0,1963.0,1998.0,2078.0,2171.0,2446.0,2701.0,2863.0,11.3,0.0054,0.0062,0.0035,0.0065,0.0089,0.0074,2.462,0.2763,34,9,73.9
22013,Bienville,LA,1600.0,1672.0,1686.0,1710.0,1769.0,1993.0,2201.0,2333.0,10.6,0.0039,0.004,0.0029,0.0082,0.0068,0.0094,0.653,0.0969,25,8,73.7
22015,Bossier,LA,1635.0,1686.0,1749.0,1803.0,1838.0,2072.0,2287.0,2424.0,12.4,0.0058,0.006,0.0043,0.008,0.0098,0.0088,1.199,0.1942,26,7,76.9
22017,Caddo,LA,1674.0,1739.0,1776.0,1839.0,1899.0,2141.0,2363.0,2505.0,13.4,0.0076,0.0081,0.0049,0.0096,0.0119,0.0117,0.689,0.1254,25,7,81.2
22019,Calcasieu,LA,2528.0,2532.0,2544.0,2681.0,2760.0,3111.0,3434.0,3640.0,9.2,0.0058,0.0062,0.0028,0.0125,0.0159,0.0108,3.056,0.3837,31,9,78.5
22021,Caldwell,LA,1734.0,1806.0,1789.0,1838.0,1841.0,2074.0,2290.0,2427.0,6.2,0.0082,0.0063,0.0076,0.0094,0.0037,0.0075,0.745,0.0873,27,8,63.8
22023,Cameron,LA,3505.0,3615.0,3388.0,3815.0,4093.0,4613.0,5093.0,5398.0,16.8,0.0062,0.0062,0.0019,0.0094,0.0173,0.0113,2.938,0.2751,31,8,86.5
22025,Catahoula,LA,1736.0,1745.0,1858.0,1860.0,1920.0,2163.0,2388.0,2532.0,10.6,0.0054,0.0014,0.0041,0.0078,0.0074,0.011,0.66,0.0715,32,8,77.1
22027,Claiborne,LA,1576.0,1595.0,1638.0,1657.0,1663.0,1874.0,2069.0,2194.0,5.5,0.0043,0.0067,0.0066,0.01,0.0095,0.0198,0.673,0.0939,25,7,75.2
22029,Concordia,LA,1627.0,1698.0,1740.0,1790.0,1824.0,2056.0,2270.0,2406.0,12.1,0.0065,0.0073,0.0046,0.0068,0.0101,0.0123,0.546,0.0918,30,7,77.3
22031,De Soto,LA,1691.0,1717.0,1756.0,1802.0,1838.0,2072.0,2287.0,2424.0,8.7,0.0047,0.0042,0.003,0.01,0.007,0.0064,0.684,0.1007,26,8,64.5
22033,East Baton Rouge,LA,2438.0,2429.0,2435.0,2456.0,2524.0,2845.0,3141.0,3329.0,3.5,0.0066,0.0059,0.0035,0.0058,0.0154,0.0184,0.38,0.0783,34,10,62.5
22035,East Carroll,LA,1676.0,1723.0,1804.0,1933.0,2113.0,2381.0,2629.0,2786.0,26.1,0.002,0.008,0.0137,0.0076,0.0093,0.0099,0.764,0.1034,27,8,85.0
22037,East Feliciana,LA,2434.0,2526.0,2417.0,2410.0,2500.0,2817.0,3110.0,3297.0,2.7,0.0033,0.0061,0.0021,0.0053,0.0112,0.0071,0.267,0.0487,32,9,40.7
22039,Evangeline,LA,1857.0,1890.0,1893.0,1983.0,2048.0,2308.0,2548.0,2701.0,10.3,0.0057,0.0089,0.0049,0.0078,0.008,0.0064,0.607,0.0871,28,8,65.0
22041,Franklin,LA,1672.0,1701.0,1782.0,1889.0,2015.0,2271.0,2507.0,2658.0,20.5,0.0057,0.0023,0.0023,0.0051,0.0043,0.0102,0.455,0.0738,29,8,76.6
22043,Grant,LA,1664.0,1715.0,1718.0,1760.0,1797.0,2025.0,2236.0,2370.0,8.0,0.0059,0.0063,0.0011,0.0049,0.0057,0.0048,0.976,0.1127,25,7,62.1
22045,Iberia,LA,2469.0,2468.0,2479.0,2559.0,2669.0,3008.0,3320.0,3520.0,8.1,0.0029,0.004,0.0028,0.0042,0.0163,0.0126,0.4,0.0866,35,8,67.2
22047,Iberville,LA,2442.0,2446.0,2431.0,2547.0,2575.0,2902.0,3204.0,3396.0,5.4,0.0055,0.005,0.0026,0.0062,0.0107,0.0114,0.304,0.0712,35,10,57.2
22049,Jackson,LA,1652.0,1697.0,1786.0,1855.0,1973.0,2223.0,2454.0,2602.0,19.4,0.0095,0.0076,0.0035,0.0094,0.0139,0.0074,0.64,0.1148,23,8,75.5
22051,Jefferson,LA,3466.0,3432.0,3391.0,3436.0,3609.0,4068.0,4491.0,4760.0,4.1,0.0038,0.0042,0.003,0.0044,0.0221,0.0361,0.693,0.1524,36,9,75.6
22053,Jefferson Davis,LA,2372.0,2393.0,2412.0,2500.0,2640.0,2975.0,3284.0,3481.0,11.3,0.0035,0.0052,0.0018,0.0073,0.0091,0.0085,1.197,0.1608,34,8,75.7
22055,Lafayette,LA,2502.0,2482.0,2498.0,2442.0,2409.0,2715.0,2997.0,3177.0,-3.7,0.0042,0.0046,0.0024,0.0045,0.0168,0.0119,0.397,0.0823,30,9,47.2
22057,Lafourche,LA,2938.0,2931.0,2920.0,3045.0,3255.0,3669.0,4050.0,4293.0,10.8,0.0024,0.0031,0.0011,0.0034,0.0299,0.0364,1.757,0.2403,39,10,89.5
22059,LaSalle,LA,1691.0,1720.0,1742.0,1762.0,1791.0,2019.0,2228.0,2362.0,5.9,0.0044,0.0056,0.0023,0.0064,0.0041,0.0047,0.48,0.0682,26,7,51.0
22061,Lincoln,LA,1706.0,1773.0,1845.0,1924.0,2004.0,2259.0,2494.0,2643.0,17.5,0.0043,0.0031,0.0022,0.004,0.0082,0.0079,0.658,0.1068,26,8,76.7
22063,Livingston,LA,2409.0,2411.0,2379.0,2359.0,2420.0,2728.0,3012.0,3192.0,0.5,0.0042,0.003,0.002,0.0046,0.0127,0.0162,0.796,0.1095,37,9,66.9
22065,Madison,LA,1671.0,1738.0,1815.0,1904.0,2014.0,2269.0,2506.0,2656.0,20.5,0.0119,0.0092,0.0063,0.0139,0.0075,0.0166,0.775,0.0918,27,8,91.8
22067,Morehouse,LA,1683.0,1745.0,1789.0,1852.0,2084.0,2349.0,2593.0,2748.0,23.8,0.0091,0.0079,0.0078,0.0103,0.0093,0.0087,0.673,0.1147,26,8,80.8
22069,Natchitoches,LA,1817.0,1877.0,1904.0,1901.0,1978.0,2229.0,2461.0,2609.0,8.9,0.0059,0.0078,0.0034,0.0075,0.0073,0.0112,0.516,0.0669,31,7,70.8
22071,Orleans,LA,4730.0,5177.0,4666.0,4656.0,4603.0,5188.0,5727.0,6071.0,-2.7,0.0044,0.0051,0.0036,0.0056,0.0455,0.0378,0.438,0.1238,34,9,56.8
22073,Ouachita,LA,1684.0,1727.0,1833.0,1953.0,2125.0,2394.0,2643.0,2802.0,26.2,0.0063,0.0065,0.0034,0.0095,0.0111,0.01,0.819,0.1463,32,8,85.9
22075,Plaquemines,LA,4210.0,4091.0,4053.0,4178.0,4353.0,4905.0,5415.0,5740.0,3.4,0.0035,0.0022,0.0016,0.0027,0.0519,0.0439,0.399,0.1316,35,9,65.0
22077,Pointe Coupee,LA,2538.0,2532.0,2432.0,2443.0,2467.0,2781.0,3070.0,3254.0,-2.8,0.0035,0.0041,0.0037,0.0044,0.0151,0.0112,0.27,0.0558,34,8,41.1
22079,Rapides,LA,1734.0,1732.0,1773.0,1835.0,1876.0,2114.0,2334.0,2474.0,8.2,0.0053,0.0058,0.0026,0.0072,0.0096,0.0086,0.949,0.1416,34,8,71.5
22081,Red River,LA,1764.0,1795.0,1844.0,1846.0,1896.0,2137.0,2359.0,2501.0,7.5,0.0039,0.0069,0.0051,0.0049,0.0104,0.0058,0.545,0.0758,26,8,58.1
22083,Richland,LA,1738.0,1780.0,1899.0,1984.0,2153.0,2426.0,2678.0,2839.0,23.9,0.0027,0.0063,0.0041,0.0039,0.0076,0.0066,0.637,0.1106,26,8,75.0
22085,Sabine,LA,1687.0,1709.0,1738.0,1736.0,1753.0,1976.0,2182.0,2313.0,3.9,0.0035,0.0037,0.0019,0.0048,0.0077,0.0056,0.657,0.0734,26,7,53.7
22087,St. Bernard,LA,2982.0,2982.0,2937.0,3062.0,3018.0,3401.0,3755.0,3980.0,1.2,0.0042,0.0033,0.0026,0.004,0.0229,0.0536,0.648,0.1459,34,9,69.8
22089,St. Charles,LA,2981.0,2984.0,2983.0,3019.0,3233.0,3644.0,4023.0,4264.0,8.5,0.0026,0.0031,0.0018,0.0022,0.0229,0.0358,2.033,0.2913,38,9,86.3
22091,St. Helena,LA,2244.0,2204.0,2221.0,2377.0,2471.0,2785.0,3075.0,3259.0,10.1,0.0059,0.0175,0.0114,0.0,0.0078,0.004,1.143,0.0972,33,9,65.6
22093,St. James,LA,2932.0,2877.0,2825.0,2840.0,2921.0,3292.0,3635.0,3853.0,-0.4,0.0064,0.0057,0.0019,0.0023,0.0199,0.0222,1.629,0.2172,33,9,68.9
22095,St. John the Baptist,LA,2924.0,2917.0,2889.0,2883.0,2973.0,3351.0,3700.0,3921.0,1.7,0.0042,0.0041,0.0011,0.0048,0.015,0.0386,1.808,0.2702,34,9,73.8
22097,St. Landry,LA,2038.0,2041.0,2040.0,2134.0,2220.0,2502.0,2762.0,2928.0,8.9,0.005,0.0051,0.0039,0.005,0.0074,0.008,0.374,0.0657,33,8,58.0
22099,St. Martin,LA,2316.0,2317.0,2310.0,2336.0,2383.0,2686.0,2965.0,3143.0,2.9,0.0043,0.0044,0.0037,0.0051,0.0158,0.0107,0.321,0.0563,38,9,51.3
22101,St. Mary,LA,3264.0,3259.0,3133.0,3188.0,3259.0,3673.0,4055.0,4298.0,-0.2,0.0041,0.0048,0.0045,0.0041,0.042,0.0287,0.155,0.0528,37,9,50.6
22103,St. Tammany,LA,3270.0,3210.0,3145.0,3099.0,3137.0,3535.0,3903.0,4137.0,-4.1,0.0032,0.0036,0.0023,0.0032,0.0159,0.0194,0.444,0.0904,33,9,54.1
22105,Tangipahoa,LA,2447.0,2475.0,2455.0,2480.0,2551.0,2875.0,3174.0,3365.0,4.3,0.0031,0.005,0.0026,0.0062,0.0099,0.024,0.955,0.1348,34,9,77.0
22107,Tensas,LA,2212.0,2301.0,2269.0,2262.0,2507.0,2825.0,3119.0,3306.0,13.3,0.0017,0.0,0.0032,0.0045,0.0028,0.0137,0.226,0.0544,25,8,67.6
22109,Terrebonne,LA,2784.0,2787.0,2785.0,2849.0,3144.0,3544.0,3912.0,4147.0,12.9,0.0028,0.0024,0.0026,0.0046,0.0282,0.0339,1.724,0.2396,38,9,91.2
22111,Union,LA,1590.0,1635.0,1740.0,1774.0,1872.0,2110.0,2329.0,2469.0,17.7,0.005,0.006,0.0045,0.0082,0.0069,0.0069,0.688,0.1075,28,8,74.3
22113,Vermilion,LA,2466.0,2520.0,2508.0,2581.0,2687.0,3028.0,3343.0,3544.0,9.0,0.0027,0.0028,0.0029,0.0088,0.0272,0.0436,0.48,0.094,33,8,77.9
22115,Vernon,LA,1775.0,1790.0,1836.0,1888.0,1899.0,2140.0,2363.0,2505.0,7.0,0.0041,0.0059,0.0022,0.0067,0.0067,0.0076,1.146,0.1403,31,10,67.9
22117,Washington,LA,2341.0,2382.0,2388.0,2390.0,2459.0,2771.0,3060.0,3243.0,5.0,0.0078,0.0067,0.0046,0.0063,0.0082,0.0121,0.384,0.0524,31,9,60.8
22119,Webster,LA,1535.0,1567.0,1615.0,1671.0,1730.0,1950.0,2153.0,2282.0,12.7,0.0047,0.007,0.0031,0.0091,0.0117,0.0108,0.783,0.105,25,8,80.7
22121,West Baton Rouge,LA,2238.0,2242.0,2256.0,2292.0,2344.0,2642.0,2916.0,3091.0,4.7,0.0041,0.006,0.0033,0.004,0.0095,0.0172,0.393,0.065,30,8,64.5
22123,West Carroll,LA,1522.0,1600.0,1668.0,1729.0,1821.0,2052.0,2265.0,2401.0,19.6,0.0018,0.0027,0.0009,0.0087,0.0061,0.009,0.68,0.0971,24,8,80.5
22125,West Feliciana,LA,2509.0,2523.0,2578.0,2611.0,2643.0,2978.0,3288.0,3485.0,5.3,0.0059,0.0052,0.0057,0.0039,0.0176,0.0088,0.385,0.043,36,9,55.2
22127,Winn,LA,1829.0,1904.0,1882.0,2022.0,2015.0,2271.0,2507.0,2657.0,10.2,0.0083,0.0046,0.0015,0.0138,0.0112,0.0166,1.037,0.122,23,8,84.6
23001,Androscoggin,ME,1066.0,1077.0,1083.0,1074.0,1104.0,1244.0,1373.0,1456.0,3.6,0.0039,0.005,0.0032,0.0038,0.0041,0.0067,0.322,0.0296,16,2,34.0
23003,Aroostook,ME,968.0,994.0,1003.0,1010.0,1034.0,1165.0,1286.0,1364.0,6.8,0.0045,0.0049,0.0028,0.0046,0.0096,0.0095,0.336,0.0304,14,1,42.8
23005,Cumberland,ME,1305.0,1335.0,1358.0,1358.0,1375.0,1550.0,1711.0,1814.0,5.4,0.0033,0.0027,0.0032,0.0029,0.0036,0.0057,0.303,0.0327,19,3,36.8
23007,Franklin,ME,1083.0,1119.0,1122.0,1116.0,1143.0,1288.0,1422.0,1508.0,5.5,0.0033,0.0055,0.0047,0.0033,0.0069,0.0057,0.316,0.0287,20,5,41.7
23009,Hancock,ME,1633.0,1659.0,1705.0,1699.0,1719.0,1937.0,2138.0,2267.0,5.3,0.0068,0.006,0.0028,0.0045,0.0054,0.0056,0.217,0.0251,15,3,34.5
23011,Kennebec,ME,1094.0,1123.0,1121.0,1109.0,1137.0,1282.0,1415.0,1500.0,3.9,0.0033,0.0039,0.003,0.0029,0.0046,0.0054,0.307,0.0293,13,3,33.9
23013,Knox,ME,1355.0,1379.0,1441.0,1434.0,1440.0,1623.0,1792.0,1899.0,6.3,0.004,0.0052,0.0035,0.0027,0.0044,0.005,0.247,0.025,17,5,40.7
23015,Lincoln,ME,1408.0,1445.0,1465.0,1464.0,1458.0,1644.0,1815.0,1923.0,3.6,0.0035,0.0056,0.0033,0.0044,0.0041,0.0043,0.256,0.0286,16,3,30.8
23017,Oxford,ME,1175.0,1209.0,1214.0,1197.0,1216.0,1370.0,1513.0,1604.0,3.5,0.0042,0.0046,0.0044,0.0042,0.0069,0.0076,0.374,0.0268,21,5,45.3
23019,Penobscot,ME,1029.0,1050.0,1038.0,1034.0,1056.0,1190.0,1314.0,1393.0,2.6,0.0054,0.006,0.0035,0.0042,0.0066,0.0054,0.348,0.0288,12,2,29.2
23021,Piscataquis,ME,1083.0,1114.0,1107.0,1100.0,1125.0,1268.0,1400.0,1484.0,3.9,0.0048,0.0038,0.0033,0.0041,0.0077,0.0072,0.206,0.0229,15,2,33.3
23023,Sagadahoc,ME,1161.0,1198.0,1237.0,1224.0,1248.0,1406.0,1552.0,1646.0,7.5,0.0045,0.0038,0.0036,0.0048,0.0037,0.0057,0.312,0.0294,13,3,42.6
23025,Somerset,ME,1046.0,1071.0,1078.0,1076.0,1111.0,1252.0,1382.0,1465.0,6.2,0.0041,0.0055,0.004,0.0031,0.01,0.0056,0.3,0.0261,17,4,40.1
23027,Waldo,ME,1206.0,1239.0,1251.0,1239.0,1265.0,1425.0,1574.0,1668.0,4.9,0.0046,0.0071,0.0033,0.0037,0.0057,0.006,0.297,0.0245,16,6,41.8
23029,Washington,ME,1103.0,1132.0,1136.0,1133.0,1150.0,1297.0,1431.0,1517.0,4.3,0.0044,0.0056,0.005,0.006,0.0093,0.0087,0.254,0.0189,16,3,41.7
23031,York,ME,1184.0,1203.0,1217.0,1226.0,1246.0,1404.0,1550.0,1643.0,5.2,0.0036,0.0033,0.0047,0.0028,0.0034,0.0059,0.369,0.0332,24,5,44.3
24001,Allegany,MD,972.0,1002.0,1015.0,1039.0,1051.0,1184.0,1307.0,1386.0,8.1,0.0096,0.007,0.0044,0.0056,0.005,0.0081,0.313,0.0327,9,1,40.1
24003,Anne Arundel,MD,1477.0,1513.0,1559.0,1580.0,1621.0,1827.0,2017.0,2138.0,9.7,0.004,0.0042,0.0034,0.0033,0.0034,0.0051,0.529,0.0585,12,1,48.9
24005,Baltimore,MD,1542.0,1607.0,1652.0,1636.0,1672.0,1884.0,2080.0,2205.0,8.4,0.0047,0.0058,0.004,0.0042,0.004,0.0066,0.582,0.071,15,1,50.2
24009,Calvert,MD,1613.0,1709.0,1792.0,1808.0,1846.0,2080.0,2296.0,2434.0,14.4,0.0035,0.0038,0.0028,0.0033,0.0036,0.0062,0.72,0.0869,14,2,62.2
24011,Caroline,MD,1172.0,1202.0,1233.0,1244.0,1268.0,1429.0,1578.0,1672.0,8.2,0.0065,0.005,0.0034,0.0045,0.0061,0.0054,0.441,0.0411,13,1,40.7
24013,Carroll,MD,1247.0,1293.0,1332.0,1347.0,1382.0,1558.0,1720.0,1823.0,10.8,0.0031,0.0034,0.0028,0.0026,0.0032,0.0068,0.654,0.0583,10,1,56.3
24015,Cecil,MD,1307.0,1332.0,1369.0,1375.0,1385.0,1560.0,1723.0,1826.0,6.0,0.0044,0.0038,0.0028,0.0041,0.0042,0.0061,0.586,0.052,12,1,46.3
24017,Charles,MD,1498.0,1546.0,1592.0,1611.0,1662.0,1874.0,2068.0,2193.0,10.9,0.0058,0.005,0.0036,0.0032,0.0041,0.006,0.732,0.096,15,1,55.1
24019,Dorchester,MD,1296.0,1324.0,1361.0,1370.0,1385.0,1561.0,1723.0,1827.0,6.9,0.0056,0.0044,0.0049,0.0053,0.0058,0.0051,0.587,0.0591,13,2,47.0
24021,Frederick,MD,1227.0,1263.0,1293.0,1305.0,1349.0,1520.0,1678.0,1779.0,9.9,0.004,0.0042,0.0021,0.0021,0.0026,0.0043,0.686,0.0647,11,1,51.3
24023,Garrett,MD,1194.0,1241.0,1274.0,1280.0,1299.0,1463.0,1616.0,1713.0,8.8,0.0056,0.0047,0.0016,0.005,0.0053,0.0074,0.279,0.0258,8,1,38.6
24025,Harford,MD,1327.0,1373.0,1410.0,1408.0,1445.0,1628.0,1798.0,1906.0,8.9,0.0039,0.0041,0.003,0.003,0.0036,0.0062,0.679,0.0737,12,1,50.3
24027,Howard,MD,1565.0,1615.0,1672.0,1691.0,1750.0,1972.0,2177.0,2308.0,11.8,0.0032,0.0035,0.0027,0.0027,0.0024,0.0045,0.616,0.0637,15,1,50.1
24029,Kent,MD,1500.0,1544.0,1579.0,1584.0,1584.0,1785.0,1970.0,2089.0,5.6,0.0038,0.0055,0.0037,0.0033,0.0081,0.0058,0.293,0.0315,13,1,32.3
24031,Montgomery,MD,1557.0,1612.0,1663.0,1694.0,1746.0,1968.0,2173.0,2303.0,12.1,0.0031,0.0037,0.0029,0.0039,0.0032,0.0059,0.625,0.0714,13,1,52.9
24033,Prince George's,MD,1499.0,1536.0,1575.0,1587.0,1632.0,1839.0,2030.0,2152.0,8.9,0.0068,0.0078,0.0043,0.0045,0.0286,0.0079,0.688,0.0995,11,1,53.9
24035,Queen Anne's,MD,1546.0,1591.0,1627.0,1609.0,1636.0,1843.0,2035.0,2157.0,5.8,0.0039,0.0044,0.0034,0.0042,0.0056,0.0145,0.447,0.0458,12,1,52.9
24037,St. Mary's,MD,1510.0,1591.0,1641.0,1676.0,1717.0,1935.0,2136.0,2264.0,13.7,0.0039,0.0051,0.0037,0.0032,0.0035,0.0066,0.63,0.0744,11,2,62.1
24039,Somerset,MD,1225.0,1258.0,1281.0,1292.0,1303.0,1469.0,1621.0,1719.0,6.4,0.0117,0.0078,0.0039,0.0059,0.0052,0.0036,0.336,0.0312,7,1,31.0
24041,Talbot,MD,2300.0,2340.0,2408.0,2353.0,2405.0,2710.0,2992.0,3172.0,4.6,0.0041,0.0036,0.0022,0.006,0.0054,0.0074,0.416,0.0345,11,1,36.6
24043,Washington,MD,1085.0,1122.0,1146.0,1168.0,1199.0,1352.0,1492.0,1582.0,10.5,0.0045,0.0054,0.0025,0.003,0.0039,0.0062,0.452,0.0432,10,1,46.4
24045,Wicomico,MD,1252.0,1294.0,1315.0,1304.0,1313.0,1479.0,1633.0,1731.0,4.9,0.0044,0.005,0.0042,0.0039,0.0044,0.0044,0.393,0.0394,8,1,33.5
24047,Worcester,MD,1569.0,1630.0,1666.0,1636.0,1620.0,1826.0,2016.0,2137.0,3.3,0.0031,0.0037,0.0051,0.0086,0.0061,0.0096,0.33,0.0291,8,1,37.0
24510,Baltimore city,MD,1488.0,1531.0,1568.0,1575.0,1620.0,1826.0,2016.0,2137.0,8.9,0.0096,0.0112,0.0061,0.0059,0.0064,0.0089,0.48,0.0665,13,1,54.4
25001,Barnstable,MA,3645.0,3646.0,3579.0,3749.0,3776.0,4255.0,4698.0,4979.0,3.6,0.0078,0.0066,0.0058,0.0089,0.009,0.0639,0.172,0.0358,16,3,50.8
25003,Berkshire,MA,1786.0,1835.0,1860.0,1817.0,1817.0,2047.0,2260.0,2396.0,1.7,0.0063,0.0086,0.0039,0.0063,0.0082,0.0087,0.361,0.0396,17,1,33.0
25005,Bristol,MA,1876.0,1922.0,1949.0,1929.0,1940.0,2187.0,2414.0,2559.0,3.4,0.0179,0.0077,0.0061,0.0095,0.0073,0.0101,0.27,0.0416,20,3,43.5
25007,Dukes,MA,8921.0,8960.0,8436.0,8818.0,8736.0,9845.0,10869.0,11521.0,-2.1,0.0043,0.0071,0.0084,0.0582,0.0221,0.116,0.133,0.0286,12,1,37.6
25009,Essex,MA,2110.0,2161.0,2195.0,2168.0,2166.0,2442.0,2696.0,2857.0,2.7,0.0119,0.0047,0.0067,0.0113,0.0086,0.0156,0.3,0.0407,23,1,42.7
25011,Franklin,MA,1394.0,1444.0,1492.0,1454.0,1444.0,1628.0,1797.0,1905.0,3.6,0.0111,0.0109,0.0047,0.0051,0.0063,0.007,0.272,0.03,16,1,29.8
25013,Hampden,MA,1460.0,1500.0,1524.0,1505.0,1524.0,1717.0,1896.0,2010.0,4.4,0.0145,0.0076,0.0069,0.0062,0.0061,0.0086,0.386,0.0414,17,1,41.7
25015,Hampshire,MA,1390.0,1425.0,1461.0,1442.0,1446.0,1630.0,1799.0,1907.0,4.0,0.0126,0.0074,0.0047,0.0052,0.0072,0.0068,0.34,0.0329,17,1,32.6
25017,Middlesex,MA,2016.0,2061.0,2096.0,2070.0,2072.0,2336.0,2579.0,2733.0,2.8,0.0109,0.005,0.0042,0.0073,0.0052,0.0072,0.286,0.039,22,1,27.4
25019,Nantucket,MA,12727.0,12924.0,13468.0,16018.0,15886.0,17903.0,19765.0,20951.0,24.8,0.0022,0.0026,0.0041,0.0143,0.0189,0.073,0.097,0.0322,11,1,64.0
25021,Norfolk,MA,2199.0,2244.0,2279.0,2230.0,2229.0,2512.0,2774.0,2940.0,1.4,0.0116,0.0057,0.0044,0.008,0.0062,0.0093,0.313,0.0462,21,2,37.4
25023,Plymouth,MA,2177.0,2233.0,2245.0,2231.0,2245.0,2531.0,2794.0,2961.0,3.1,0.0133,0.0068,0.0066,0.0129,0.0079,0.0163,0.357,0.0523,18,2,49.5
25025,Suffolk,MA,2671.0,2769.0,2796.0,2740.0,2749.0,3099.0,3421.0,3626.0,2.9,0.0108,0.0045,0.0043,0.0117,0.0112,0.014,0.313,0.0441,20,2,47.1
25027,Worcester,MA,1618.0,1664.0,1696.0,1675.0,1689.0,1903.0,2101.0,2227.0,4.4,0.0115,0.0058,0.0043,0.0057,0.0061,0.0091,0.327,0.036,22,2,41.0
26001,Alcona,MI,949.0,954.0,950.0,955.0,957.0,1078.0,1191.0,1262.0,0.8,0.0056,0.0013,0.0025,0.0045,0.0114,0.0104,0.373,0.0313,2,1,34.5
26003,Alger,MI,930.0,933.0,922.0,931.0,923.0,1040.0,1148.0,1217.0,-0.8,0.012,0.0061,0.0046,0.0204,0.0198,0.0154,0.301,0.0291,1,0,33.2
26005,Allegan,MI,1130.0,1126.0,1130.0,1122.0,1123.0,1266.0,1397.0,1481.0,-0.6,0.0037,0.0035,0.0025,0.0039,0.0049,0.005,0.618,0.0576,4,0,27.1
26007,Alpena,MI,1033.0,1023.0,1007.0,989.0,992.0,1117.0,1234.0,1308.0,-4.0,0.0033,0.0038,0.0014,0.0055,0.0075,0.0066,0.312,0.0333,2,1,19.8
26009,Antrim,MI,1174.0,1159.0,1155.0,1158.0,1180.0,1330.0,1468.0,1556.0,0.5,0.0025,0.0042,0.0014,0.0042,0.0065,0.0056,0.458,0.037,2,1,28.3
26011,Arenac,MI,1049.0,1043.0,1020.0,1027.0,1026.0,1156.0,1276.0,1353.0,-2.2,0.0056,0.004,0.0139,0.0097,0.0058,0.0102,0.585,0.0575,3,0,36.3
26013,Baraga,MI,905.0,876.0,885.0,903.0,924.0,1041.0,1149.0,1218.0,2.1,0.0064,0.0124,0.006,0.0124,0.0173,0.0171,0.548,0.0438,3,0,50.6
26015,Barry,MI,1215.0,1194.0,1191.0,1209.0,1210.0,1364.0,1506.0,1596.0,-0.4,0.0047,0.0041,0.0017,0.0041,0.0053,0.0048,0.454,0.0366,5,0,22.2
26017,Bay,MI,1045.0,1026.0,1017.0,1009.0,1017.0,1146.0,1266.0,1342.0,-2.7,0.0069,0.0034,0.0026,0.0053,0.0075,0.0075,0.499,0.0413,3,0,28.1
26019,Benzie,MI,1057.0,1052.0,1056.0,1052.0,1071.0,1207.0,1333.0,1413.0,1.3,0.002,0.003,0.0019,0.0028,0.0033,0.0047,0.353,0.0295,1,0,20.0
26021,Berrien,MI,1339.0,1338.0,1371.0,1379.0,1378.0,1553.0,1714.0,1817.0,2.9,0.009,0.0048,0.003,0.006,0.0051,0.0059,0.57,0.046,3,0,33.5
26023,Branch,MI,1158.0,1156.0,1163.0,1161.0,1176.0,1325.0,1463.0,1550.0,1.6,0.0042,0.0041,0.002,0.0056,0.0092,0.0083,0.603,0.0615,2,0,38.8
26025,Calhoun,MI,1229.0,1216.0,1230.0,1234.0,1227.0,1383.0,1527.0,1619.0,-0.2,0.0055,0.0052,0.0046,0.0078,0.0079,0.0084,0.791,0.0796,2,0,36.9
26027,Cass,MI,1345.0,1351.0,1368.0,1365.0,1384.0,1560.0,1722.0,1826.0,2.9,0.0054,0.0047,0.0025,0.0034,0.0079,0.0067,0.571,0.0527,3,0,35.0
26029,Charlevoix,MI,1357.0,1374.0,1357.0,1360.0,1369.0,1542.0,1703.0,1805.0,0.9,0.0038,0.0034,0.0016,0.0066,0.0043,0.0073,0.496,0.035,2,1,35.6
26031,Cheboygan,MI,1100.0,1113.0,1112.0,1116.0,1120.0,1263.0,1394.0,1477.0,1.8,0.003,0.003,0.0025,0.0066,0.0085,0.006,0.513,0.0417,2,1,35.4
26033,Chippewa,MI,992.0,1007.0,1004.0,1002.0,997.0,1124.0,1241.0,1315.0,0.5,0.0031,0.007,0.0033,0.0089,0.0076,0.0075,0.517,0.0397,1,0,29.6
26035,Clare,MI,1007.0,1004.0,1008.0,1005.0,1006.0,1134.0,1251.0,1327.0,-0.1,0.0031,0.0051,0.003,0.0071,0.0086,0.0065,0.498,0.0427,2,0,26.0
26037,Clinton,MI,1112.0,1096.0,1096.0,1102.0,1119.0,1261.0,1392.0,1476.0,0.6,0.004,0.0038,0.0026,0.0054,0.0051,0.0056,0.642,0.0549,2,0,30.8
26039,Crawford,MI,1027.0,1020.0,1030.0,1012.0,1012.0,1140.0,1259.0,1334.0,-1.5,0.0028,0.0039,0.0032,0.0032,0.0051,0.0069,0.313,0.0305,2,1,21.5
26041,Delta,MI,927.0,935.0,938.0,926.0,943.0,1063.0,1173.0,1244.0,1.7,0.0075,0.0058,0.0029,0.013,0.0087,0.0127,0.519,0.0405,1,0,45.1
26043,Dickinson,MI,916.0,914.0,914.0,918.0,932.0,1050.0,1160.0,1229.0,1.7,0.0015,0.0056,0.0024,0.0042,0.0045,0.0097,0.393,0.0303,1,0,31.2
26045,Eaton,MI,1197.0,1179.0,1180.0,1172.0,1176.0,1325.0,1463.0,1551.0,-1.8,0.0046,0.0035,0.0019,0.0039,0.0039,0.0049,0.527,0.0435,5,1,26.4
26047,Emmet,MI,1324.0,1334.0,1340.0,1347.0,1345.0,1516.0,1673.0,1774.0,1.6,0.0016,0.0025,0.0015,0.0065,0.0031,0.0079,0.388,0.0399,2,1,33.3
26049,Genesee,MI,1401.0,1396.0,1396.0,1384.0,1391.0,1567.0,1730.0,1834.0,-0.7,0.006,0.0052,0.0036,0.0076,0.0063,0.0083,0.46,0.0414,3,0,28.4
26051,Gladwin,MI,1051.0,1051.0,1054.0,1039.0,1060.0,1194.0,1318.0,1397.0,0.9,0.0053,0.0066,0.0023,0.0067,0.0078,0.0083,0.506,0.0457,6,0,31.8
26053,Gogebic,MI,1025.0,1013.0,1038.0,1050.0,1060.0,1194.0,1318.0,1398.0,3.4,0.0077,0.0044,0.0051,0.0098,0.0142,0.0182,0.554,0.0371,4,0,51.1
26055,Grand Traverse,MI,1092.0,1090.0,1075.0,1072.0,1084.0,1222.0,1349.0,1430.0,-0.7,0.0036,0.0037,0.0014,0.0032,0.0024,0.0037,0.493,0.0371,1,0,22.6
26057,Gratiot,MI,1169.0,1168.0,1160.0,1158.0,1151.0,1297.0,1432.0,1518.0,-1.5,0.0063,0.0052,0.0031,0.0032,0.0033,0.0065,0.525,0.0442,2,0,24.8
26059,Hillsdale,MI,1206.0,1193.0,1190.0,1189.0,1188.0,1339.0,1478.0,1567.0,-1.5,0.0044,0.0033,0.0019,0.0075,0.0059,0.0084,0.403,0.0419,2,0,26.1
26061,Houghton,MI,923.0,936.0,942.0,963.0,946.0,1066.0,1177.0,1248.0,2.5,0.0083,0.005,0.0013,0.0076,0.0081,0.0101,0.338,0.0223,4,0,34.2
26063,Huron,MI,987.0,986.0,990.0,1001.0,1014.0,1143.0,1262.0,1337.0,2.7,0.0039,0.0036,0.0016,0.0051,0.0062,0.0073,0.543,0.0419,2,0,37.9
26065,Ingham,MI,1189.0,1173.0,1177.0,1175.0,1184.0,1335.0,1473.0,1562.0,-0.4,0.0043,0.0044,0.0033,0.0052,0.0048,0.0056,0.486,0.0414,5,1,29.0
26067,Ionia,MI,1148.0,1132.0,1128.0,1123.0,1120.0,1262.0,1394.0,1477.0,-2.4,0.0055,0.0041,0.0023,0.0062,0.0065,0.0087,0.5,0.0418,6,2,39.1
26069,Iosco,MI,948.0,946.0,948.0,937.0,938.0,1057.0,1167.0,1237.0,-1.1,0.0056,0.0062,0.0029,0.0071,0.0053,0.0098,0.488,0.0354,2,0,33.3
26071,Iron,MI,894.0,910.0,897.0,916.0,913.0,1029.0,1136.0,1204.0,2.1,0.0107,0.0087,0.0057,0.0054,0.0103,0.016,0.47,0.0426,2,0,45.1
26073,Isabella,MI,1140.0,1138.0,1132.0,1128.0,1134.0,1277.0,1410.0,1495.0,-0.5,0.0041,0.0046,0.0026,0.0028,0.0058,0.0071,0.336,0.039,3,0,20.5
26075,Jackson,MI,1233.0,1231.0,1222.0,1216.0,1218.0,1373.0,1516.0,1606.0,-1.2,0.0052,0.0059,0.0041,0.0069,0.0055,0.0068,0.516,0.0407,3,0,26.4
26077,Kalamazoo,MI,1180.0,1170.0,1179.0,1175.0,1182.0,1332.0,1471.0,1559.0,0.2,0.0035,0.0046,0.0023,0.0043,0.0039,0.0044,0.529,0.0486,2,0,24.0
26079,Kalkaska,MI,1038.0,1036.0,1031.0,1019.0,1035.0,1166.0,1287.0,1364.0,-0.3,0.0017,0.0055,0.0035,0.0074,0.0061,0.0048,0.409,0.033,2,1,24.6
26081,Kent,MI,1120.0,1100.0,1098.0,1093.0,1101.0,1241.0,1370.0,1452.0,-1.7,0.0033,0.0029,0.0025,0.0033,0.0026,0.0044,0.448,0.043,5,1,24.2
26083,Keweenaw,MI,1027.0,1016.0,1010.0,1023.0,992.0,1118.0,1234.0,1309.0,-3.4,0.0045,0.0087,0.0,0.0153,0.0153,0.0117,0.171,0.018,2,0,21.8
26085,Lake,MI,871.0,886.0,883.0,896.0,911.0,1026.0,1133.0,1201.0,4.6,0.0056,0.0037,0.0014,0.0041,0.0065,0.0061,1.106,0.0903,2,0,41.2
26087,Lapeer,MI,1385.0,1379.0,1378.0,1376.0,1370.0,1544.0,1704.0,1807.0,-1.1,0.0045,0.0035,0.0032,0.0051,0.0046,0.0062,0.669,0.0589,2,0,29.0
26089,Leelanau,MI,1426.0,1415.0,1404.0,1392.0,1424.0,1605.0,1772.0,1878.0,-0.1,0.0006,0.0033,0.0013,0.002,0.0037,0.0049,0.432,0.0364,1,0,19.7
26091,Lenawee,MI,1223.0,1225.0,1235.0,1224.0,1244.0,1401.0,1547.0,1640.0,1.7,0.0035,0.0049,0.0019,0.0042,0.005,0.0061,0.431,0.0385,1,0,27.7
26093,Livingston,MI,1351.0,1323.0,1314.0,1299.0,1305.0,1471.0,1624.0,1722.0,-3.4,0.0026,0.0022,0.0016,0.0027,0.0019,0.0043,0.538,0.0416,4,1,25.1
26095,Luce,MI,855.0,860.0,857.0,868.0,896.0,1010.0,1115.0,1182.0,4.8,0.0049,0.0073,0.0,0.0023,0.0111,0.0091,0.429,0.0295,1,0,38.8
26097,Mackinac,MI,1170.0,1203.0,1192.0,1206.0,1183.0,1333.0,1472.0,1560.0,1.1,0.0033,0.0056,0.0031,0.0112,0.0044,0.0109,0.658,0.0279,2,1,48.6
26099,Macomb,MI,1285.0,1276.0,1282.0,1273.0,1281.0,1444.0,1594.0,1689.0,-0.3,0.004,0.0037,0.0023,0.004,0.0034,0.0045,0.474,0.0394,6,2,30.8
26101,Manistee,MI,1045.0,1043.0,1036.0,1033.0,1036.0,1167.0,1289.0,1366.0,-0.9,0.006,0.0032,0.0023,0.004,0.0052,0.0047,0.387,0.032,2,0,17.0
26103,Marquette,MI,960.0,955.0,949.0,948.0,961.0,1083.0,1195.0,1267.0,0.1,0.0073,0.0036,0.0013,0.0043,0.007,0.0063,0.437,0.0357,3,0,23.0
26105,Mason,MI,1026.0,1023.0,1024.0,1022.0,1047.0,1180.0,1303.0,1381.0,2.0,0.0039,0.0042,0.0022,0.0055,0.0071,0.0057,0.456,0.042,2,0,26.0
26107,Mecosta,MI,1006.0,1012.0,997.0,992.0,1012.0,1141.0,1260.0,1335.0,0.6,0.004,0.0042,0.0012,0.006,0.0062,0.0064,0.51,0.0394,3,0,27.2
26109,Menominee,MI,945.0,961.0,955.0,948.0,948.0,1068.0,1179.0,1250.0,0.3,0.0081,0.0059,0.0041,0.0068,0.0061,0.0138,0.639,0.0472,2,0,44.8
26111,Midland,MI,1122.0,1127.0,1127.0,1115.0,1135.0,1279.0,1412.0,1497.0,1.2,0.0029,0.0031,0.0034,0.0037,0.0034,0.0058,0.716,0.0633,6,0,31.5
26113,Missaukee,MI,1000.0,1000.0,1002.0,987.0,1008.0,1136.0,1254.0,1329.0,0.8,0.0013,0.0032,0.0019,0.0051,0.006,0.0022,0.36,0.0328,2,0,17.0
26115,Monroe,MI,1221.0,1211.0,1218.0,1199.0,1210.0,1363.0,1505.0,1595.0,-0.9,0.0035,0.0036,0.0021,0.0036,0.004,0.0045,0.401,0.0367,2,1,20.7
26117,Montcalm,MI,1124.0,1118.0,1114.0,1114.0,1114.0,1255.0,1386.0,1469.0,-0.9,0.0054,0.0041,0.0022,0.0046,0.0047,0.0055,0.521,0.0392,2,0,22.7
26119,Montmorency,MI,918.0,916.0,918.0,909.0,911.0,1027.0,1134.0,1202.0,-0.8,0.0017,0.0057,0.0031,0.0073,0.0077,0.0122,0.282,0.0282,2,1,34.0
26121,Muskegon,MI,1075.0,1066.0,1061.0,1059.0,1058.0,1192.0,1316.0,1395.0,-1.6,0.0057,0.0056,0.0038,0.0063,0.0073,0.0072,0.39,0.042,4,0,22.4
26123,Newaygo,MI,1061.0,1063.0,1074.0,1074.0,1073.0,1209.0,1335.0,1415.0,1.1,0.0068,0.005,0.0027,0.0046,0.0071,0.0074,0.481,0.0422,3,0,30.6
26125,Oakland,MI,1675.0,1654.0,1664.0,1636.0,1638.0,1846.0,2038.0,2160.0,-2.2,0.0033,0.0028,0.0023,0.0036,0.0031,0.0039,0.475,0.0446,7,2,28.5
26127,Oceana,MI,1071.0,1076.0,1069.0,1051.0,1062.0,1197.0,1321.0,1401.0,-0.8,0.0037,0.0039,0.0041,0.0068,0.0044,0.0072,0.623,0.0437,1,0,32.6
26129,Ogemaw,MI,1000.0,997.0,995.0,975.0,980.0,1104.0,1219.0,1292.0,-2.0,0.0052,0.0055,0.004,0.0079,0.0047,0.0087,0.428,0.035,1,0,26.4
26131,Ontonagon,MI,848.0,861.0,852.0,865.0,882.0,994.0,1097.0,1163.0,4.0,0.0196,0.0139,0.0,0.0088,0.0086,0.0159,0.407,0.0359,3,0,44.8
26133,Osceola,MI,997.0,1011.0,1007.0,1020.0,1040.0,1172.0,1294.0,1371.0,4.3,0.0055,0.0061,0.0042,0.004,0.0069,0.009,0.607,0.05,4,0,46.0
26135,Oscoda,MI,908.0,914.0,907.0,914.0,927.0,1044.0,1153.0,1222.0,2.1,0.0051,0.0059,0.0048,0.0075,0.0083,0.0074,0.356,0.0247,2,1,32.6
26137,Otsego,MI,1068.0,1083.0,1064.0,1082.0,1079.0,1217.0,1343.0,1424.0,1.0,0.0021,0.0024,0.0033,0.0032,0.0052,0.0046,0.449,0.0344,2,1,29.4
26139,Ottawa,MI,1079.0,1062.0,1063.0,1057.0,1062.0,1197.0,1321.0,1401.0,-1.6,0.0023,0.0016,0.001,0.0019,0.0019,0.0032,0.506,0.0398,5,0,20.1
26141,Presque Isle,MI,921.0,913.0,920.0,919.0,918.0,1034.0,1142.0,1210.0,-0.3,0.0008,0.0016,0.0008,0.0015,0.0049,0.0029,0.663,0.0628,2,1,31.8
26143,Roscommon,MI,814.0,821.0,822.0,829.0,843.0,951.0,1049.0,1112.0,3.6,0.0042,0.0031,0.0023,0.0041,0.0062,0.0081,0.483,0.0389,1,0,37.6
26145,Saginaw,MI,1261.0,1255.0,1256.0,1247.0,1260.0,1420.0,1567.0,1661.0,-0.1,0.0067,0.005,0.0036,0.0066,0.0075,0.0063,0.498,0.0477,6,0,26.5
26147,St. Clair,MI,1321.0,1319.0,1326.0,1315.0,1314.0,1481.0,1635.0,1733.0,-0.5,0.0045,0.0044,0.0029,0.0046,0.0066,0.0065,0.372,0.0343,3,0,20.3
26149,St. Joseph,MI,1171.0,1174.0,1189.0,1191.0,1201.0,1353.0,1494.0,1584.0,2.6,0.0053,0.0057,0.0029,0.0059,0.0078,0.0076,0.655,0.0713,3,0,38.1
26151,Sanilac,MI,1149.0,1148.0,1144.0,1141.0,1141.0,1286.0,1420.0,1505.0,-0.7,0.0052,0.0031,0.0035,0.0039,0.0071,0.009,0.483,0.0482,3,0,29.8
26153,Schoolcraft,MI,971.0,970.0,952.0,929.0,925.0,1043.0,1151.0,1220.0,-4.7,0.0015,0.0045,0.0046,0.0085,0.0195,0.0106,0.554,0.0323,1,0,34.5
26155,Shiawassee,MI,1205.0,1200.0,1209.0,1201.0,1221.0,1376.0,1519.0,1610.0,1.3,0.0044,0.0047,0.0044,0.0059,0.0051,0.0074,0.68,0.0476,3,0,38.2
26157,Tuscola,MI,1187.0,1182.0,1182.0,1176.0,1197.0,1349.0,1490.0,1579.0,0.8,0.0052,0.0031,0.0046,0.008,0.0077,0.0074,0.447,0.0408,2,0,31.0
26159,Van Buren,MI,1262.0,1252.0,1275.0,1272.0,1267.0,1428.0,1576.0,1671.0,0.4,0.0036,0.0029,0.0036,0.006,0.0057,0.0069,0.572,0.0519,3,0,32.9
26161,Washtenaw,MI,1361.0,1348.0,1362.0,1348.0,1355.0,1527.0,1686.0,1787.0,-0.4,0.0023,0.0029,0.0022,0.0036,0.0031,0.0038,0.454,0.0398,4,1,24.3
26163,Wayne,MI,1674.0,1654.0,1647.0,1642.0,1652.0,1862.0,2055.0,2179.0,-1.3,0.007,0.0052,0.0042,0.0064,0.0058,0.0073,0.496,0.0519,6,2,36.0
26165,Wexford,MI,1032.0,1036.0,1042.0,1032.0,1044.0,1177.0,1299.0,1377.0,1.2,0.0019,0.0022,0.002,0.0029,0.0021,0.0048,0.556,0.0419,2,0,26.3
27001,Aitkin,MN,1411.0,1441.0,1423.0,1475.0,1514.0,1706.0,1884.0,1997.0,7.3,0.0033,0.0034,0.0032,0.0044,0.0041,0.0035,0.659,0.0688,7,3,51.1
27003,Anoka,MN,1908.0,1964.0,2000.0,2049.0,2123.0,2392.0,2641.0,2800.0,11.3,0.0072,0.003,0.0018,0.0023,0.0024,0.0021,0.904,0.0891,4,0,48.2
27005,Becker,MN,1576.0,1622.0,1674.0,1728.0,1810.0,2040.0,2252.0,2387.0,14.8,0.0034,0.0012,0.0025,0.0031,0.0038,0.0022,0.421,0.0521,7,0,42.8
27007,Beltrami,MN,1413.0,1437.0,1440.0,1505.0,1545.0,1741.0,1922.0,2037.0,9.3,0.0044,0.0021,0.0025,0.0031,0.0032,0.0031,0.763,0.069,8,1,50.3
27009,Benton,MN,1680.0,1752.0,1824.0,1891.0,1967.0,2216.0,2447.0,2594.0,17.1,0.0048,0.0038,0.0027,0.0023,0.0021,0.002,1.491,0.1365,3,0,53.0
27011,Big Stone,MN,1344.0,1444.0,1494.0,1569.0,1637.0,1845.0,2036.0,2159.0,21.8,0.0046,0.0031,0.0046,0.0015,0.0044,0.0029,1.048,0.1334,11,3,66.3
27013,Blue Earth,MN,1642.0,1695.0,1770.0,1831.0,1907.0,2149.0,2372.0,2515.0,16.1,0.0034,0.003,0.0011,0.003,0.0027,0.0024,0.789,0.095,11,1,56.8
27015,Brown,MN,1523.0,1592.0,1656.0,1757.0,1823.0,2055.0,2268.0,2404.0,19.7,0.0033,0.002,0.0015,0.002,0.0033,0.0021,0.329,0.037,11,1,45.0
27017,Carlton,MN,1460.0,1472.0,1489.0,1516.0,1543.0,1739.0,1920.0,2035.0,5.7,0.0035,0.0054,0.0035,0.0042,0.0037,0.0054,0.468,0.0488,5,1,36.5
27019,Carver,MN,2200.0,2277.0,2343.0,2423.0,2499.0,2817.0,3109.0,3296.0,13.6,0.0052,0.0028,0.0013,0.002,0.0019,0.0025,0.819,0.0914,8,1,55.1
27021,Cass,MN,1538.0,1573.0,1571.0,1611.0,1659.0,1870.0,2064.0,2188.0,7.9,0.002,0.0037,0.0029,0.0032,0.0042,0.0036,0.481,0.0498,6,3,47.7
27023,Chippewa,MN,1578.0,1648.0,1688.0,1792.0,1861.0,2098.0,2316.0,2455.0,17.9,0.0045,0.0063,0.0027,0.0054,0.0045,0.0101,1.284,0.183,12,3,77.8
27025,Chisago,MN,1942.0,1987.0,1995.0,2044.0,2129.0,2400.0,2649.0,2808.0,9.6,0.0054,0.003,0.0018,0.0023,0.0024,0.0034,0.895,0.08,4,0,44.1
27027,Clay,MN,1539.0,1599.0,1659.0,1720.0,1772.0,1997.0,2205.0,2337.0,15.1,0.0056,0.0038,0.0019,0.0028,0.0023,0.0026,0.346,0.0464,13,1,41.4
27029,Clearwater,MN,1356.0,1403.0,1408.0,1466.0,1526.0,1720.0,1899.0,2013.0,12.5,0.0024,0.0031,0.0023,0.0052,0.0065,0.0057,0.441,0.0452,7,1,48.2
27031,Cook,MN,1652.0,1643.0,1642.0,1712.0,1660.0,1871.0,2066.0,2190.0,0.5,0.0045,0.0051,0.0,0.0027,0.0026,0.0053,0.234,0.0149,6,2,24.1
27033,Cottonwood,MN,1487.0,1538.0,1613.0,1687.0,1792.0,2020.0,2230.0,2364.0,20.5,0.0036,0.0048,0.0031,0.0037,0.0068,0.0057,0.421,0.059,8,2,56.9
27035,Crow Wing,MN,1615.0,1660.0,1679.0,1740.0,1806.0,2035.0,2247.0,2382.0,11.8,0.0039,0.0033,0.0022,0.0024,0.003,0.0036,0.522,0.0579,5,1,46.9
27037,Dakota,MN,2146.0,2205.0,2243.0,2315.0,2393.0,2696.0,2977.0,3155.0,11.5,0.0072,0.0027,0.0016,0.0018,0.002,0.0026,0.886,0.1018,5,0,47.4
27039,Dodge,MN,1648.0,1756.0,1846.0,1918.0,1938.0,2184.0,2411.0,2556.0,17.6,0.0063,0.0032,0.0022,0.0022,0.0037,0.0019,1.326,0.1704,8,0,53.1
27041,Douglas,MN,1523.0,1590.0,1633.0,1697.0,1779.0,2005.0,2213.0,2346.0,16.8,0.005,0.0025,0.0019,0.0013,0.0025,0.0018,0.588,0.0699,6,2,58.0
27043,Faribault,MN,1521.0,1600.0,1675.0,1765.0,1847.0,2082.0,2299.0,2436.0,21.4,0.0046,0.0027,0.0026,0.0085,0.0127,0.0042,0.82,0.0956,11,1,60.6
27045,Fillmore,MN,1526.0,1613.0,1672.0,1748.0,1782.0,2009.0,2217.0,2351.0,16.8,0.0041,0.0027,0.004,0.0052,0.0043,0.0035,0.319,0.039,8,1,40.7
27047,Freeborn,MN,1571.0,1647.0,1746.0,1803.0,1905.0,2146.0,2370.0,2512.0,21.3,0.0072,0.003,0.0034,0.0031,0.0043,0.0054,0.707,0.0882,12,1,62.0
27049,Goodhue,MN,1809.0,1876.0,1924.0,2008.0,2071.0,2334.0,2576.0,2731.0,14.5,0.0055,0.0031,0.0021,0.0024,0.0025,0.0034,1.032,0.1108,9,1,54.2
27051,Grant,MN,1419.0,1482.0,1497.0,1574.0,1648.0,1857.0,2050.0,2173.0,16.1,0.0027,0.0027,0.0053,0.0077,0.005,0.0037,0.577,0.0878,10,3,59.4
27053,Hennepin,MN,2363.0,2444.0,2503.0,2583.0,2651.0,2987.0,3298.0,3496.0,12.2,0.0065,0.0031,0.0019,0.0029,0.003,0.0035,0.685,0.0867,7,0,47.3
27055,Houston,MN,1563.0,1630.0,1700.0,1730.0,1798.0,2026.0,2237.0,2371.0,15.0,0.0031,0.0035,0.0026,0.0021,0.0012,0.0009,0.382,0.0459,11,2,47.4
27057,Hubbard,MN,1442.0,1492.0,1508.0,1564.0,1610.0,1815.0,2004.0,2124.0,11.7,0.0029,0.0025,0.001,0.0028,0.0033,0.0026,0.433,0.0418,3,0,37.9
27059,Isanti,MN,1907.0,1957.0,1986.0,2035.0,2082.0,2347.0,2591.0,2746.0,9.2,0.0053,0.0031,0.0016,0.0023,0.002,0.0033,1.084,0.1049,3,0,48.2
27061,Itasca,MN,1463.0,1485.0,1470.0,1533.0,1570.0,1769.0,1953.0,2070.0,7.3,0.0058,0.0046,0.0023,0.0024,0.0047,0.0038,0.403,0.0413,6,2,40.9
27063,Jackson,MN,1418.0,1453.0,1506.0,1608.0,1694.0,1910.0,2108.0,2235.0,19.5,0.0075,0.0051,0.0034,0.0076,0.0103,0.0071,0.32,0.0429,8,1,48.3
27065,Kanabec,MN,1690.0,1717.0,1713.0,1772.0,1811.0,2041.0,2253.0,2389.0,7.2,0.0024,0.0038,0.0033,0.0029,0.0039,0.0021,0.756,0.0679,5,1,47.2
27067,Kandiyohi,MN,1687.0,1737.0,1818.0,1890.0,1946.0,2193.0,2421.0,2566.0,15.4,0.0048,0.0031,0.0012,0.002,0.003,0.0056,1.086,0.1295,6,2,64.0
27069,Kittson,MN,1276.0,1293.0,1339.0,1430.0,1472.0,1659.0,1832.0,1942.0,15.4,0.0064,0.0016,0.0032,0.0129,0.0164,0.005,0.189,0.0345,13,2,44.6
27071,Koochiching,MN,1384.0,1372.0,1376.0,1412.0,1420.0,1601.0,1767.0,1873.0,2.6,0.0104,0.0042,0.0017,0.0029,0.0082,0.006,0.237,0.0248,6,1,25.1
27073,Lac qui Parle,MN,1582.0,1640.0,1727.0,1787.0,1914.0,2157.0,2381.0,2524.0,21.0,0.0075,0.0039,0.0019,0.0071,0.0088,0.0054,1.251,0.1505,12,3,68.0
27075,Lake,MN,1463.0,1469.0,1447.0,1494.0,1480.0,1668.0,1842.0,1952.0,1.2,0.0045,0.003,0.002,0.0041,0.0048,0.0033,0.368,0.0278,7,2,24.9
27077,Lake of the Woods,MN,1240.0,1234.0,1243.0,1270.0,1305.0,1471.0,1624.0,1721.0,5.2,0.0052,0.0038,0.0036,0.0011,0.0069,0.0068,0.427,0.0222,7,2,44.0
27079,Le Sueur,MN,1762.0,1824.0,1900.0,1953.0,2025.0,2282.0,2519.0,2670.0,14.9,0.0035,0.0025,0.0015,0.0013,0.0024,0.0034,0.735,0.0835,9,1,55.7
27081,Lincoln,MN,1470.0,1562.0,1605.0,1654.0,1749.0,1971.0,2176.0,2306.0,19.0,0.0035,0.0071,0.0017,0.0047,0.0031,0.0062,0.727,0.115,6,1,60.2
27083,Lyon,MN,1619.0,1680.0,1757.0,1843.0,1932.0,2177.0,2403.0,2548.0,19.3,0.0041,0.0022,0.0014,0.0036,0.0025,0.0045,0.586,0.0807,9,1,55.0
27085,McLeod,MN,1779.0,1812.0,1892.0,1955.0,2023.0,2280.0,2517.0,2668.0,13.7,0.0041,0.0039,0.0019,0.0019,0.003,0.002,0.658,0.0584,10,1,52.8
27087,Mahnomen,MN,1354.0,1343.0,1365.0,1442.0,1469.0,1656.0,1828.0,1938.0,8.5,0.0,0.0075,0.0,0.0068,0.0107,0.0079,0.424,0.0427,7,2,52.0
27089,Marshall,MN,1465.0,1531.0,1545.0,1624.0,1680.0,1894.0,2091.0,2216.0,14.7,0.0018,0.0035,0.0045,0.0015,0.006,0.0078,0.459,0.0461,13,2,59.4
27091,Martin,MN,1481.0,1554.0,1646.0,1690.0,1775.0,2000.0,2208.0,2341.0,19.9,0.0048,0.0067,0.0032,0.0058,0.0068,0.0033,0.348,0.0608,7,1,46.2
27093,Meeker,MN,1667.0,1722.0,1774.0,1857.0,1906.0,2148.0,2372.0,2514.0,14.3,0.0054,0.0032,0.0014,0.0014,0.004,0.0028,0.797,0.071,4,0,51.0
27095,Mille Lacs,MN,1685.0,1727.0,1765.0,1848.0,1917.0,2160.0,2385.0,2528.0,13.8,0.0045,0.0041,0.0025,0.0028,0.0052,0.0026,0.948,0.0861,4,1,53.5
27097,Morrison,MN,1526.0,1575.0,1601.0,1677.0,1736.0,1957.0,2160.0,2290.0,13.8,0.005,0.0033,0.0013,0.0021,0.0034,0.0034,0.731,0.0777,6,2,57.4
27099,Mower,MN,1621.0,1703.0,1768.0,1851.0,1889.0,2129.0,2351.0,2492.0,16.5,0.0076,0.0048,0.0028,0.0027,0.003,0.0039,0.693,0.0806,8,1,56.4
27101,Murray,MN,1542.0,1603.0,1664.0,1767.0,1875.0,2113.0,2333.0,2473.0,21.6,0.0031,0.0109,0.0098,0.0019,0.0068,0.0039,0.381,0.0566,7,1,49.5
27103,Nicollet,MN,1587.0,1644.0,1732.0,1770.0,1855.0,2091.0,2308.0,2447.0,16.9,0.005,0.0029,0.0029,0.0035,0.0026,0.0011,0.445,0.0496,11,1,48.1
27105,Nobles,MN,1485.0,1552.0,1624.0,1745.0,1828.0,2060.0,2274.0,2410.0,23.1,0.0027,0.0043,0.0027,0.0044,0.0056,0.0041,0.496,0.0713,11,3,60.0
27107,Norman,MN,1369.0,1418.0,1484.0,1566.0,1580.0,1780.0,1966.0,2084.0,15.4,0.0055,0.0035,0.0017,0.0099,0.0173,0.0095,0.432,0.0555,14,2,64.0
27109,Olmsted,MN,1733.0,1829.0,1899.0,1961.0,2001.0,2255.0,2490.0,2639.0,15.5,0.0045,0.0027,0.0015,0.0017,0.0019,0.0021,0.537,0.0691,7,0,47.8
27111,Otter Tail,MN,1514.0,1563.0,1601.0,1680.0,1743.0,1964.0,2169.0,2299.0,15.1,0.0031,0.0022,0.0022,0.003,0.0035,0.0042,0.525,0.0603,5,0,45.7
27113,Pennington,MN,1351.0,1360.0,1404.0,1486.0,1530.0,1725.0,1904.0,2018.0,13.2,0.0046,0.003,0.0024,0.0019,0.0037,0.001,0.216,0.0296,6,1,37.3
27115,Pine,MN,1509.0,1529.0,1541.0,1563.0,1588.0,1789.0,1975.0,2094.0,5.2,0.0046,0.0048,0.0021,0.0066,0.0053,0.0051,0.697,0.06,8,2,48.8
27117,Pipestone,MN,1443.0,1485.0,1533.0,1597.0,1712.0,1930.0,2130.0,2258.0,18.6,0.0081,0.0054,0.0014,0.0055,0.0069,0.0057,0.34,0.0359,7,1,45.7
27119,Polk,MN,1465.0,1496.0,1515.0,1603.0,1624.0,1830.0,2021.0,2142.0,10.9,0.0042,0.0034,0.0018,0.004,0.0046,0.0045,0.348,0.0538,13,1,38.0
27121,Pope,MN,1554.0,1615.0,1640.0,1722.0,1801.0,2030.0,2241.0,2376.0,15.9,0.0027,0.0026,0.0005,0.0035,0.005,0.004,0.906,0.0937,7,3,63.2
27123,Ramsey,MN,2008.0,2058.0,2100.0,2155.0,2216.0,2497.0,2757.0,2923.0,10.4,0.0071,0.0038,0.0022,0.0029,0.0034,0.0043,0.71,0.0918,8,0,47.7
27125,Red Lake,MN,1403.0,1391.0,1434.0,1495.0,1502.0,1692.0,1868.0,1981.0,7.1,0.0035,0.0,0.0,0.0,0.012,0.0091,0.275,0.0467,9,1,40.9
27127,Redwood,MN,1552.0,1616.0,1692.0,1756.0,1837.0,2071.0,2286.0,2423.0,18.4,0.0029,0.0063,0.0023,0.0051,0.0057,0.0064,0.559,0.0872,12,2,62.1
27129,Renville,MN,1665.0,1730.0,1780.0,1850.0,1914.0,2157.0,2382.0,2524.0,15.0,0.0062,0.0047,0.003,0.0044,0.0081,0.0067,0.816,0.1084,13,4,68.3
27131,Rice,MN,1971.0,2041.0,2092.0,2159.0,2233.0,2516.0,2778.0,2945.0,13.3,0.0064,0.0027,0.0029,0.0027,0.0016,0.0027,1.515,0.1504,7,1,54.7
27133,Rock,MN,1414.0,1473.0,1501.0,1590.0,1668.0,1880.0,2076.0,2200.0,18.0,0.0042,0.0068,0.0,0.0024,0.0036,0.0037,0.379,0.0605,8,2,48.8
27135,Roseau,MN,1348.0,1355.0,1355.0,1433.0,1476.0,1664.0,1837.0,1947.0,9.5,0.0058,0.0024,0.0014,0.0031,0.0017,0.0051,0.328,0.0322,11,2,41.0
27137,St. Louis,MN,1419.0,1433.0,1430.0,1479.0,1494.0,1683.0,1858.0,1970.0,5.3,0.0055,0.0051,0.0026,0.0032,0.0037,0.0037,0.337,0.0319,9,4,38.6
27139,Scott,MN,2262.0,2331.0,2389.0,2461.0,2552.0,2876.0,3175.0,3365.0,12.8,0.0085,0.0029,0.0015,0.0016,0.0025,0.0024,0.939,0.1043,7,0,50.2
27141,Sherburne,MN,1861.0,1943.0,1992.0,2055.0,2124.0,2394.0,2642.0,2801.0,14.1,0.0049,0.0027,0.0019,0.0015,0.0014,0.0028,1.413,0.1345,1,0,52.5
27143,Sibley,MN,1636.0,1694.0,1784.0,1853.0,1912.0,2154.0,2379.0,2521.0,16.9,0.0046,0.0069,0.0003,0.0058,0.0061,0.0079,0.673,0.0656,13,1,62.7
27145,Stearns,MN,1621.0,1691.0,1755.0,1829.0,1911.0,2153.0,2377.0,2520.0,17.9,0.0053,0.0031,0.0023,0.0014,0.0024,0.0033,0.928,0.0956,5,1,57.8
27147,Steele,MN,1731.0,1802.0,1825.0,1932.0,1967.0,2216.0,2447.0,2594.0,13.6,0.0063,0.0044,0.002,0.002,0.002,0.0014,0.471,0.0659,9,1,44.2
27149,Stevens,MN,1579.0,1621.0,1686.0,1784.0,1834.0,2066.0,2281.0,2418.0,16.1,0.0088,0.0043,0.0011,0.0071,0.005,0.0039,0.73,0.0978,11,3,62.1
27151,Swift,MN,1568.0,1610.0,1647.0,1759.0,1836.0,2069.0,2284.0,2421.0,17.1,0.0076,0.0034,0.0008,0.0049,0.0049,0.0048,0.721,0.0957,10,3,64.8
27153,Todd,MN,1469.0,1499.0,1557.0,1625.0,1701.0,1917.0,2116.0,2243.0,15.8,0.0042,0.003,0.0034,0.0052,0.0039,0.0032,0.611,0.0552,5,2,55.8
27155,Traverse,MN,1589.0,1662.0,1720.0,1825.0,1920.0,2163.0,2388.0,2532.0,20.8,0.0076,0.0038,0.0019,0.0037,0.0055,0.0038,0.352,0.0384,13,3,52.0
27157,Wabasha,MN,1655.0,1725.0,1770.0,1834.0,1876.0,2115.0,2334.0,2475.0,13.4,0.0029,0.0029,0.0019,0.0037,0.0021,0.0022,0.931,0.1014,7,2,56.0
27159,Wadena,MN,1439.0,1471.0,1515.0,1591.0,1634.0,1841.0,2033.0,2155.0,13.6,0.0037,0.004,0.0022,0.005,0.0056,0.0046,0.364,0.037,6,2,46.1
27161,Waseca,MN,1598.0,1669.0,1754.0,1814.0,1870.0,2107.0,2326.0,2466.0,17.0,0.0052,0.0016,0.0023,0.0027,0.0027,0.0031,0.48,0.0538,6,1,48.3
27163,Washington,MN,2207.0,2278.0,2306.0,2379.0,2467.0,2781.0,3070.0,3254.0,11.8,0.0054,0.0026,0.0014,0.0015,0.0017,0.0025,1.127,0.1231,6,0,50.4
27165,Watonwan,MN,1550.0,1623.0,1682.0,1778.0,1823.0,2054.0,2268.0,2404.0,17.6,0.0064,0.0102,0.0019,0.0056,0.0067,0.006,0.262,0.0457,6,1,43.0
27167,Wilkin,MN,1477.0,1524.0,1610.0,1677.0,1729.0,1948.0,2151.0,2280.0,17.1,0.0083,0.0068,0.0023,0.0033,0.0064,0.0065,0.197,0.0396,13,2,49.4
27169,Winona,MN,1507.0,1551.0,1613.0,1667.0,1687.0,1902.0,2099.0,2225.0,11.9,0.0024,0.0022,0.0015,0.0015,0.0018,0.002,0.945,0.0967,6,0,48.7
27171,Wright,MN,1965.0,2037.0,2077.0,2147.0,2215.0,2496.0,2756.0,2921.0,12.7,0.0047,0.0022,0.0014,0.0026,0.0028,0.0033,0.803,0.0732,6,0,47.9
27173,Yellow Medicine,MN,1548.0,1637.0,1722.0,1785.0,1890.0,2130.0,2351.0,2492.0,22.1,0.0018,0.0053,0.0009,0.0043,0.0069,0.009,0.934,0.1226,14,2,75.5
28001,Adams,MS,2250.0,2230.0,2245.0,2290.0,2325.0,2621.0,2893.0,3067.0,3.3,0.0125,0.0068,0.0078,0.0094,0.015,0.013,0.487,0.1067,17,6,61.8
28003,Alcorn,MS,1504.0,1537.0,1545.0,1595.0,1630.0,1837.0,2028.0,2150.0,8.4,0.0087,0.0078,0.0056,0.0088,0.0097,0.0093,0.579,0.0882,11,4,64.2
28005,Amite,MS,1974.0,1991.0,1955.0,1998.0,2061.0,2323.0,2564.0,2718.0,4.4,0.0055,0.0055,0.0036,0.0052,0.0091,0.0159,0.731,0.0721,19,5,71.1
28007,Attala,MS,1626.0,1677.0,1654.0,1724.0,1758.0,1981.0,2187.0,2319.0,8.1,0.0054,0.0052,0.009,0.008,0.01,0.0119,0.534,0.0688,17,6,71.3
28009,Benton,MS,1986.0,1949.0,1954.0,1968.0,1980.0,2231.0,2463.0,2611.0,-0.3,0.0035,0.0033,0.0055,0.0082,0.0143,0.0121,0.505,0.0616,10,4,52.7
28011,Bolivar,MS,2082.0,2093.0,2117.0,2159.0,2190.0,2469.0,2725.0,2889.0,5.2,0.0128,0.0081,0.0055,0.0092,0.0097,0.012,0.718,0.1046,14,4,66.6
28013,Calhoun,MS,1531.0,1528.0,1535.0,1552.0,1634.0,1841.0,2033.0,2155.0,6.7,0.0089,0.0085,0.0067,0.0106,0.0132,0.0125,0.38,0.0653,14,5,60.7
28015,Carroll,MS,1806.0,1853.0,1821.0,1840.0,1892.0,2133.0,2354.0,2496.0,4.8,0.006,0.0083,0.0035,0.0045,0.0077,0.008,0.435,0.0611,16,6,53.0
28017,Chickasaw,MS,1477.0,1526.0,1521.0,1558.0,1568.0,1767.0,1951.0,2068.0,6.2,0.0013,0.012,0.0056,0.008,0.0076,0.0088,0.414,0.0656,15,4,53.0
28019,Choctaw,MS,1479.0,1484.0,1495.0,1500.0,1579.0,1780.0,1965.0,2083.0,6.8,0.0158,0.0091,0.0063,0.0109,0.005,0.0076,0.468,0.0648,14,5,56.9
28021,Claiborne,MS,2176.0,2201.0,2118.0,2136.0,2195.0,2474.0,2732.0,2895.0,0.9,0.0047,0.0123,0.0059,0.0166,0.0092,0.0113,0.467,0.0819,19,6,53.9
28023,Clarke,MS,1811.0,1819.0,1813.0,1831.0,1858.0,2094.0,2311.0,2450.0,2.6,0.0257,0.0107,0.0037,0.0071,0.0074,0.0093,0.542,0.0583,17,4,53.0
28025,Clay,MS,1596.0,1559.0,1522.0,1599.0,1626.0,1832.0,2023.0,2144.0,1.9,0.0082,0.0081,0.0075,0.0092,0.0121,0.014,0.354,0.054,19,5,51.7
28027,Coahoma,MS,2028.0,2044.0,2100.0,2160.0,2116.0,2385.0,2633.0,2791.0,4.3,0.0133,0.0105,0.0099,0.016,0.0164,0.0186,0.469,0.0826,15,4,63.9
28029,Copiah,MS,1943.0,1978.0,1952.0,1978.0,1996.0,2249.0,2483.0,2632.0,2.7,0.0097,0.0076,0.0063,0.0111,0.0145,0.02,0.438,0.0781,16,6,62.0
28031,Covington,MS,1927.0,1974.0,1976.0,1996.0,2034.0,2292.0,2531.0,2682.0,5.6,0.008,0.0034,0.0081,0.0091,0.0092,0.0108,1.072,0.0969,21,7,71.6
28033,DeSoto,MS,1775.0,1811.0,1847.0,1877.0,1894.0,2134.0,2356.0,2498.0,6.7,0.0148,0.006,0.0037,0.0056,0.0067,0.0081,0.479,0.0743,11,4,56.5
28035,Forrest,MS,2162.0,2154.0,2086.0,2093.0,2132.0,2403.0,2653.0,2812.0,-1.4,0.0084,0.0056,0.0049,0.0067,0.0164,0.0121,0.392,0.0629,21,4,44.9
28037,Franklin,MS,1835.0,1855.0,1797.0,1856.0,1886.0,2126.0,2347.0,2488.0,2.8,0.0015,0.0058,0.0041,0.0052,0.0064,0.0076,0.201,0.0497,16,6,39.8
28039,George,MS,2329.0,2330.0,2258.0,2351.0,2348.0,2646.0,2921.0,3097.0,0.8,0.0018,0.0044,0.0042,0.0063,0.0076,0.021,0.648,0.0923,22,4,63.8
28041,Greene,MS,2018.0,2041.0,1967.0,2009.0,1983.0,2235.0,2467.0,2615.0,-1.7,0.0106,0.0013,0.0063,0.0176,0.008,0.0157,0.686,0.0984,22,5,60.0
28043,Grenada,MS,1684.0,1687.0,1692.0,1709.0,1765.0,1989.0,2196.0,2327.0,4.8,0.0088,0.0062,0.0033,0.009,0.0093,0.0139,0.438,0.0716,16,6,63.7
28045,Hancock,MS,3111.0,2941.0,2825.0,2966.0,2912.0,3281.0,3623.0,3840.0,-6.4,0.0016,0.0023,0.0045,0.0059,0.0261,0.0228,0.211,0.0443,22,5,41.9
28047,Harrison,MS,3139.0,2977.0,2810.0,2939.0,2915.0,3285.0,3627.0,3844.0,-7.1,0.0035,0.0042,0.0057,0.0053,0.0202,0.0511,0.195,0.0531,21,4,40.7
28049,Hinds,MS,2173.0,2196.0,2185.0,2197.0,2218.0,2500.0,2760.0,2925.0,2.1,0.0149,0.0092,0.0067,0.0093,0.0118,0.0154,0.478,0.0879,18,6,61.0
28051,Holmes,MS,1820.0,1906.0,1840.0,1861.0,1833.0,2066.0,2280.0,2417.0,0.7,0.0125,0.0098,0.0077,0.0136,0.0099,0.0087,0.55,0.078,22,6,51.4
28053,Humphreys,MS,1887.0,1909.0,1880.0,1947.0,1976.0,2227.0,2459.0,2606.0,4.7,0.0099,0.009,0.0078,0.0151,0.0096,0.0161,0.452,0.0771,16,8,66.4
28055,Issaquena,MS,,,,,,,,,,0.0,0.0,0.0182,0.0182,0.0377,0.0,,,16,5,
28057,Itawamba,MS,1506.0,1545.0,1553.0,1562.0,1598.0,1800.0,1988.0,2107.0,6.1,0.0083,0.0052,0.0044,0.0074,0.0085,0.0074,0.42,0.0509,17,6,53.0
28059,Jackson,MS,3204.0,3093.0,2890.0,2963.0,2919.0,3290.0,3632.0,3850.0,-8.9,0.0032,0.0044,0.0042,0.0043,0.0218,0.0555,0.147,0.0345,23,5,41.9
28061,Jasper,MS,1703.0,1718.0,1722.0,1754.0,1781.0,2007.0,2215.0,2348.0,4.6,0.0094,0.0083,0.0054,0.012,0.0093,0.0123,0.699,0.0782,17,6,69.2
28063,Jefferson,MS,2157.0,2198.0,2189.0,2218.0,2176.0,2452.0,2707.0,2870.0,0.9,0.0126,0.0053,0.005,0.0078,0.0206,0.0078,0.94,0.096,18,6,55.2
28065,Jefferson Davis,MS,1982.0,2000.0,1979.0,2036.0,2097.0,2364.0,2610.0,2766.0,5.8,0.0047,0.0048,0.0089,0.0093,0.008,0.0134,0.938,0.1097,25,7,74.5
28067,Jones,MS,1912.0,1935.0,1922.0,1955.0,1980.0,2232.0,2464.0,2612.0,3.6,0.0069,0.0049,0.0046,0.0076,0.0087,0.0125,0.896,0.1048,21,5,68.2
28069,Kemper,MS,1526.0,1560.0,1500.0,1556.0,1557.0,1755.0,1937.0,2054.0,2.0,0.0036,0.007,0.007,0.0125,0.0144,0.0169,0.398,0.0545,13,5,56.1
28071,Lafayette,MS,1888.0,1882.0,1879.0,1886.0,1946.0,2193.0,2421.0,2567.0,3.1,0.0059,0.0043,0.0038,0.0052,0.0088,0.0066,0.234,0.0428,14,5,36.7
28073,Lamar,MS,2382.0,2358.0,2288.0,2325.0,2337.0,2634.0,2908.0,3082.0,-1.9,0.0053,0.0037,0.004,0.0056,0.0077,0.009,0.39,0.059,18,4,39.5
28075,Lauderdale,MS,1844.0,1870.0,1836.0,1863.0,1869.0,2106.0,2325.0,2465.0,1.4,0.0114,0.0094,0.0068,0.0101,0.0123,0.0159,0.491,0.0665,13,5,59.6
28077,Lawrence,MS,1921.0,1982.0,1972.0,2020.0,2073.0,2337.0,2580.0,2735.0,7.9,0.0079,0.0095,0.0078,0.0061,0.0101,0.0156,0.532,0.0761,20,6,73.8
28079,Leake,MS,1613.0,1619.0,1603.0,1661.0,1657.0,1867.0,2061.0,2185.0,2.7,0.0067,0.0058,0.0056,0.0122,0.009,0.0135,0.593,0.0854,17,6,64.1
28081,Lee,MS,1655.0,1685.0,1693.0,1724.0,1770.0,1994.0,2202.0,2334.0,6.9,0.0112,0.0071,0.0046,0.0075,0.0082,0.0078,0.502,0.0674,15,5,57.8
28083,Leflore,MS,1918.0,1909.0,1915.0,1928.0,1973.0,2224.0,2455.0,2602.0,2.9,0.0116,0.0078,0.0058,0.006,0.0109,0.014,0.403,0.0825,12,5,56.1
28085,Lincoln,MS,1994.0,2033.0,1977.0,2034.0,2079.0,2343.0,2586.0,2741.0,4.3,0.0078,0.0051,0.0052,0.0075,0.0138,0.0161,0.374,0.0673,19,5,59.5
28087,Lowndes,MS,1743.0,1744.0,1746.0,1744.0,1774.0,1999.0,2207.0,2340.0,1.8,0.0082,0.0083,0.0056,0.0095,0.0098,0.0105,0.349,0.0558,13,4,45.1
28089,Madison,MS,2246.0,2272.0,2270.0,2297.0,2291.0,2583.0,2851.0,3022.0,2.0,0.013,0.0062,0.0046,0.0065,0.0069,0.009,0.6,0.106,16,6,56.4
28091,Marion,MS,2124.0,2157.0,2083.0,2151.0,2128.0,2398.0,2647.0,2806.0,0.2,0.0061,0.0049,0.0058,0.0072,0.0109,0.0105,0.607,0.0746,23,5,54.5
28093,Marshall,MS,1957.0,1963.0,1954.0,1947.0,1967.0,2217.0,2447.0,2594.0,0.5,0.011,0.0089,0.003,0.01,0.0107,0.0131,0.404,0.0597,10,4,49.9
28095,Monroe,MS,1569.0,1592.0,1593.0,1634.0,1675.0,1888.0,2084.0,2209.0,6.8,0.0099,0.0064,0.0054,0.0059,0.0083,0.0083,0.551,0.0631,17,5,61.2
28097,Montgomery,MS,1690.0,1682.0,1700.0,1734.0,1732.0,1952.0,2154.0,2284.0,2.5,0.0129,0.007,0.0087,0.0129,0.0167,0.0129,0.336,0.0562,15,6,52.4
28099,Neshoba,MS,1572.0,1607.0,1588.0,1615.0,1675.0,1887.0,2084.0,2209.0,6.6,0.0061,0.0068,0.0099,0.0096,0.0101,0.0145,0.529,0.0761,17,7,71.5
28101,Newton,MS,1646.0,1658.0,1645.0,1683.0,1720.0,1938.0,2140.0,2268.0,4.5,0.0085,0.0089,0.0065,0.0094,0.0098,0.0117,0.594,0.085,16,6,66.1
28103,Noxubee,MS,1657.0,1651.0,1622.0,1615.0,1626.0,1833.0,2023.0,2145.0,-1.9,0.0092,0.008,0.0079,0.0147,0.0169,0.0081,0.474,0.0646,15,5,41.9
28105,Oktibbeha,MS,1720.0,1707.0,1710.0,1736.0,1787.0,2014.0,2223.0,2357.0,3.9,0.0094,0.0037,0.0046,0.0046,0.0064,0.006,0.312,0.0427,14,4,37.5
28107,Panola,MS,1720.0,1752.0,1758.0,1765.0,1758.0,1982.0,2188.0,2319.0,2.2,0.0103,0.0071,0.0061,0.0086,0.0087,0.0095,0.531,0.0674,16,5,53.8
28109,Pearl River,MS,2446.0,2435.0,2349.0,2427.0,2437.0,2746.0,3032.0,3214.0,-0.4,0.0042,0.0056,0.0042,0.0062,0.0094,0.0153,0.208,0.0363,22,4,42.7
28111,Perry,MS,2093.0,2084.0,2046.0,2012.0,2019.0,2276.0,2513.0,2663.0,-3.5,0.0092,0.0077,0.0049,0.0124,0.0116,0.0083,0.312,0.0591,20,5,33.1
28113,Pike,MS,2276.0,2266.0,2194.0,2240.0,2289.0,2580.0,2848.0,3019.0,0.6,0.0087,0.0159,0.0072,0.0093,0.0161,0.0105,0.488,0.0841,19,6,52.7
28115,Pontotoc,MS,1616.0,1615.0,1627.0,1658.0,1679.0,1892.0,2089.0,2215.0,3.9,0.009,0.0073,0.0037,0.0081,0.0091,0.0099,0.417,0.054,12,4,52.1
28117,Prentiss,MS,1544.0,1571.0,1594.0,1643.0,1640.0,1849.0,2041.0,2163.0,6.2,0.0076,0.0039,0.0034,0.0056,0.0106,0.0122,0.491,0.0677,15,5,65.7
28119,Quitman,MS,2007.0,2024.0,2064.0,2061.0,2124.0,2393.0,2642.0,2801.0,5.8,0.0117,0.0097,0.0113,0.0166,0.0197,0.0197,1.384,0.0954,15,5,77.6
28121,Rankin,MS,1773.0,1788.0,1814.0,1842.0,1861.0,2097.0,2315.0,2454.0,5.0,0.0109,0.0046,0.0038,0.0057,0.0053,0.0089,0.495,0.0816,15,6,58.1
28123,Scott,MS,1613.0,1628.0,1606.0,1644.0,1674.0,1886.0,2083.0,2207.0,3.8,0.0051,0.0067,0.0084,0.0104,0.0121,0.0149,0.523,0.0836,17,7,66.6
28125,Sharkey,MS,2155.0,2144.0,2053.0,2234.0,2235.0,2519.0,2781.0,2948.0,3.7,0.0112,0.0156,0.0037,0.0109,0.0215,0.0308,0.475,0.0869,14,6,67.0
28127,Simpson,MS,1956.0,1980.0,1973.0,2010.0,2038.0,2297.0,2536.0,2688.0,4.2,0.0078,0.0031,0.0064,0.0072,0.0112,0.0101,0.447,0.0739,17,6,56.9
28129,Smith,MS,1900.0,1903.0,1875.0,1878.0,1879.0,2118.0,2338.0,2479.0,-1.1,0.0041,0.004,0.0058,0.0045,0.0089,0.0115,0.602,0.0744,17,7,56.2
28131,Stone,MS,2384.0,2323.0,2222.0,2290.0,2303.0,2596.0,2865.0,3037.0,-3.4,0.0033,0.0045,0.0049,0.0053,0.0108,0.0251,0.377,0.0457,21,4,48.8
28133,Sunflower,MS,2008.0,2032.0,2059.0,2114.0,2099.0,2366.0,2612.0,2769.0,4.5,0.0098,0.0167,0.0092,0.0137,0.0113,0.013,0.47,0.0833,13,4,61.1
28135,Tallahatchie,MS,1724.0,1757.0,1779.0,1784.0,1779.0,2005.0,2213.0,2346.0,3.2,0.0053,0.0076,0.0086,0.0094,0.0112,0.0196,0.804,0.0917,14,5,70.2
28137,Tate,MS,1825.0,1796.0,1788.0,1800.0,1835.0,2068.0,2283.0,2420.0,0.5,0.0083,0.0075,0.0052,0.0053,0.0073,0.0106,0.427,0.0567,11,4,47.7
28139,Tippah,MS,1517.0,1566.0,1585.0,1598.0,1654.0,1864.0,2058.0,2182.0,9.0,0.01,0.0061,0.0033,0.0064,0.009,0.0074,0.431,0.06,12,4,56.4
28141,Tishomingo,MS,1548.0,1548.0,1585.0,1667.0,1684.0,1897.0,2095.0,2220.0,8.8,0.0041,0.0039,0.0035,0.0115,0.0095,0.0149,0.411,0.0468,11,4,66.9
28143,Tunica,MS,2236.0,2230.0,2255.0,2337.0,2339.0,2636.0,2910.0,3084.0,4.6,0.0132,0.0185,0.0106,0.0114,0.0168,0.0136,0.478,0.0976,12,4,60.8
28145,Union,MS,1486.0,1536.0,1544.0,1559.0,1599.0,1802.0,1989.0,2108.0,7.6,0.004,0.0072,0.005,0.006,0.0072,0.0097,0.445,0.0597,11,4,60.5
28147,Walthall,MS,2226.0,2291.0,2165.0,2264.0,2283.0,2573.0,2840.0,3011.0,2.6,0.0025,0.0086,0.0064,0.0077,0.0127,0.0112,0.512,0.0811,20,6,58.7
28149,Warren,MS,1938.0,1990.0,2001.0,2042.0,2058.0,2320.0,2561.0,2714.0,6.2,0.0123,0.0062,0.0049,0.0093,0.0097,0.0109,0.528,0.0769,20,6,65.6
28151,Washington,MS,1930.0,1966.0,1996.0,2037.0,2078.0,2342.0,2586.0,2741.0,7.7,0.0093,0.0093,0.0073,0.011,0.0145,0.0187,0.588,0.0991,17,6,76.5
28153,Wayne,MS,1901.0,1934.0,1898.0,1874.0,1909.0,2151.0,2375.0,2517.0,0.4,0.0079,0.0075,0.0077,0.0073,0.0095,0.0084,0.406,0.0632,22,5,43.3
28155,Webster,MS,1558.0,1546.0,1517.0,1563.0,1608.0,1813.0,2001.0,2121.0,3.2,0.0072,0.0062,0.0017,0.0068,0.0069,0.0088,0.355,0.0514,14,5,47.3
28157,Wilkinson,MS,2459.0,2515.0,2401.0,2575.0,2672.0,3011.0,3324.0,3524.0,8.7,0.009,0.0111,0.0079,0.0028,0.0142,0.0171,0.382,0.0849,20,5,68.0
28159,Winston,MS,1591.0,1611.0,1593.0,1592.0,1683.0,1897.0,2094.0,2220.0,5.8,0.0084,0.0067,0.0057,0.0095,0.014,0.019,0.55,0.0739,13,5,71.9
28161,Yalobusha,MS,1571.0,1594.0,1579.0,1620.0,1655.0,1865.0,2059.0,2183.0,5.3,0.0043,0.0058,0.0031,0.0113,0.0093,0.0105,0.405,0.0531,9,4,56.5
28163,Yazoo,MS,1887.0,1956.0,1927.0,2008.0,2031.0,2289.0,2527.0,2679.0,7.6,0.0121,0.0093,0.0041,0.0094,0.0137,0.012,0.595,0.0797,20,6,71.6
29001,Adair,MO,1549.0,1590.0,1612.0,1705.0,1734.0,1954.0,2157.0,2287.0,11.9,0.0077,0.0093,0.005,0.0073,0.0096,0.01,0.223,0.0334,17,1,50.0
29003,Andrew,MO,1724.0,1767.0,1874.0,2032.0,2096.0,2362.0,2608.0,2764.0,21.6,0.0088,0.0083,0.0093,0.0113,0.0092,0.0098,0.563,0.0873,18,1,66.9
29005,Atchison,MO,1648.0,1695.0,1786.0,1850.0,1975.0,2226.0,2457.0,2605.0,19.8,0.0108,0.0018,0.0018,0.009,0.0186,0.0077,0.303,0.0475,14,0,45.6
29007,Audrain,MO,1550.0,1553.0,1587.0,1630.0,1660.0,1871.0,2065.0,2189.0,7.1,0.0085,0.0084,0.0053,0.0086,0.009,0.0125,0.329,0.0329,14,1,48.7
29009,Barry,MO,1723.0,1761.0,1820.0,1919.0,1958.0,2207.0,2436.0,2583.0,13.6,0.0095,0.0041,0.0052,0.0071,0.0097,0.0085,0.468,0.0575,23,3,61.8
29011,Barton,MO,1655.0,1697.0,1763.0,1805.0,1870.0,2108.0,2327.0,2467.0,13.0,0.006,0.008,0.0058,0.0056,0.0139,0.0103,0.731,0.0829,18,1,66.8
29013,Bates,MO,1804.0,1875.0,1979.0,2076.0,2149.0,2422.0,2673.0,2834.0,19.1,0.0126,0.009,0.0107,0.0104,0.0113,0.0093,0.572,0.0655,15,1,67.4
29015,Benton,MO,1677.0,1716.0,1782.0,1815.0,1857.0,2093.0,2311.0,2449.0,10.7,0.0078,0.0083,0.009,0.0091,0.0111,0.0132,0.369,0.0377,14,1,56.6
29017,Bollinger,MO,1740.0,1711.0,1745.0,1823.0,1850.0,2085.0,2302.0,2440.0,6.3,0.0073,0.0094,0.009,0.0088,0.0055,0.0145,0.306,0.034,22,5,59.6
29019,Boone,MO,1797.0,1814.0,1845.0,1902.0,1935.0,2180.0,2407.0,2552.0,7.7,0.0092,0.0074,0.0049,0.0075,0.0068,0.008,0.307,0.0353,19,1,41.9
29021,Buchanan,MO,1696.0,1756.0,1842.0,1971.0,2050.0,2310.0,2551.0,2704.0,20.9,0.0121,0.011,0.0093,0.0118,0.0153,0.014,0.488,0.0668,18,1,71.8
29023,Butler,MO,1851.0,1838.0,1796.0,1833.0,1878.0,2116.0,2336.0,2477.0,1.5,0.0131,0.0138,0.008,0.0125,0.0113,0.0115,0.54,0.0711,17,3,54.3
29025,Caldwell,MO,1818.0,1803.0,1820.0,1930.0,1980.0,2232.0,2464.0,2612.0,8.9,0.0141,0.0052,0.0099,0.0094,0.0149,0.02,0.421,0.0507,13,1,61.5
29027,Callaway,MO,1716.0,1721.0,1779.0,1882.0,1915.0,2159.0,2383.0,2526.0,11.6,0.0085,0.006,0.0078,0.0102,0.0084,0.0107,0.671,0.0733,18,2,69.0
29029,Camden,MO,2142.0,2169.0,2217.0,2321.0,2375.0,2677.0,2955.0,3133.0,10.9,0.0095,0.0086,0.0089,0.0122,0.0119,0.0104,0.481,0.062,21,2,62.5
29031,Cape Girardeau,MO,2032.0,2047.0,2093.0,2195.0,2261.0,2548.0,2813.0,2981.0,11.3,0.01,0.0096,0.009,0.0126,0.0118,0.0104,0.279,0.0452,20,1,51.3
29033,Carroll,MO,1518.0,1573.0,1624.0,1774.0,1818.0,2049.0,2262.0,2398.0,19.8,0.007,0.0114,0.0097,0.0166,0.0168,0.0072,0.419,0.0409,17,1,55.7
29035,Carter,MO,1914.0,1864.0,1845.0,1814.0,1867.0,2104.0,2323.0,2462.0,-2.5,0.0123,0.0025,0.01,0.0145,0.0137,0.0108,0.622,0.0411,17,4,49.6
29037,Cass,MO,1931.0,1990.0,2083.0,2202.0,2250.0,2536.0,2800.0,2968.0,16.5,0.0113,0.007,0.0079,0.0083,0.0081,0.0073,0.607,0.0782,12,0,54.8
29039,Cedar,MO,1679.0,1725.0,1781.0,1832.0,1884.0,2123.0,2344.0,2484.0,12.2,0.0093,0.0099,0.0074,0.0096,0.0113,0.0102,0.528,0.043,19,0,56.6
29041,Chariton,MO,1636.0,1641.0,1716.0,1787.0,1799.0,2027.0,2238.0,2372.0,10.0,0.0064,0.0052,0.0026,0.0102,0.0116,0.0051,0.333,0.0343,19,1,36.3
29043,Christian,MO,1861.0,1926.0,1969.0,2057.0,2124.0,2394.0,2642.0,2801.0,14.1,0.0131,0.0091,0.0071,0.0078,0.0085,0.009,0.621,0.0817,18,1,62.2
29045,Clark,MO,1672.0,1679.0,1829.0,1840.0,2000.0,2254.0,2489.0,2638.0,19.6,0.0053,0.0122,0.0088,0.0123,0.0073,0.0167,0.169,0.021,17,1,60.2
29047,Clay,MO,1888.0,1974.0,2077.0,2159.0,2225.0,2507.0,2768.0,2934.0,17.8,0.0102,0.007,0.0065,0.0086,0.0076,0.0077,0.448,0.0664,11,0,52.9
29049,Clinton,MO,1983.0,1991.0,2144.0,2195.0,2282.0,2572.0,2839.0,3009.0,15.1,0.0136,0.0065,0.0082,0.0083,0.0119,0.0134,0.618,0.0745,13,1,69.0
29051,Cole,MO,1799.0,1844.0,1925.0,2005.0,2055.0,2316.0,2557.0,2710.0,14.2,0.0068,0.0062,0.006,0.0094,0.0093,0.0096,0.906,0.1134,16,0,62.7
29053,Cooper,MO,1748.0,1755.0,1802.0,1862.0,1886.0,2125.0,2346.0,2487.0,7.9,0.0136,0.0071,0.0082,0.0085,0.0076,0.009,0.346,0.0388,16,2,49.4
29055,Crawford,MO,1791.0,1775.0,1827.0,1914.0,1993.0,2246.0,2479.0,2628.0,11.3,0.0119,0.0044,0.0108,0.0084,0.0111,0.0115,0.533,0.0435,18,2,66.8
29057,Dade,MO,1685.0,1641.0,1750.0,1766.0,1813.0,2043.0,2255.0,2391.0,7.6,0.004,0.0019,0.0098,0.0168,0.0161,0.0056,0.972,0.1102,19,2,55.7
29059,Dallas,MO,1839.0,1823.0,1842.0,1926.0,1964.0,2214.0,2444.0,2591.0,6.8,0.0133,0.0071,0.0076,0.0138,0.0112,0.0111,0.531,0.0475,19,0,50.5
29061,Daviess,MO,1922.0,1936.0,2071.0,2149.0,2195.0,2473.0,2731.0,2895.0,14.2,0.0084,0.0107,0.0104,0.0079,0.0151,0.0166,0.32,0.0364,15,1,61.8
29063,DeKalb,MO,1727.0,1795.0,1902.0,1969.0,2049.0,2309.0,2549.0,2702.0,18.6,0.0108,0.0027,0.0079,0.0026,0.0126,0.0103,0.545,0.0641,12,0,64.3
29065,Dent,MO,1614.0,1631.0,1650.0,1776.0,1725.0,1944.0,2146.0,2275.0,6.9,0.0085,0.01,0.0053,0.013,0.0122,0.0109,0.53,0.041,14,1,53.8
29067,Douglas,MO,1750.0,1781.0,1816.0,1897.0,2002.0,2256.0,2491.0,2641.0,14.4,0.01,0.0049,0.0087,0.012,0.0079,0.0119,0.432,0.0455,20,3,67.6
29069,Dunklin,MO,1763.0,1668.0,1665.0,1669.0,1660.0,1870.0,2065.0,2189.0,-5.8,0.0147,0.0081,0.0068,0.0126,0.0156,0.0186,0.658,0.0668,18,3,53.4
29071,Franklin,MO,2035.0,2030.0,2094.0,2158.0,2213.0,2494.0,2754.0,2919.0,8.7,0.0076,0.0064,0.006,0.0076,0.0082,0.0098,0.437,0.0536,13,1,53.7
29073,Gasconade,MO,1879.0,1884.0,1964.0,1992.0,2043.0,2303.0,2542.0,2695.0,8.7,0.0064,0.0041,0.0064,0.0068,0.011,0.0099,0.271,0.036,13,0,41.2
29075,Gentry,MO,1713.0,1639.0,1746.0,1861.0,1954.0,2203.0,2432.0,2578.0,14.1,0.0043,0.0112,0.0112,0.0247,0.0095,0.0025,0.494,0.0585,13,1,48.9
29077,Greene,MO,1806.0,1856.0,1900.0,1983.0,2059.0,2320.0,2562.0,2715.0,14.0,0.0125,0.0085,0.0071,0.0081,0.0077,0.0086,0.652,0.0955,20,2,64.7
29079,Grundy,MO,1616.0,1585.0,1625.0,1823.0,1912.0,2155.0,2379.0,2522.0,18.3,0.0072,0.0095,0.0065,0.0177,0.0167,0.0148,0.299,0.0307,17,2,66.1
29081,Harrison,MO,1675.0,1747.0,1789.0,1859.0,1882.0,2121.0,2341.0,2482.0,12.4,0.0021,0.0162,0.0041,0.0097,0.0114,0.0133,1.684,0.2138,12,0,68.2
29083,Henry,MO,1752.0,1811.0,1910.0,2023.0,2117.0,2385.0,2634.0,2792.0,20.8,0.0125,0.0107,0.0096,0.013,0.0142,0.0114,0.81,0.0905,13,1,76.2
29085,Hickory,MO,1667.0,1642.0,1679.0,1750.0,1752.0,1975.0,2180.0,2311.0,5.1,0.0032,0.0057,0.0047,0.0061,0.0126,0.0084,0.292,0.0391,18,0,34.1
29087,Holt,MO,1645.0,1683.0,1887.0,1917.0,2007.0,2262.0,2497.0,2647.0,22.0,0.0075,0.0076,0.013,0.0177,0.0172,0.0155,0.679,0.1361,15,1,79.3
29089,Howard,MO,1720.0,1736.0,1807.0,1907.0,1907.0,2150.0,2373.0,2516.0,10.9,0.0054,0.0053,0.0042,0.0102,0.0049,0.0058,0.37,0.0526,20,1,43.1
29091,Howell,MO,1699.0,1678.0,1685.0,1779.0,1785.0,2011.0,2220.0,2354.0,5.1,0.0121,0.0076,0.0112,0.0094,0.012,0.0099,0.455,0.0584,19,4,56.5
29093,Iron,MO,1753.0,1736.0,1764.0,1913.0,1902.0,2144.0,2367.0,2509.0,8.5,0.0036,0.0082,0.0062,0.0095,0.0068,0.0143,0.404,0.0393,20,4,65.3
29095,Jackson,MO,1995.0,2054.0,2108.0,2156.0,2197.0,2476.0,2733.0,2897.0,10.1,0.0111,0.0078,0.007,0.0082,0.0087,0.0099,0.421,0.0624,12,0,47.8
29097,Jasper,MO,1729.0,1787.0,1853.0,1922.0,1997.0,2250.0,2484.0,2633.0,15.5,0.0136,0.0059,0.0056,0.008,0.008,0.0088,0.722,0.089,16,0,61.4
29099,Jefferson,MO,1883.0,1881.0,1890.0,1949.0,1976.0,2227.0,2459.0,2606.0,4.9,0.0112,0.0077,0.0067,0.0071,0.0071,0.0088,0.388,0.0543,19,1,41.1
29101,Johnson,MO,1832.0,1871.0,1968.0,2099.0,2139.0,2411.0,2662.0,2821.0,16.8,0.0092,0.0107,0.0106,0.0128,0.0124,0.0128,0.72,0.0934,12,0,69.2
29103,Knox,MO,1386.0,1480.0,1536.0,1609.0,1689.0,1903.0,2101.0,2227.0,21.9,0.0112,0.0145,0.0,0.0087,0.0061,0.0032,0.107,0.0285,18,1,40.2
29105,Laclede,MO,1778.0,1744.0,1785.0,1896.0,1932.0,2177.0,2404.0,2548.0,8.7,0.0124,0.0218,0.0109,0.0083,0.0137,0.0098,0.655,0.0832,18,0,57.0
29107,Lafayette,MO,1855.0,1900.0,1955.0,1990.0,2028.0,2286.0,2524.0,2675.0,9.3,0.0075,0.0073,0.0065,0.0089,0.01,0.0083,0.478,0.0564,14,0,46.9
29109,Lawrence,MO,1784.0,1789.0,1844.0,1929.0,1958.0,2206.0,2436.0,2582.0,9.8,0.0059,0.0094,0.0095,0.0075,0.0123,0.0137,0.69,0.0939,16,1,67.1
29111,Lewis,MO,1673.0,1644.0,1684.0,1691.0,1775.0,2000.0,2208.0,2341.0,6.1,0.0083,0.0042,0.0055,0.0028,0.007,0.0112,0.277,0.0326,18,0,39.8
29113,Lincoln,MO,1842.0,1839.0,1867.0,1943.0,1988.0,2241.0,2474.0,2622.0,7.9,0.0077,0.007,0.0074,0.0072,0.0064,0.0074,0.517,0.0539,18,1,48.2
29115,Linn,MO,1536.0,1606.0,1611.0,1782.0,1778.0,2003.0,2212.0,2345.0,15.8,0.011,0.0042,0.0032,0.0143,0.0115,0.0177,0.354,0.048,16,0,58.5
29117,Livingston,MO,1537.0,1625.0,1677.0,1794.0,1859.0,2095.0,2313.0,2452.0,20.9,0.0114,0.0075,0.0081,0.0156,0.0104,0.0135,0.354,0.0353,16,1,62.5
29119,McDonald,MO,1865.0,1873.0,1974.0,1981.0,2057.0,2318.0,2559.0,2713.0,10.3,0.0154,0.0098,0.0073,0.0074,0.0113,0.0095,0.753,0.0719,20,2,66.7
29121,Macon,MO,1622.0,1643.0,1676.0,1722.0,1736.0,1957.0,2161.0,2290.0,7.0,0.0072,0.0103,0.008,0.0092,0.0113,0.0107,0.284,0.0285,12,0,39.2
29123,Madison,MO,1731.0,1713.0,1728.0,1829.0,1840.0,2074.0,2290.0,2427.0,6.3,0.0108,0.0053,0.0043,0.0074,0.0119,0.0206,0.523,0.0423,19,5,71.7
29125,Maries,MO,1799.0,1768.0,1778.0,1920.0,1964.0,2213.0,2443.0,2590.0,9.2,0.0074,0.0047,0.0083,0.0089,0.0144,0.0095,0.309,0.041,21,2,51.5
29127,Marion,MO,1649.0,1689.0,1765.0,1892.0,1947.0,2194.0,2422.0,2568.0,18.1,0.0111,0.0087,0.0098,0.0159,0.0103,0.0143,0.325,0.0399,17,0,58.9
29129,Mercer,MO,1453.0,1550.0,1569.0,1733.0,1801.0,2030.0,2241.0,2376.0,24.0,0.0043,0.0043,0.0088,0.0261,0.0237,0.0142,0.311,0.0402,12,0,57.6
29131,Miller,MO,1811.0,1816.0,1925.0,2040.0,2126.0,2396.0,2645.0,2804.0,17.4,0.013,0.0079,0.0102,0.011,0.0168,0.0113,0.571,0.0567,21,0,65.4
29133,Mississippi,MO,1955.0,1805.0,1837.0,1847.0,1810.0,2040.0,2252.0,2387.0,-7.4,0.0069,0.0058,0.0105,0.0065,0.0102,0.0131,0.33,0.0468,19,2,33.2
29135,Moniteau,MO,1693.0,1683.0,1752.0,1883.0,1961.0,2210.0,2440.0,2586.0,15.8,0.0056,0.0043,0.0077,0.0152,0.0121,0.0088,0.484,0.061,12,1,59.4
29137,Monroe,MO,1604.0,1539.0,1599.0,1706.0,1743.0,1965.0,2169.0,2299.0,8.7,0.0061,0.0082,0.0072,0.0132,0.0098,0.0079,0.261,0.0302,13,0,38.3
29139,Montgomery,MO,1790.0,1836.0,1834.0,1816.0,1899.0,2140.0,2362.0,2504.0,6.1,0.0062,0.0086,0.0084,0.0059,0.0086,0.0066,0.439,0.0504,18,2,45.5
29141,Morgan,MO,1756.0,1786.0,1842.0,1911.0,1960.0,2209.0,2439.0,2585.0,11.6,0.0068,0.0053,0.0089,0.0067,0.0106,0.0114,0.412,0.0438,17,1,58.3
29143,New Madrid,MO,2025.0,1976.0,1933.0,1937.0,1914.0,2157.0,2381.0,2524.0,-5.5,0.0132,0.0088,0.0086,0.0102,0.0128,0.0112,0.492,0.0487,22,4,45.4
29145,Newton,MO,1808.0,1857.0,1917.0,1993.0,2072.0,2336.0,2579.0,2733.0,14.6,0.011,0.0071,0.0057,0.0065,0.0084,0.0086,0.38,0.0582,20,1,51.5
29147,Nodaway,MO,1637.0,1673.0,1776.0,1856.0,1967.0,2217.0,2447.0,2594.0,20.2,0.0063,0.0069,0.0056,0.01,0.0078,0.0084,0.245,0.0301,12,0,45.6
29149,Oregon,MO,1652.0,1590.0,1610.0,1649.0,1704.0,1921.0,2120.0,2247.0,3.1,0.0056,0.0028,0.0072,0.0098,0.0096,0.0117,0.468,0.0408,20,4,56.0
29151,Osage,MO,1908.0,1973.0,2048.0,2173.0,2254.0,2540.0,2804.0,2973.0,18.1,0.0079,0.002,0.003,0.0039,0.0094,0.0134,0.231,0.0379,21,0,55.5
29153,Ozark,MO,1719.0,1735.0,1776.0,1849.0,1883.0,2122.0,2343.0,2483.0,9.5,0.0096,0.0036,0.0071,0.0087,0.0076,0.0085,0.444,0.0438,22,5,61.8
29155,Pemiscot,MO,1903.0,1800.0,1811.0,1891.0,1869.0,2107.0,2326.0,2465.0,-1.8,0.0171,0.0062,0.0012,0.0167,0.0151,0.0215,1.157,0.0811,19,2,57.4
29157,Perry,MO,2012.0,2051.0,2073.0,2175.0,2216.0,2498.0,2757.0,2923.0,10.1,0.0087,0.0083,0.0104,0.0051,0.0092,0.0082,0.369,0.0362,22,2,50.5
29159,Pettis,MO,1749.0,1770.0,1826.0,1927.0,1939.0,2185.0,2412.0,2557.0,10.9,0.0118,0.0066,0.0069,0.0114,0.0136,0.0115,0.353,0.0563,12,0,47.8
29161,Phelps,MO,1735.0,1740.0,1772.0,1870.0,1874.0,2112.0,2331.0,2471.0,8.0,0.0073,0.0076,0.0058,0.0086,0.0074,0.0094,0.38,0.0459,19,2,49.8
29163,Pike,MO,1827.0,1770.0,1807.0,1835.0,1891.0,2131.0,2352.0,2493.0,3.5,0.0079,0.0107,0.0054,0.0099,0.0144,0.012,0.523,0.046,17,0,45.7
29165,Platte,MO,2005.0,2076.0,2181.0,2242.0,2309.0,2602.0,2873.0,3045.0,15.2,0.0092,0.0063,0.0065,0.008,0.0075,0.0069,0.398,0.062,15,0,46.6
29167,Polk,MO,1805.0,1784.0,1840.0,1907.0,1960.0,2209.0,2438.0,2585.0,8.6,0.0064,0.0067,0.0068,0.0075,0.0094,0.0117,0.894,0.0873,18,0,60.1
29169,Pulaski,MO,1816.0,1771.0,1776.0,1877.0,1898.0,2139.0,2361.0,2503.0,4.5,0.0121,0.0125,0.0061,0.0113,0.01,0.0095,0.352,0.044,17,1,40.8
29171,Putnam,MO,1733.0,1788.0,1856.0,1929.0,2032.0,2291.0,2529.0,2680.0,17.3,0.0062,0.0105,0.0064,0.0084,0.011,0.0179,0.326,0.0399,13,0,60.9
29173,Ralls,MO,1601.0,1659.0,1729.0,1819.0,1878.0,2116.0,2336.0,2476.0,17.3,0.0081,0.007,0.0078,0.0084,0.0185,0.006,0.514,0.069,18,1,55.9
29175,Randolph,MO,1639.0,1645.0,1698.0,1750.0,1790.0,2018.0,2228.0,2361.0,9.2,0.0105,0.0124,0.0055,0.0105,0.0145,0.0157,0.772,0.0915,12,0,63.5
29177,Ray,MO,1848.0,1866.0,1964.0,2077.0,2131.0,2401.0,2651.0,2810.0,15.3,0.0066,0.0077,0.0073,0.0089,0.008,0.0087,0.428,0.0505,21,1,56.0
29179,Reynolds,MO,1740.0,1742.0,1742.0,1822.0,1795.0,2023.0,2234.0,2368.0,3.2,0.008,0.002,0.0076,0.011,0.0196,0.0072,0.329,0.0328,20,5,41.7
29181,Ripley,MO,1908.0,1849.0,1824.0,1861.0,1921.0,2165.0,2390.0,2534.0,0.7,0.0155,0.0102,0.0113,0.0143,0.0153,0.0166,0.686,0.0422,16,3,60.9
29183,St. Charles,MO,2037.0,2059.0,2096.0,2129.0,2168.0,2444.0,2698.0,2860.0,6.4,0.0084,0.0054,0.0049,0.0056,0.0049,0.0056,0.459,0.0702,16,1,40.2
29185,St. Clair,MO,1633.0,1646.0,1715.0,1809.0,1853.0,2088.0,2306.0,2444.0,13.5,0.0055,0.0073,0.0087,0.0065,0.0169,0.0061,0.497,0.051,17,1,51.0
29186,Ste. Genevieve,MO,1854.0,1880.0,1865.0,1936.0,1954.0,2202.0,2431.0,2577.0,5.4,0.0085,0.0046,0.0079,0.0075,0.0086,0.0098,0.512,0.0601,23,2,53.2
29187,St. Francois,MO,1905.0,1867.0,1886.0,1973.0,2052.0,2313.0,2554.0,2707.0,7.7,0.0121,0.0105,0.0121,0.0126,0.0122,0.0134,0.344,0.0355,14,0,49.0
29189,St. Louis,MO,2286.0,2304.0,2322.0,2358.0,2376.0,2678.0,2956.0,3134.0,3.9,0.009,0.007,0.0054,0.0073,0.0076,0.0093,0.405,0.0741,21,3,48.5
29195,Saline,MO,1697.0,1714.0,1824.0,1930.0,1988.0,2240.0,2473.0,2622.0,17.1,0.0093,0.0084,0.0046,0.01,0.0142,0.0089,0.322,0.0425,16,1,51.5
29197,Schuyler,MO,,,,,,,,,,0.0202,0.0051,0.0051,0.0096,0.0144,0.0142,,,12,0,
29199,Scotland,MO,1590.0,1657.0,1720.0,1969.0,1943.0,2189.0,2417.0,2562.0,22.2,0.0061,0.0152,0.0123,0.0187,0.019,0.019,0.709,0.058,15,1,78.1
29201,Scott,MO,2009.0,1952.0,1965.0,2009.0,2023.0,2280.0,2518.0,2669.0,0.7,0.0119,0.0082,0.0075,0.0145,0.012,0.0124,0.344,0.0534,23,5,47.9
29203,Shannon,MO,1793.0,1712.0,1762.0,1822.0,1882.0,2121.0,2341.0,2482.0,5.0,0.0094,0.004,0.0066,0.0077,0.0075,0.0078,0.63,0.0449,22,4,56.6
29205,Shelby,MO,1550.0,1568.0,1670.0,1804.0,1763.0,1987.0,2193.0,2325.0,13.7,0.0077,0.0015,0.0076,0.0104,0.0149,0.0155,0.25,0.0319,18,1,57.4
29207,Stoddard,MO,1762.0,1723.0,1760.0,1787.0,1810.0,2039.0,2252.0,2387.0,2.7,0.0097,0.0056,0.0042,0.0068,0.0097,0.0116,0.478,0.0413,20,3,52.5
29209,Stone,MO,2005.0,2029.0,2112.0,2185.0,2278.0,2567.0,2834.0,3004.0,13.6,0.0073,0.0068,0.0079,0.0104,0.0116,0.009,0.568,0.0875,18,0,55.8
29211,Sullivan,MO,1516.0,1498.0,1547.0,1580.0,1614.0,1819.0,2008.0,2129.0,6.5,0.0048,0.0098,0.0048,0.0213,0.0211,0.0194,0.622,0.0417,18,0,59.9
29213,Taney,MO,1828.0,1861.0,1910.0,2008.0,2048.0,2308.0,2548.0,2701.0,12.0,0.0149,0.012,0.0111,0.0118,0.0111,0.0126,0.766,0.11,19,1,69.6
29215,Texas,MO,1758.0,1781.0,1792.0,1914.0,1899.0,2140.0,2363.0,2504.0,8.0,0.0099,0.0072,0.0082,0.0128,0.0084,0.0097,0.721,0.0836,21,3,66.7
29217,Vernon,MO,1624.0,1638.0,1733.0,1752.0,1836.0,2069.0,2284.0,2421.0,13.1,0.0044,0.0072,0.0072,0.008,0.0101,0.0093,0.577,0.0685,18,3,68.5
29219,Warren,MO,1854.0,1887.0,1903.0,1961.0,2023.0,2279.0,2517.0,2668.0,9.1,0.0092,0.0081,0.0055,0.0058,0.007,0.0076,0.635,0.0717,10,0,48.9
29221,Washington,MO,1897.0,1901.0,1944.0,2102.0,2135.0,2406.0,2656.0,2816.0,12.5,0.0118,0.019,0.0109,0.0131,0.0202,0.0098,0.53,0.0446,20,3,66.9
29223,Wayne,MO,1702.0,1708.0,1771.0,1824.0,1834.0,2067.0,2282.0,2418.0,7.8,0.0096,0.0131,0.0098,0.0147,0.0117,0.0103,0.486,0.0386,19,4,63.2
29225,Webster,MO,1834.0,1850.0,1855.0,1961.0,2055.0,2316.0,2557.0,2710.0,12.1,0.0113,0.0078,0.0086,0.0122,0.0142,0.0109,0.523,0.0609,26,3,69.0
29227,Worth,MO,,,,,,,,,,0.0,0.0112,0.0,0.0235,0.0,0.0,,,13,1,
29229,Wright,MO,1842.0,1841.0,1892.0,1992.0,2057.0,2318.0,2559.0,2713.0,11.7,0.0101,0.0079,0.0042,0.0127,0.0138,0.0177,0.721,0.082,21,2,74.4
29510,St. Louis city,MO,2268.0,2273.0,2261.0,2300.0,2327.0,2622.0,2895.0,3069.0,2.6,0.0108,0.0079,0.0067,0.009,0.0122,0.0141,0.403,0.0613,17,2,48.4
30001,Beaverhead,MT,1253.0,1267.0,1319.0,1364.0,1402.0,1580.0,1744.0,1849.0,11.9,0.0045,0.0043,0.0042,0.0055,0.0043,0.0067,1.386,0.1349,3,0,56.1
30003,Big Horn,MT,2008.0,1962.0,2000.0,2053.0,2129.0,2399.0,2649.0,2808.0,6.0,0.0087,0.0087,0.0042,0.0052,0.005,0.011,0.639,0.059,6,2,60.6
30005,Blaine,MT,1741.0,1756.0,1752.0,1733.0,1757.0,1980.0,2186.0,2318.0,0.9,0.0075,0.01,0.0025,0.0069,0.0151,0.0089,0.316,0.0512,9,3,37.2
30007,Broadwater,MT,1351.0,1409.0,1459.0,1502.0,1602.0,1805.0,1993.0,2113.0,18.6,0.0061,0.0066,0.0041,0.0056,0.0081,0.0063,1.03,0.0864,7,2,68.2
30009,Carbon,MT,1929.0,1954.0,1970.0,2033.0,2095.0,2361.0,2607.0,2763.0,8.6,0.0066,0.0026,0.0025,0.005,0.0044,0.0088,0.702,0.0574,9,4,67.1
30011,Carter,MT,,,,,,,,,,0.0,0.0,0.0,0.0233,0.0,0.0208,,,6,0,
30013,Cascade,MT,1448.0,1464.0,1517.0,1574.0,1659.0,1870.0,2065.0,2189.0,14.6,0.0075,0.0062,0.0042,0.0046,0.0062,0.0078,0.512,0.0587,3,0,52.1
30015,Chouteau,MT,1443.0,1537.0,1533.0,1583.0,1674.0,1887.0,2083.0,2208.0,16.0,0.0052,0.0074,0.0,0.0045,0.0042,0.0041,0.39,0.0543,6,1,46.5
30017,Custer,MT,2179.0,2140.0,2020.0,2071.0,2086.0,2350.0,2595.0,2751.0,-4.3,0.0099,0.0045,0.0106,0.0053,0.0042,0.0077,0.815,0.1499,7,0,33.4
30019,Daniels,MT,1912.0,1906.0,2055.0,2064.0,2222.0,2505.0,2765.0,2931.0,16.2,0.0153,0.0,0.0,0.0,0.0066,0.0149,0.293,0.0949,5,2,63.1
30021,Dawson,MT,2048.0,1996.0,2083.0,2101.0,2150.0,2423.0,2675.0,2836.0,5.0,0.0041,0.01,0.0044,0.0089,0.0086,0.0054,0.323,0.0302,5,1,28.7
30023,Deer Lodge,MT,1315.0,1309.0,1366.0,1426.0,1442.0,1626.0,1795.0,1902.0,9.7,0.0138,0.0101,0.0025,0.0049,0.0109,0.0072,0.422,0.0374,4,0,44.1
30025,Fallon,MT,2283.0,2209.0,2294.0,2298.0,2425.0,2733.0,3017.0,3198.0,6.2,0.0045,0.0036,0.0036,0.0,0.0121,0.0,0.453,0.0446,6,0,31.2
30027,Fergus,MT,1800.0,1801.0,1823.0,1809.0,1819.0,2050.0,2263.0,2399.0,1.1,0.0025,0.0015,0.0014,0.0025,0.0052,0.0051,0.292,0.0373,6,2,25.6
30029,Flathead,MT,1598.0,1595.0,1656.0,1733.0,1813.0,2044.0,2256.0,2392.0,13.5,0.0071,0.0039,0.0035,0.0044,0.0081,0.0151,0.561,0.0352,9,2,71.7
30031,Gallatin,MT,1845.0,1851.0,1955.0,2070.0,2187.0,2465.0,2721.0,2885.0,18.5,0.0033,0.0033,0.0031,0.0032,0.0047,0.0084,0.481,0.0349,5,0,58.4
30033,Garfield,MT,,,,,,,,,,0.0167,0.0167,0.0167,0.0,0.0,0.0341,,,9,2,
30035,Glacier,MT,1248.0,1233.0,1247.0,1300.0,1375.0,1550.0,1711.0,1813.0,10.2,0.0084,0.0051,0.0029,0.0073,0.0133,0.0101,0.458,0.0561,6,1,54.4
30037,Golden Valley,MT,,,,,,,,,,0.0112,0.0204,0.0088,0.0177,0.0242,0.0,,,7,2,
30039,Granite,MT,1525.0,1498.0,1561.0,1612.0,1608.0,1813.0,2001.0,2121.0,5.4,0.0048,0.0028,0.0027,0.0068,0.0097,0.0065,0.315,0.0307,4,0,27.5
30041,Hill,MT,1538.0,1532.0,1578.0,1653.0,1732.0,1952.0,2155.0,2284.0,12.6,0.009,0.0053,0.0038,0.0041,0.0067,0.0057,0.163,0.0257,9,2,40.6
30043,Jefferson,MT,1578.0,1577.0,1702.0,1780.0,1843.0,2077.0,2293.0,2431.0,16.8,0.0087,0.0049,0.0025,0.0034,0.0069,0.0183,0.504,0.0502,6,0,67.7
30045,Judith Basin,MT,,,,,,,,,,0.0,0.0053,0.0,0.0115,0.0071,0.007,,,5,2,
30047,Lake,MT,1807.0,1786.0,1797.0,1849.0,1937.0,2183.0,2410.0,2554.0,7.2,0.0057,0.0063,0.0049,0.0048,0.0079,0.0124,0.496,0.0421,6,1,55.5
30049,Lewis and Clark,MT,1638.0,1651.0,1662.0,1740.0,1712.0,1930.0,2130.0,2258.0,4.5,0.007,0.0071,0.0027,0.0034,0.0055,0.0133,0.433,0.0499,11,1,49.1
30051,Liberty,MT,,,,,,,,,,0.0,0.0,0.0,0.01,0.032,0.0189,,,6,0,
30053,Lincoln,MT,1475.0,1494.0,1445.0,1510.0,1590.0,1792.0,1979.0,2097.0,7.8,0.0056,0.0075,0.0036,0.0057,0.0097,0.0184,0.262,0.0181,8,3,58.5
30055,McCone,MT,1960.0,1870.0,2005.0,2027.0,2104.0,2372.0,2618.0,2775.0,7.3,0.0,0.0093,0.0045,0.0,0.0045,0.0082,0.224,0.0424,6,1,38.1
30057,Madison,MT,3031.0,3026.0,3224.0,3451.0,3501.0,3946.0,4356.0,4618.0,15.5,0.0031,0.001,0.0025,0.0032,0.0074,0.013,0.51,0.0531,4,0,62.7
30059,Meagher,MT,2416.0,2127.0,2137.0,2301.0,2347.0,2645.0,2920.0,3095.0,-2.9,0.0,0.0108,0.0026,0.0165,0.0157,0.0045,0.668,0.0939,4,0,23.3
30061,Mineral,MT,1542.0,1526.0,1564.0,1551.0,1618.0,1823.0,2013.0,2133.0,4.9,0.0067,0.0065,0.0044,0.0073,0.0146,0.0108,0.431,0.0261,6,1,48.2
30063,Missoula,MT,1478.0,1481.0,1517.0,1573.0,1633.0,1840.0,2031.0,2153.0,10.5,0.0046,0.0039,0.0027,0.0031,0.0075,0.0109,0.348,0.0287,14,2,55.7
30065,Musselshell,MT,2023.0,2051.0,1979.0,2024.0,2093.0,2358.0,2604.0,2760.0,3.5,0.0078,0.0073,0.0068,0.0075,0.0067,0.0115,1.926,0.185,10,1,56.3
30067,Park,MT,1857.0,1925.0,1969.0,2025.0,2150.0,2423.0,2675.0,2835.0,15.8,0.0062,0.005,0.0039,0.0036,0.0066,0.0097,0.249,0.0257,10,3,58.3
30069,Petroleum,MT,,,,,,,,,,0.0,0.0303,0.0,0.0,0.0,0.0222,,,9,2,
30071,Phillips,MT,1678.0,1675.0,1750.0,1840.0,1892.0,2133.0,2354.0,2496.0,12.8,0.0077,0.0057,0.0057,0.0074,0.0123,0.0053,0.583,0.048,5,2,54.5
30073,Pondera,MT,1329.0,1328.0,1390.0,1437.0,1514.0,1706.0,1883.0,1996.0,13.9,0.012,0.0049,0.0062,0.0072,0.0053,0.0133,0.536,0.0698,10,2,72.2
30075,Powder River,MT,,,,,,,,,,0.0,0.0108,0.0109,0.0,0.0,0.0,,,9,1,
30077,Powell,MT,1732.0,1668.0,1741.0,1701.0,1783.0,2010.0,2219.0,2352.0,2.9,0.0104,0.0086,0.0047,0.008,0.0085,0.0175,0.342,0.039,11,3,52.4
30079,Prairie,MT,,,,,,,,,,0.0,0.0238,0.0,0.0,0.0,0.027,,,4,0,
30081,Ravalli,MT,1638.0,1623.0,1665.0,1742.0,1804.0,2033.0,2245.0,2379.0,10.1,0.005,0.005,0.0037,0.0057,0.0083,0.0115,0.587,0.04,9,1,61.1
30083,Richland,MT,2192.0,2174.0,2307.0,2444.0,2497.0,2814.0,3107.0,3293.0,13.9,0.0074,0.0088,0.0016,0.004,0.0086,0.005,0.491,0.0696,4,0,47.0
30085,Roosevelt,MT,1988.0,1996.0,2076.0,2103.0,2262.0,2549.0,2814.0,2983.0,13.8,0.0098,0.0046,0.0023,0.0154,0.019,0.0177,0.31,0.0564,4,1,59.7
30087,Rosebud,MT,2189.0,2202.0,2123.0,2131.0,2128.0,2398.0,2647.0,2806.0,-2.8,0.004,0.0041,0.008,0.0013,0.0023,0.0034,0.682,0.1072,11,3,34.9
30089,Sanders,MT,1417.0,1422.0,1410.0,1468.0,1527.0,1721.0,1900.0,2014.0,7.8,0.0066,0.0072,0.0019,0.0039,0.0084,0.0119,0.559,0.0264,10,3,65.5
30091,Sheridan,MT,1834.0,1820.0,1905.0,2015.0,2130.0,2400.0,2650.0,2809.0,16.1,0.0071,0.0092,0.012,0.0093,0.021,0.0037,1.206,0.1369,4,1,57.1
30093,Silver Bow,MT,1304.0,1299.0,1339.0,1403.0,1450.0,1634.0,1804.0,1912.0,11.2,0.0071,0.0046,0.0037,0.0041,0.0074,0.013,0.535,0.0597,3,0,61.2
30095,Stillwater,MT,2046.0,2034.0,2016.0,2104.0,2242.0,2526.0,2789.0,2956.0,9.6,0.0044,0.0067,0.0023,0.0026,0.0021,0.0045,0.333,0.0394,12,3,44.4
30097,Sweet Grass,MT,2027.0,2018.0,2049.0,2032.0,2077.0,2340.0,2584.0,2739.0,2.5,0.0028,0.004,0.0026,0.0037,0.0058,0.0071,0.846,0.081,7,2,47.5
30099,Teton,MT,1627.0,1630.0,1625.0,1683.0,1722.0,1940.0,2142.0,2271.0,5.8,0.009,0.0051,0.0032,0.006,0.0069,0.0094,0.274,0.036,7,2,45.1
30101,Toole,MT,1369.0,1366.0,1397.0,1434.0,1504.0,1695.0,1871.0,1984.0,9.9,0.0137,0.0166,0.0,0.0095,0.0207,0.0147,0.345,0.0429,7,1,57.3
30103,Treasure,MT,,,,,,,,,,0.0,0.0,0.0135,0.0,0.0,0.0,,,7,2,
30105,Valley,MT,1927.0,1780.0,1849.0,1900.0,2040.0,2299.0,2539.0,2691.0,5.9,0.007,0.0071,0.0045,0.0057,0.0054,0.0089,0.233,0.0391,8,2,42.2
30107,Wheatland,MT,1489.0,1357.0,1452.0,1494.0,1615.0,1820.0,2009.0,2130.0,8.5,0.0142,0.0048,0.0,0.0,0.0082,0.0,0.378,0.0584,6,2,40.8
30109,Wibaux,MT,,,,,,,,,,0.0263,0.0,0.0,0.0175,0.0339,0.0,,,3,0,
30111,Yellowstone,MT,2121.0,2120.0,2166.0,2241.0,2304.0,2596.0,2866.0,3038.0,8.6,0.0062,0.0065,0.0057,0.0039,0.0035,0.0051,1.39,0.1711,10,2,53.8
31001,Adams,NE,2228.0,2314.0,2273.0,2343.0,2488.0,2804.0,3096.0,3281.0,11.7,0.0081,0.0091,0.0066,0.0079,0.0156,0.0188,1.134,0.2118,11,1,75.8
31003,Antelope,NE,2009.0,2045.0,2092.0,2152.0,2112.0,2380.0,2627.0,2785.0,5.1,0.013,0.0103,0.0025,0.0,0.0048,0.0145,0.396,0.0443,10,1,51.7
31005,Arthur,NE,,,,,,,,,,0.0196,0.0,0.0,0.0222,0.0,0.0,,,8,1,
31007,Banner,NE,,,,,,,,,,0.0,0.0769,0.0,0.0345,0.0,0.0,,,5,1,
31009,Blaine,NE,,,,,,,,,,0.0476,0.0,0.0,0.0,0.0256,0.0,,,10,0,
31011,Boone,NE,1963.0,2233.0,2123.0,2372.0,2295.0,2587.0,2856.0,3027.0,16.9,0.006,0.0061,0.0083,0.0043,0.013,0.0068,1.058,0.124,13,3,70.5
31013,Box Butte,NE,2422.0,2349.0,2323.0,2565.0,2410.0,2716.0,2998.0,3178.0,-0.5,0.0114,0.0109,0.0183,0.0141,0.0204,0.028,1.144,0.2017,7,1,53.9
31015,Boyd,NE,1800.0,1781.0,1834.0,1655.0,1843.0,2077.0,2293.0,2430.0,2.4,0.022,0.0222,0.0,0.0,0.0106,0.0319,1.215,0.1878,12,1,62.1
31017,Brown,NE,1908.0,1913.0,1894.0,1950.0,2021.0,2278.0,2515.0,2666.0,5.9,0.0035,0.0035,0.007,0.0034,0.0,0.0068,0.256,0.0463,8,0,30.2
31019,Buffalo,NE,2364.0,2424.0,2370.0,2446.0,2547.0,2871.0,3170.0,3360.0,7.7,0.0058,0.0054,0.0076,0.0074,0.0078,0.0106,0.74,0.1428,10,1,60.4
31021,Burt,NE,2008.0,2071.0,2138.0,2223.0,2364.0,2664.0,2941.0,3118.0,17.7,0.0108,0.0036,0.0082,0.0186,0.0108,0.0168,0.343,0.0685,13,5,75.0
31023,Butler,NE,1930.0,2115.0,2107.0,2199.0,2241.0,2525.0,2788.0,2955.0,16.1,0.0136,0.0075,0.0012,0.0071,0.0095,0.0118,0.491,0.0914,12,2,69.8
31025,Cass,NE,2247.0,2361.0,2428.0,2552.0,2688.0,3030.0,3345.0,3546.0,19.6,0.0104,0.007,0.0081,0.0087,0.0105,0.0111,0.676,0.0956,19,5,82.5
31027,Cedar,NE,1906.0,2054.0,2022.0,2158.0,2268.0,2556.0,2822.0,2992.0,19.0,0.0057,0.0054,0.0078,0.0132,0.0105,0.0155,0.187,0.0341,9,1,60.0
31029,Chase,NE,2752.0,2680.0,2529.0,2463.0,2536.0,2858.0,3155.0,3344.0,-7.8,0.0,0.016,0.0193,0.0043,0.0086,0.0259,1.369,0.2971,8,0,45.6
31031,Cherry,NE,2191.0,2105.0,2051.0,2161.0,2186.0,2463.0,2719.0,2883.0,-0.2,0.0191,0.0163,0.0052,0.0187,0.0135,0.0123,0.3,0.0355,8,0,28.4
31033,Cheyenne,NE,2539.0,2376.0,2232.0,2335.0,2374.0,2675.0,2954.0,3131.0,-6.5,0.0091,0.0165,0.011,0.0087,0.0065,0.0125,0.61,0.1011,7,1,40.4
31035,Clay,NE,2314.0,2367.0,2428.0,2428.0,2611.0,2942.0,3248.0,3443.0,12.8,0.0111,0.0077,0.0,0.0057,0.0134,0.0136,0.541,0.1203,11,3,74.1
31037,Colfax,NE,1919.0,2096.0,2060.0,2202.0,2298.0,2590.0,2859.0,3030.0,19.7,0.003,0.0088,0.0042,0.0041,0.0055,0.0084,0.186,0.0325,9,2,54.2
31039,Cuming,NE,2044.0,2148.0,2123.0,2124.0,2293.0,2584.0,2853.0,3024.0,12.2,0.0151,0.0068,0.0049,0.0076,0.0076,0.0031,0.349,0.0451,14,3,47.1
31041,Custer,NE,2310.0,2214.0,2312.0,2379.0,2415.0,2722.0,3005.0,3186.0,4.5,0.0232,0.0082,0.0118,0.0115,0.0112,0.0097,0.657,0.1162,13,1,52.0
31043,Dakota,NE,2003.0,2066.0,2120.0,2265.0,2384.0,2687.0,2967.0,3144.0,19.0,0.0121,0.011,0.0119,0.0081,0.0093,0.0154,0.292,0.0532,11,2,66.1
31045,Dawes,NE,2359.0,2231.0,2121.0,2143.0,2154.0,2428.0,2680.0,2841.0,-8.7,0.0068,0.0101,0.007,0.0146,0.0065,0.0136,0.525,0.0784,9,2,43.3
31047,Dawson,NE,2204.0,2175.0,2164.0,2224.0,2310.0,2604.0,2874.0,3047.0,4.8,0.0099,0.0076,0.007,0.0077,0.011,0.008,0.43,0.0926,9,2,46.3
31049,Deuel,NE,2461.0,2442.0,2251.0,2352.0,2365.0,2665.0,2942.0,3119.0,-3.9,0.011,0.0053,0.0195,0.0223,0.0043,0.0116,0.506,0.0819,7,0,35.3
31051,Dixon,NE,2057.0,2071.0,2141.0,2124.0,2208.0,2489.0,2748.0,2913.0,7.3,0.0066,0.0166,0.0031,0.0247,0.0158,0.0262,0.168,0.0362,13,1,50.5
31053,Dodge,NE,2115.0,2260.0,2281.0,2447.0,2506.0,2825.0,3118.0,3306.0,18.5,0.0082,0.0071,0.0077,0.0094,0.0084,0.0121,0.306,0.0469,10,2,61.2
31055,Douglas,NE,2362.0,2483.0,2523.0,2633.0,2734.0,3081.0,3401.0,3605.0,15.7,0.0104,0.0085,0.0072,0.0077,0.0084,0.0106,0.761,0.1138,18,7,82.3
31057,Dundy,NE,2458.0,2300.0,2152.0,2040.0,2330.0,2626.0,2900.0,3074.0,-5.2,0.0099,0.0,0.0,0.0,0.0082,0.0263,0.369,0.0495,9,1,38.3
31059,Fillmore,NE,2281.0,2359.0,2294.0,2328.0,2402.0,2707.0,2988.0,3168.0,5.3,0.0093,0.0145,0.0048,0.0048,0.017,0.0129,0.16,0.0418,17,6,54.4
31061,Franklin,NE,2600.0,2377.0,2427.0,2347.0,2622.0,2955.0,3262.0,3458.0,0.8,0.008,0.0083,0.0072,0.0067,0.0132,0.021,1.083,0.1839,5,0,54.2
31063,Frontier,NE,2224.0,2223.0,1991.0,2328.0,2354.0,2653.0,2929.0,3105.0,5.8,0.012,0.0056,0.0057,0.0109,0.0158,0.0108,0.308,0.0659,10,1,44.4
31065,Furnas,NE,2417.0,2277.0,2004.0,2173.0,2150.0,2423.0,2674.0,2835.0,-11.0,0.005,0.0153,0.0197,0.0161,0.0142,0.0299,0.755,0.1327,10,1,47.2
31067,Gage,NE,2208.0,2221.0,2150.0,2267.0,2386.0,2689.0,2968.0,3147.0,8.1,0.0073,0.0073,0.0049,0.0098,0.0117,0.0137,0.999,0.1554,14,1,66.5
31069,Garden,NE,2283.0,2067.0,1979.0,1932.0,1999.0,2253.0,2488.0,2637.0,-12.4,0.0056,0.0107,0.0215,0.0046,0.0192,0.0149,1.108,0.1906,10,2,50.9
31071,Garfield,NE,1693.0,1794.0,1813.0,1843.0,1977.0,2228.0,2460.0,2608.0,16.8,0.0098,0.0044,0.0,0.0047,0.0,0.0093,0.273,0.0571,11,1,53.5
31073,Gosper,NE,2368.0,2378.0,2424.0,2449.0,2598.0,2928.0,3233.0,3427.0,9.7,0.0029,0.0143,0.0,0.0056,0.0056,0.0028,0.279,0.0672,8,0,28.8
31075,Grant,NE,,,,,,,,,,0.0196,0.0,0.0,0.0222,0.0,0.0357,,,4,2,
31077,Greeley,NE,,,,,,,,,,0.0057,0.0,0.0057,0.0,0.0058,0.0,,,15,2,
31079,Hall,NE,2303.0,2359.0,2406.0,2570.0,2706.0,3050.0,3367.0,3569.0,17.5,0.0053,0.0085,0.0062,0.0072,0.0054,0.0131,0.471,0.0969,8,1,69.3
31081,Hamilton,NE,2421.0,2368.0,2304.0,2486.0,2581.0,2909.0,3211.0,3404.0,6.6,0.0053,0.008,0.0026,0.005,0.0154,0.0194,0.763,0.1588,15,4,75.1
31083,Harlan,NE,1984.0,2122.0,1996.0,1989.0,2039.0,2298.0,2537.0,2689.0,2.8,0.0105,0.0106,0.0033,0.0098,0.0127,0.0161,0.626,0.114,8,1,57.4
31085,Hayes,NE,2403.0,2313.0,2295.0,2509.0,2181.0,2458.0,2713.0,2876.0,-9.2,0.0,0.0196,0.0435,0.0426,0.0,0.0526,1.328,0.2439,12,1,49.4
31087,Hitchcock,NE,2506.0,2272.0,2126.0,2019.0,2041.0,2300.0,2540.0,2692.0,-18.6,0.0094,0.0175,0.0165,0.0,0.0078,0.0262,0.87,0.1664,4,1,47.7
31089,Holt,NE,1950.0,2040.0,1975.0,2017.0,2144.0,2417.0,2668.0,2828.0,9.9,0.0131,0.0072,0.0028,0.0067,0.0053,0.0124,0.351,0.0529,14,2,57.5
31091,Hooker,NE,1864.0,1851.0,1914.0,2029.0,1977.0,2228.0,2459.0,2607.0,6.1,0.015,0.0072,0.0068,0.0132,0.0192,0.0132,0.844,0.1524,4,0,56.7
31093,Howard,NE,2469.0,2358.0,2347.0,2381.0,2487.0,2803.0,3095.0,3281.0,0.7,0.0099,0.0078,0.0057,0.0112,0.0092,0.0115,0.341,0.0416,16,3,43.3
31095,Jefferson,NE,2082.0,2045.0,2089.0,2185.0,2212.0,2493.0,2752.0,2918.0,6.2,0.0119,0.0087,0.0067,0.0084,0.0084,0.0087,0.274,0.0512,15,2,42.8
31097,Johnson,NE,2019.0,2025.0,2041.0,2170.0,2263.0,2550.0,2815.0,2984.0,12.1,0.0081,0.0041,0.0078,0.0075,0.0146,0.0074,0.347,0.0634,15,2,48.2
31099,Kearney,NE,2304.0,2341.0,2414.0,2470.0,2470.0,2784.0,3074.0,3258.0,7.2,0.0106,0.0063,0.008,0.0152,0.0186,0.022,1.297,0.2621,10,1,69.9
31101,Keith,NE,2209.0,2146.0,2142.0,2168.0,2261.0,2548.0,2813.0,2982.0,2.4,0.0049,0.0047,0.0104,0.0071,0.0048,0.0147,1.024,0.1714,7,2,60.3
31103,Keya Paha,NE,,,,,,,,,,0.0,0.0,0.0,0.0208,0.0,0.06,,,9,0,
31105,Kimball,NE,2617.0,2509.0,2248.0,2398.0,2423.0,2731.0,3015.0,3196.0,-7.4,0.0117,0.0086,0.0078,0.0092,0.0069,0.0168,0.215,0.0429,5,1,30.9
31107,Knox,NE,1872.0,1941.0,1997.0,2129.0,2166.0,2442.0,2695.0,2857.0,15.7,0.0112,0.0094,0.0075,0.0111,0.0036,0.0111,0.477,0.0798,12,1,61.8
31109,Lancaster,NE,2023.0,2144.0,2195.0,2277.0,2355.0,2654.0,2930.0,3105.0,16.4,0.0077,0.0055,0.0055,0.0062,0.0048,0.0072,0.498,0.073,10,3,63.2
31111,Lincoln,NE,2111.0,2189.0,2226.0,2414.0,2504.0,2823.0,3116.0,3303.0,18.6,0.0084,0.0087,0.0088,0.0105,0.011,0.0095,0.599,0.1056,15,3,73.6
31113,Logan,NE,,,,,,,,,,0.0149,0.0,0.0,0.0152,0.0143,0.0,,,12,1,
31115,Loup,NE,,,,,,,,,,0.0476,0.0044,0.0,0.0,0.0256,0.0,,,12,0,
31117,McPherson,NE,,,,,,,,,,0.015,0.0072,0.0068,0.0132,0.0192,0.0132,,,8,1,
31119,Madison,NE,2028.0,2148.0,2144.0,2317.0,2375.0,2676.0,2954.0,3132.0,17.1,0.0051,0.0058,0.0043,0.0081,0.0038,0.0103,0.162,0.0319,11,1,53.0
31121,Merrick,NE,1908.0,2046.0,2100.0,2210.0,2316.0,2610.0,2882.0,3054.0,21.4,0.0081,0.0023,0.0011,0.0078,0.0111,0.0092,0.326,0.0553,7,0,52.0
31123,Morrill,NE,2440.0,2262.0,2177.0,2226.0,2364.0,2664.0,2941.0,3117.0,-3.1,0.0022,0.0121,0.0192,0.0107,0.0034,0.0185,0.647,0.1169,14,2,52.5
31125,Nance,NE,1905.0,2068.0,2036.0,2158.0,2190.0,2468.0,2725.0,2888.0,15.0,0.0219,0.0197,0.0105,0.0142,0.0225,0.0268,0.879,0.1801,11,1,77.0
31127,Nemaha,NE,2054.0,2188.0,2156.0,2275.0,2318.0,2613.0,2885.0,3058.0,12.9,0.0087,0.0113,0.0054,0.0052,0.0075,0.0076,1.057,0.175,18,3,68.8
31129,Nuckolls,NE,2009.0,2104.0,1924.0,2057.0,2196.0,2475.0,2732.0,2896.0,9.3,0.0059,0.003,0.0029,0.0028,0.0082,0.0086,0.613,0.1129,13,3,62.6
31131,Otoe,NE,1913.0,2028.0,2120.0,2252.0,2316.0,2610.0,2881.0,3054.0,21.1,0.0055,0.0033,0.0044,0.0058,0.0091,0.0121,0.252,0.048,15,2,61.2
31133,Pawnee,NE,1972.0,2109.0,2071.0,2158.0,2236.0,2520.0,2782.0,2949.0,13.4,0.0,0.0115,0.0,0.0,0.0101,0.0,0.608,0.1391,14,1,51.7
31135,Perkins,NE,2386.0,2237.0,2243.0,2330.0,2391.0,2695.0,2975.0,3153.0,0.2,0.0063,0.013,0.0124,0.0116,0.017,0.011,0.355,0.0936,8,0,32.8
31137,Phelps,NE,2282.0,2365.0,2360.0,2507.0,2618.0,2951.0,3257.0,3453.0,14.7,0.0106,0.0061,0.0057,0.0164,0.0079,0.0128,0.236,0.0731,8,0,51.5
31139,Pierce,NE,2048.0,2198.0,2164.0,2195.0,2326.0,2621.0,2894.0,3068.0,13.6,0.0055,0.0028,0.0,0.008,0.0107,0.0,0.317,0.069,11,1,39.0
31141,Platte,NE,2071.0,2205.0,2141.0,2296.0,2387.0,2690.0,2970.0,3148.0,15.3,0.0102,0.0049,0.0059,0.0091,0.006,0.0109,0.672,0.1101,13,3,75.9
31143,Polk,NE,1993.0,2075.0,2200.0,2255.0,2237.0,2521.0,2783.0,2950.0,12.2,0.0027,0.0103,0.012,0.0186,0.0165,0.0047,0.811,0.1042,14,4,64.0
31145,Red Willow,NE,2418.0,2355.0,2255.0,2310.0,2413.0,2719.0,3002.0,3182.0,-0.2,0.0086,0.0135,0.0045,0.0035,0.0092,0.012,0.417,0.0664,9,2,41.6
31147,Richardson,NE,1879.0,2053.0,2107.0,2243.0,2289.0,2579.0,2847.0,3018.0,21.8,0.0043,0.0066,0.0057,0.01,0.0212,0.0092,0.486,0.0779,16,2,68.5
31149,Rock,NE,1728.0,1909.0,1991.0,2006.0,2029.0,2287.0,2525.0,2676.0,17.4,0.0135,0.0,0.0128,0.0122,0.0123,0.0118,0.063,0.0211,12,0,50.6
31151,Saline,NE,2128.0,2302.0,2256.0,2391.0,2453.0,2765.0,3053.0,3236.0,15.3,0.0076,0.0048,0.0057,0.0093,0.0095,0.0146,0.264,0.0431,13,3,63.6
31153,Sarpy,NE,2113.0,2251.0,2321.0,2483.0,2595.0,2924.0,3229.0,3422.0,22.8,0.0077,0.0082,0.0066,0.0055,0.0057,0.0078,0.432,0.0712,15,5,69.1
31155,Saunders,NE,2304.0,2497.0,2604.0,2690.0,2768.0,3119.0,3443.0,3650.0,20.1,0.0044,0.0062,0.0057,0.0087,0.0118,0.0082,0.758,0.0967,19,7,79.2
31157,Scotts Bluff,NE,2399.0,2319.0,2292.0,2490.0,2515.0,2834.0,3129.0,3316.0,4.8,0.0082,0.0092,0.0094,0.0147,0.0135,0.0184,0.67,0.1282,7,2,66.3
31159,Seward,NE,2167.0,2278.0,2284.0,2360.0,2478.0,2793.0,3083.0,3268.0,14.4,0.0063,0.0075,0.0054,0.0059,0.0041,0.0114,0.991,0.1554,12,2,75.7
31161,Sheridan,NE,2283.0,2040.0,1908.0,1981.0,2068.0,2330.0,2572.0,2727.0,-9.4,0.0167,0.0131,0.0072,0.0122,0.0134,0.0241,0.303,0.0859,7,1,34.5
31163,Sherman,NE,2015.0,2054.0,2022.0,2027.0,1980.0,2232.0,2464.0,2611.0,-1.7,0.0047,0.0098,0.0047,0.0046,0.0,0.0048,0.161,0.0297,11,2,17.8
31165,Sioux,NE,2496.0,2377.0,2338.0,2489.0,2507.0,2825.0,3119.0,3306.0,0.4,0.0082,0.0076,0.0108,0.0111,0.0146,0.0165,0.848,0.1505,11,2,58.9
31167,Stanton,NE,2272.0,2446.0,2436.0,2689.0,2751.0,3100.0,3422.0,3628.0,21.1,0.0,0.0084,0.0041,0.0,0.0076,0.0,0.223,0.0385,9,0,34.5
31169,Thayer,NE,2104.0,2193.0,2263.0,2379.0,2412.0,2718.0,3001.0,3181.0,14.6,0.0115,0.0057,0.0029,0.0028,0.0082,0.0085,0.172,0.0513,12,3,52.5
31171,Thomas,NE,,,,,,,,,,0.0,0.0,0.0,0.0,0.0,0.0,,,8,1,
31173,Thurston,NE,1948.0,1992.0,2103.0,2321.0,2282.0,2572.0,2840.0,3010.0,17.1,0.0,0.0169,0.0052,0.0297,0.0203,0.0055,0.103,0.0309,16,2,46.6
31175,Valley,NE,1951.0,1943.0,1935.0,2150.0,2088.0,2353.0,2598.0,2754.0,7.0,0.0,0.0,0.0046,0.0044,0.0022,0.0159,0.274,0.0594,13,1,49.3
31177,Washington,NE,2643.0,2762.0,2773.0,2948.0,3060.0,3448.0,3807.0,4035.0,15.8,0.0054,0.0073,0.0053,0.0076,0.0073,0.0115,0.201,0.029,15,7,66.2
31179,Wayne,NE,1938.0,2081.0,2065.0,2207.0,2224.0,2507.0,2768.0,2934.0,14.8,0.0033,0.0016,0.0016,0.0,0.0063,0.0084,0.14,0.0258,12,1,47.7
31181,Webster,NE,2152.0,2186.0,2055.0,2187.0,2230.0,2514.0,2775.0,2942.0,3.6,0.0094,0.03,0.0,0.0095,0.0143,0.0154,0.455,0.1036,10,3,58.4
31183,Wheeler,NE,,,,,,,,,,0.0,0.0,0.0,0.0217,0.0,0.0357,,,12,1,
31185,York,NE,2205.0,2198.0,2219.0,2328.0,2390.0,2694.0,2974.0,3152.0,8.4,0.0037,0.0098,0.0045,0.0073,0.0102,0.0234,1.232,0.2287,14,3,79.4
32001,Churchill,NV,901.0,941.0,967.0,970.0,964.0,1087.0,1200.0,1272.0,7.0,0.005,0.0037,0.0027,0.0045,0.0042,0.0088,0.494,0.0228,4,0,46.3
32003,Clark,NV,1041.0,1061.0,1105.0,1098.0,1118.0,1260.0,1391.0,1474.0,7.4,0.0063,0.0054,0.0042,0.0052,0.0053,0.0082,0.54,0.0401,9,0,46.6
32005,Douglas,NV,1776.0,1801.0,1867.0,1951.0,1952.0,2200.0,2429.0,2574.0,9.9,0.0088,0.0055,0.0039,0.0046,0.0075,0.0112,0.386,0.0247,20,5,65.1
32007,Elko,NV,1054.0,1077.0,1121.0,1119.0,1130.0,1274.0,1406.0,1491.0,7.2,0.0058,0.0039,0.003,0.0025,0.0068,0.0136,0.234,0.0218,16,0,41.8
32009,Esmeralda,NV,,,,,,,,,,0.0309,0.0,0.0,0.0,0.0,0.0,,,1,0,
32011,Eureka,NV,979.0,1000.0,1039.0,1048.0,1049.0,1182.0,1305.0,1383.0,7.2,0.0062,0.004,0.0,0.0019,0.0038,0.008,0.169,0.0301,5,1,35.1
32013,Humboldt,NV,975.0,995.0,1020.0,1022.0,1012.0,1141.0,1259.0,1335.0,3.8,0.0083,0.0068,0.0025,0.0062,0.0056,0.0147,0.345,0.0238,4,0,39.8
32015,Lander,NV,1023.0,1022.0,1053.0,1077.0,1056.0,1190.0,1313.0,1392.0,3.2,0.011,0.0057,0.0044,0.0054,0.0021,0.0095,0.326,0.0231,3,0,32.2
32017,Lincoln,NV,937.0,961.0,1015.0,1048.0,1045.0,1178.0,1300.0,1378.0,11.5,0.0068,0.0044,0.0087,0.0096,0.0115,0.0075,0.684,0.0214,6,1,57.1
32019,Lyon,NV,1015.0,1050.0,1078.0,1085.0,1080.0,1217.0,1344.0,1424.0,6.4,0.0075,0.0053,0.0033,0.0035,0.0049,0.0097,0.316,0.022,9,1,42.0
32021,Mineral,NV,856.0,887.0,909.0,940.0,918.0,1034.0,1142.0,1210.0,7.2,0.012,0.0085,0.0012,0.0174,0.0036,0.0095,0.226,0.0271,4,1,43.4
32023,Nye,NV,902.0,897.0,933.0,921.0,927.0,1044.0,1153.0,1222.0,2.8,0.0062,0.0069,0.0057,0.0064,0.0062,0.0103,0.522,0.028,3,0,41.2
32027,Pershing,NV,944.0,961.0,969.0,1039.0,1026.0,1157.0,1277.0,1354.0,8.7,0.0042,0.0081,0.0039,0.0116,0.0078,0.0135,0.797,0.0238,2,0,62.7
32029,Storey,NV,990.0,1016.0,1056.0,1071.0,1076.0,1212.0,1338.0,1419.0,8.7,0.0052,0.0037,0.0023,0.0031,0.0043,0.0064,0.359,0.0239,8,1,41.7
32031,Washoe,NV,1293.0,1363.0,1408.0,1413.0,1408.0,1587.0,1752.0,1857.0,8.9,0.0062,0.0051,0.003,0.0042,0.0063,0.0087,0.441,0.0243,42,8,63.0
32033,White Pine,NV,865.0,894.0,901.0,925.0,910.0,1025.0,1132.0,1200.0,5.2,0.0079,0.0084,0.0043,0.0186,0.0113,0.0198,0.301,0.017,3,0,43.7
32510,Carson City,NV,991.0,1025.0,1065.0,1096.0,1093.0,1232.0,1360.0,1442.0,10.3,0.0064,0.004,0.0033,0.0043,0.0034,0.0046,0.328,0.0239,11,0,33.1
33001,Belknap,NH,1320.0,1332.0,1358.0,1347.0,1369.0,1543.0,1703.0,1805.0,3.7,0.0092,0.0071,0.0057,0.0047,0.006,0.008,0.318,0.0313,21,3,41.3
33003,Carroll,NH,1409.0,1434.0,1465.0,1453.0,1467.0,1653.0,1825.0,1935.0,4.1,0.0064,0.0047,0.0044,0.0054,0.0056,0.0068,0.319,0.0306,24,4,39.5
33005,Cheshire,NH,1375.0,1390.0,1411.0,1400.0,1387.0,1563.0,1726.0,1829.0,0.9,0.0127,0.0074,0.0041,0.0055,0.0086,0.0062,0.331,0.03,22,3,31.5
33007,Coos,NH,1112.0,1120.0,1139.0,1119.0,1115.0,1257.0,1388.0,1471.0,0.3,0.018,0.0048,0.0067,0.0071,0.0111,0.0086,0.284,0.0257,20,4,36.9
33009,Grafton,NH,1360.0,1370.0,1402.0,1373.0,1371.0,1545.0,1706.0,1809.0,0.8,0.0099,0.0061,0.0049,0.0051,0.0068,0.0056,0.296,0.029,28,6,33.4
33011,Hillsborough,NH,1315.0,1334.0,1349.0,1344.0,1362.0,1535.0,1694.0,1796.0,3.6,0.0145,0.0056,0.0038,0.0037,0.0061,0.0059,0.323,0.0318,20,0,25.9
33013,Merrimack,NH,1345.0,1370.0,1391.0,1369.0,1381.0,1557.0,1718.0,1822.0,2.7,0.013,0.0088,0.0047,0.0047,0.0057,0.0047,0.322,0.0285,19,0,18.8
33015,Rockingham,NH,1496.0,1518.0,1535.0,1529.0,1556.0,1754.0,1937.0,2053.0,4.0,0.0114,0.0061,0.0056,0.0052,0.0064,0.0062,0.329,0.0353,24,3,38.2
33017,Strafford,NH,1244.0,1254.0,1264.0,1257.0,1270.0,1431.0,1580.0,1675.0,2.1,0.0123,0.0063,0.0075,0.0062,0.0069,0.007,0.298,0.0323,17,0,22.8
33019,Sullivan,NH,1377.0,1381.0,1412.0,1387.0,1393.0,1569.0,1733.0,1837.0,1.2,0.0173,0.0102,0.0052,0.0052,0.0087,0.0082,0.287,0.0287,22,3,33.5
34001,Atlantic,NJ,2080.0,2098.0,2106.0,2138.0,2147.0,2420.0,2672.0,2832.0,3.2,0.0055,0.0105,0.0065,0.0065,0.0128,0.0113,0.357,0.0522,19,2,44.6
34003,Bergen,NJ,1927.0,1937.0,1913.0,1886.0,1909.0,2151.0,2375.0,2517.0,-0.9,0.0049,0.01,0.0086,0.0057,0.0075,0.008,0.489,0.0696,17,2,36.6
34005,Burlington,NJ,1511.0,1542.0,1552.0,1529.0,1564.0,1762.0,1946.0,2062.0,3.5,0.005,0.0091,0.0053,0.0039,0.0065,0.0061,0.532,0.0688,20,2,40.6
34007,Camden,NJ,1463.0,1494.0,1487.0,1462.0,1466.0,1652.0,1824.0,1933.0,0.2,0.005,0.0109,0.0059,0.0041,0.0071,0.0063,0.485,0.0639,15,2,35.2
34009,Cape May,NJ,2643.0,2639.0,2583.0,2589.0,2551.0,2875.0,3174.0,3364.0,-3.5,0.0048,0.0064,0.0054,0.0056,0.0127,0.0145,0.235,0.0369,17,3,36.5
34011,Cumberland,NJ,1522.0,1550.0,1536.0,1523.0,1532.0,1726.0,1906.0,2020.0,0.7,0.0043,0.0101,0.0064,0.0057,0.0074,0.0078,0.43,0.0506,17,2,34.8
34013,Essex,NJ,2177.0,2197.0,2170.0,2142.0,2172.0,2448.0,2702.0,2864.0,-0.2,0.0064,0.0098,0.0077,0.0064,0.0106,0.0093,0.557,0.0859,17,2,42.0
34015,Gloucester,NJ,1431.0,1462.0,1464.0,1448.0,1456.0,1641.0,1812.0,1921.0,1.7,0.0044,0.0079,0.0049,0.0035,0.0053,0.0054,0.559,0.0548,17,2,36.3
34017,Hudson,NJ,2023.0,2068.0,2077.0,2069.0,2096.0,2362.0,2608.0,2764.0,3.6,0.0045,0.0123,0.0115,0.0086,0.0143,0.0104,0.364,0.0564,12,2,43.0
34019,Hunterdon,NJ,1700.0,1723.0,1728.0,1699.0,1736.0,1957.0,2160.0,2290.0,2.1,0.0036,0.0078,0.0061,0.0041,0.009,0.0069,0.442,0.0619,16,2,35.5
34021,Mercer,NJ,1533.0,1571.0,1579.0,1562.0,1617.0,1822.0,2012.0,2132.0,5.5,0.005,0.01,0.0071,0.0045,0.0076,0.007,0.584,0.0805,17,2,48.0
34023,Middlesex,NJ,1381.0,1403.0,1402.0,1385.0,1412.0,1592.0,1757.0,1862.0,2.2,0.0039,0.0106,0.0076,0.0037,0.0062,0.0078,0.436,0.0591,14,2,38.3
34025,Monmouth,NJ,2471.0,2509.0,2565.0,2538.0,2593.0,2922.0,3226.0,3420.0,4.9,0.0037,0.0067,0.0049,0.0077,0.0134,0.0091,0.378,0.0586,13,2,45.5
34027,Morris,NJ,1691.0,1709.0,1709.0,1670.0,1694.0,1909.0,2108.0,2234.0,0.2,0.0043,0.0078,0.0058,0.0049,0.0072,0.0066,0.457,0.07,19,3,36.6
34029,Ocean,NJ,1878.0,1974.0,2039.0,2066.0,2111.0,2379.0,2626.0,2784.0,12.4,0.0046,0.0083,0.0063,0.0058,0.009,0.0091,0.292,0.0409,18,4,57.4
34031,Passaic,NJ,1583.0,1631.0,1623.0,1602.0,1615.0,1821.0,2010.0,2130.0,2.0,0.0044,0.0128,0.0108,0.0048,0.0081,0.0076,0.46,0.058,16,2,38.1
34033,Salem,NJ,1439.0,1455.0,1475.0,1478.0,1480.0,1667.0,1841.0,1951.0,2.8,0.0067,0.0087,0.0057,0.0057,0.0063,0.0073,0.359,0.0435,14,2,34.5
34035,Somerset,NJ,1928.0,1982.0,1980.0,1951.0,2000.0,2254.0,2489.0,2638.0,3.7,0.004,0.0093,0.0067,0.0044,0.0083,0.0077,0.554,0.0831,15,2,48.6
34037,Sussex,NJ,1367.0,1375.0,1387.0,1359.0,1370.0,1545.0,1705.0,1807.0,0.2,0.005,0.0074,0.0064,0.0041,0.0063,0.007,0.5,0.0549,18,3,40.2
34039,Union,NJ,1558.0,1580.0,1577.0,1556.0,1584.0,1785.0,1971.0,2089.0,1.7,0.0053,0.0096,0.0068,0.005,0.0081,0.0077,0.506,0.0704,14,2,40.9
34041,Warren,NJ,1323.0,1350.0,1367.0,1343.0,1361.0,1534.0,1694.0,1795.0,2.9,0.0036,0.0086,0.0066,0.0037,0.0075,0.0062,0.519,0.0519,18,4,44.8
35001,Bernalillo,NM,1175.0,1199.0,1222.0,1225.0,1234.0,1390.0,1535.0,1627.0,5.0,0.0099,0.0095,0.0063,0.0065,0.0065,0.0114,0.771,0.0717,9,0,55.4
35003,Catron,NM,1278.0,1225.0,1203.0,1164.0,1159.0,1306.0,1442.0,1528.0,-9.3,0.0151,0.0086,0.005,0.0063,0.0114,0.0201,0.079,0.0133,5,0,27.2
35005,Chaves,NM,1895.0,1954.0,2010.0,2009.0,2009.0,2264.0,2499.0,2649.0,6.0,0.0134,0.0143,0.0117,0.0078,0.0094,0.0126,0.575,0.1014,6,2,63.2
35006,Cibola,NM,1095.0,1094.0,1072.0,1076.0,1054.0,1188.0,1312.0,1390.0,-3.7,0.0059,0.007,0.0022,0.0058,0.0095,0.0114,0.316,0.0308,7,0,26.4
35007,Colfax,NM,2050.0,2075.0,2050.0,2084.0,2100.0,2366.0,2613.0,2769.0,2.4,0.0077,0.0052,0.0043,0.0073,0.008,0.0172,0.27,0.0327,13,2,43.8
35009,Curry,NM,2203.0,2288.0,2382.0,2426.0,2432.0,2740.0,3025.0,3207.0,10.4,0.0068,0.0064,0.0057,0.0053,0.0091,0.0122,0.479,0.1038,4,0,57.5
35011,De Baca,NM,1684.0,1714.0,1658.0,1716.0,1758.0,1982.0,2188.0,2319.0,4.4,0.0044,0.0089,0.0045,0.0084,0.0152,0.0201,0.156,0.0463,4,0,41.3
35013,Doña Ana,NM,1132.0,1150.0,1153.0,1168.0,1171.0,1320.0,1457.0,1545.0,3.4,0.01,0.0085,0.0055,0.0057,0.0055,0.0092,0.625,0.0628,6,1,50.3
35015,Eddy,NM,2459.0,2412.0,2409.0,2423.0,2419.0,2726.0,3010.0,3190.0,-1.6,0.0098,0.0114,0.0091,0.0051,0.0081,0.0115,0.31,0.0663,7,0,26.3
35017,Grant,NM,1081.0,1100.0,1089.0,1129.0,1099.0,1239.0,1368.0,1450.0,1.7,0.0103,0.0132,0.0088,0.0123,0.015,0.0194,0.301,0.0314,6,1,40.1
35019,Guadalupe,NM,1547.0,1569.0,1685.0,1730.0,1726.0,1945.0,2148.0,2277.0,11.6,0.0138,0.0054,0.0026,0.0123,0.0263,0.0204,0.281,0.0466,6,0,53.2
35021,Harding,NM,1902.0,1964.0,2098.0,2063.0,2017.0,2274.0,2510.0,2661.0,6.0,0.0075,0.0038,0.0,0.0032,0.011,0.0112,0.447,0.0852,4,0,45.3
35023,Hidalgo,NM,1023.0,1049.0,1096.0,1114.0,1139.0,1284.0,1418.0,1503.0,11.3,0.0062,0.008,0.006,0.0057,0.0056,0.0095,0.437,0.0478,3,0,50.8
35025,Lea,NM,2582.0,2616.0,2614.0,2599.0,2600.0,2931.0,3236.0,3430.0,0.7,0.0118,0.008,0.0076,0.0103,0.0082,0.0139,0.558,0.0907,4,0,43.4
35027,Lincoln,NM,1770.0,1812.0,1857.0,1824.0,1896.0,2137.0,2359.0,2501.0,7.1,0.0043,0.0061,0.0048,0.0231,0.0969,0.0182,0.543,0.0376,27,10,76.1
35028,Los Alamos,NM,1336.0,1386.0,1406.0,1476.0,1488.0,1677.0,1851.0,1962.0,11.4,0.0012,0.0053,0.0055,0.0037,0.0073,0.0075,0.162,0.0209,8,1,39.5
35029,Luna,NM,1112.0,1144.0,1124.0,1155.0,1109.0,1250.0,1380.0,1463.0,-0.3,0.0131,0.0102,0.0064,0.0048,0.0055,0.0126,0.332,0.0345,4,0,30.4
35031,McKinley,NM,1191.0,1182.0,1146.0,1143.0,1138.0,1283.0,1416.0,1501.0,-4.5,0.0113,0.0117,0.0056,0.0068,0.0077,0.0168,0.432,0.0433,6,0,34.4
35033,Mora,NM,1591.0,1706.0,1766.0,1696.0,1753.0,1975.0,2181.0,2312.0,10.2,0.0168,0.0116,0.0049,0.0048,0.0163,0.0375,1.565,0.128,13,2,80.3
35035,Otero,NM,1260.0,1312.0,1367.0,1424.0,1428.0,1609.0,1777.0,1883.0,13.3,0.0093,0.0082,0.0066,0.0072,0.0106,0.012,0.491,0.0505,21,5,74.5
35037,Quay,NM,2119.0,2086.0,2097.0,2143.0,2188.0,2466.0,2723.0,2886.0,3.3,0.0087,0.0133,0.0134,0.0036,0.0082,0.0162,0.432,0.0589,3,0,44.4
35039,Rio Arriba,NM,1628.0,1660.0,1622.0,1602.0,1583.0,1784.0,1969.0,2088.0,-2.8,0.0103,0.0106,0.0071,0.0073,0.0098,0.0184,0.312,0.0283,10,1,36.0
35041,Roosevelt,NM,2264.0,2309.0,2393.0,2443.0,2442.0,2752.0,3038.0,3220.0,7.9,0.0085,0.014,0.0073,0.0064,0.0092,0.0199,0.598,0.1081,3,0,61.1
35043,Sandoval,NM,1340.0,1372.0,1402.0,1416.0,1421.0,1602.0,1768.0,1874.0,6.0,0.0103,0.0081,0.0052,0.0066,0.006,0.0117,0.606,0.0509,16,1,55.7
35045,San Juan,NM,1221.0,1210.0,1200.0,1190.0,1171.0,1320.0,1457.0,1544.0,-4.1,0.0076,0.007,0.005,0.0054,0.0067,0.0138,0.361,0.0345,7,1,35.3
35047,San Miguel,NM,2214.0,2159.0,2179.0,2077.0,2130.0,2401.0,2650.0,2809.0,-3.8,0.0156,0.0126,0.0072,0.0161,0.0141,0.0281,1.201,0.1257,16,4,61.7
35049,Santa Fe,NM,1836.0,1878.0,1933.0,1957.0,1953.0,2201.0,2430.0,2576.0,6.4,0.0089,0.0114,0.006,0.0085,0.0092,0.0143,0.413,0.0428,6,0,49.6
35051,Sierra,NM,1131.0,1133.0,1138.0,1133.0,1127.0,1270.0,1402.0,1486.0,-0.4,0.0089,0.008,0.0054,0.0075,0.0059,0.01,0.437,0.0389,8,0,33.2
35053,Socorro,NM,1239.0,1273.0,1311.0,1304.0,1298.0,1462.0,1615.0,1711.0,4.8,0.0089,0.0127,0.0075,0.0057,0.0062,0.0135,0.669,0.0498,10,0,55.2
35055,Taos,NM,1763.0,1844.0,1891.0,1900.0,1915.0,2159.0,2383.0,2526.0,8.6,0.0083,0.0093,0.0071,0.0075,0.011,0.0214,0.311,0.0275,6,0,50.5
35057,Torrance,NM,1408.0,1430.0,1453.0,1462.0,1479.0,1667.0,1840.0,1951.0,5.0,0.0079,0.0111,0.0081,0.0098,0.0103,0.0106,0.39,0.0469,10,1,43.9
35059,Union,NM,1949.0,1953.0,2037.0,2096.0,2161.0,2435.0,2688.0,2850.0,10.9,0.0152,0.0062,0.0083,0.008,0.0039,0.022,0.245,0.0561,2,0,53.2
35061,Valencia,NM,1242.0,1264.0,1287.0,1291.0,1297.0,1462.0,1614.0,1711.0,4.4,0.01,0.0102,0.0075,0.0069,0.0076,0.0129,0.792,0.0652,12,6,70.3
36001,Albany,NY,1172.0,1189.0,1186.0,1178.0,1182.0,1332.0,1471.0,1559.0,0.9,0.0042,0.0036,0.002,0.0033,0.0028,0.0033,0.48,0.0405,14,1,28.0
36003,Allegany,NY,830.0,849.0,852.0,869.0,873.0,984.0,1086.0,1151.0,5.2,0.0067,0.0033,0.0026,0.0036,0.0051,0.0053,0.299,0.0202,13,2,31.8
36005,Bronx,NY,2501.0,2511.0,2535.0,2611.0,2703.0,3047.0,3363.0,3565.0,8.1,0.0043,0.0046,0.0043,0.0047,0.0068,0.0074,0.411,0.0457,12,3,52.6
36007,Broome,NY,896.0,908.0,907.0,924.0,937.0,1056.0,1166.0,1236.0,4.6,0.0039,0.0036,0.002,0.0022,0.0025,0.0045,0.473,0.0338,19,2,37.7
36009,Cattaraugus,NY,908.0,923.0,927.0,948.0,950.0,1071.0,1182.0,1253.0,4.6,0.0049,0.0021,0.0027,0.0039,0.0046,0.0057,0.341,0.0209,13,1,30.2
36011,Cayuga,NY,944.0,954.0,959.0,967.0,987.0,1112.0,1228.0,1302.0,4.6,0.0037,0.0041,0.0024,0.0023,0.0023,0.0031,0.272,0.0264,9,1,24.1
36013,Chautauqua,NY,985.0,999.0,1011.0,1019.0,1028.0,1159.0,1279.0,1356.0,4.4,0.006,0.0048,0.0034,0.0031,0.0031,0.0043,0.476,0.0378,14,1,36.1
36015,Chemung,NY,840.0,847.0,847.0,866.0,877.0,989.0,1091.0,1157.0,4.4,0.003,0.0028,0.0027,0.0026,0.0024,0.0034,0.454,0.0272,9,0,31.1
36017,Chenango,NY,980.0,1003.0,1006.0,1021.0,1036.0,1168.0,1289.0,1366.0,5.7,0.0053,0.0044,0.0014,0.0042,0.0038,0.0049,0.325,0.0232,23,2,35.5
36019,Clinton,NY,1057.0,1064.0,1060.0,1063.0,1064.0,1199.0,1324.0,1403.0,0.7,0.0047,0.0036,0.0042,0.0025,0.0034,0.0035,0.445,0.0362,9,1,26.6
36021,Columbia,NY,1982.0,2005.0,1991.0,2004.0,2024.0,2281.0,2518.0,2669.0,2.1,0.0036,0.003,0.0025,0.0037,0.003,0.0057,0.355,0.0374,18,1,27.8
36023,Cortland,NY,915.0,928.0,919.0,940.0,965.0,1088.0,1201.0,1273.0,5.5,0.0039,0.0057,0.0022,0.0032,0.0039,0.0026,0.364,0.024,12,2,33.8
36025,Delaware,NY,1261.0,1295.0,1281.0,1302.0,1295.0,1459.0,1611.0,1708.0,2.7,0.0038,0.0035,0.0038,0.003,0.0043,0.0063,0.372,0.0252,26,2,32.5
36027,Dutchess,NY,1829.0,1875.0,1880.0,1875.0,1907.0,2150.0,2373.0,2515.0,4.3,0.0039,0.0039,0.0031,0.0031,0.0034,0.0042,0.508,0.0481,15,4,44.4
36029,Erie,NY,1010.0,1018.0,1025.0,1039.0,1051.0,1185.0,1308.0,1386.0,4.1,0.0043,0.0037,0.0021,0.0029,0.0029,0.0031,0.473,0.0433,16,3,39.0
36031,Essex,NY,1445.0,1476.0,1491.0,1495.0,1495.0,1684.0,1860.0,1971.0,3.5,0.0051,0.0057,0.0031,0.0045,0.0056,0.0035,0.307,0.0249,14,3,31.8
36033,Franklin,NY,1378.0,1373.0,1383.0,1388.0,1401.0,1578.0,1743.0,1847.0,1.7,0.0074,0.0038,0.0044,0.0037,0.0042,0.0053,0.393,0.0287,10,2,30.6
36035,Fulton,NY,974.0,994.0,999.0,1028.0,1035.0,1167.0,1288.0,1365.0,6.3,0.0052,0.0052,0.0026,0.0051,0.0055,0.0042,0.422,0.0282,11,0,31.1
36037,Genesee,NY,884.0,899.0,905.0,926.0,940.0,1059.0,1169.0,1240.0,6.3,0.0046,0.0032,0.0024,0.0021,0.0038,0.0057,0.373,0.034,12,3,41.9
36039,Greene,NY,1458.0,1487.0,1489.0,1494.0,1504.0,1695.0,1871.0,1984.0,3.2,0.0051,0.0024,0.0038,0.0043,0.0064,0.0054,0.44,0.0304,19,1,31.5
36041,Hamilton,NY,1205.0,1235.0,1220.0,1226.0,1233.0,1389.0,1534.0,1626.0,2.3,0.0036,0.0025,0.0028,0.0019,0.0038,0.0053,0.263,0.02,12,2,26.2
36043,Herkimer,NY,1001.0,1019.0,1015.0,1036.0,1058.0,1192.0,1316.0,1395.0,5.7,0.0065,0.0035,0.0033,0.005,0.0029,0.0041,0.358,0.0287,16,0,29.4
36045,Jefferson,NY,1087.0,1120.0,1123.0,1135.0,1135.0,1279.0,1412.0,1497.0,4.4,0.0035,0.003,0.0027,0.0026,0.0024,0.0033,0.388,0.0343,9,2,32.9
36047,Kings,NY,3155.0,3215.0,3306.0,3452.0,3615.0,4074.0,4497.0,4767.0,14.6,0.004,0.0041,0.0033,0.0071,0.0093,0.0077,0.339,0.0401,15,4,57.7
36049,Lewis,NY,1049.0,1058.0,1067.0,1087.0,1098.0,1238.0,1366.0,1448.0,4.7,0.0038,0.0037,0.0026,0.0038,0.0021,0.0024,0.297,0.0258,15,4,34.6
36051,Livingston,NY,935.0,950.0,942.0,950.0,958.0,1080.0,1192.0,1264.0,2.5,0.0043,0.002,0.0026,0.0036,0.0039,0.0047,0.391,0.0356,9,0,24.3
36053,Madison,NY,973.0,993.0,1000.0,1018.0,1041.0,1173.0,1295.0,1373.0,7.0,0.0033,0.0027,0.0018,0.0023,0.0034,0.0044,0.327,0.0267,15,0,30.0
36055,Monroe,NY,901.0,913.0,917.0,931.0,947.0,1068.0,1179.0,1249.0,5.1,0.0042,0.0035,0.0022,0.0028,0.0025,0.0038,0.473,0.0431,7,0,33.3
36057,Montgomery,NY,1070.0,1073.0,1081.0,1106.0,1107.0,1248.0,1378.0,1460.0,3.5,0.005,0.0033,0.0032,0.0036,0.002,0.0041,0.38,0.0284,18,1,27.1
36059,Nassau,NY,3191.0,3157.0,3148.0,3200.0,3234.0,3644.0,4023.0,4265.0,1.3,0.0029,0.0026,0.0023,0.0036,0.0055,0.0067,0.391,0.0499,16,4,38.8
36061,New York,NY,8369.0,8671.0,9722.0,10785.0,12048.0,13578.0,14990.0,15890.0,44.0,0.0125,0.0102,0.0124,0.0344,0.0462,0.0411,0.723,0.0898,11,3,89.4
36063,Niagara,NY,918.0,927.0,937.0,950.0,960.0,1082.0,1195.0,1266.0,4.6,0.0043,0.0033,0.0017,0.0021,0.0028,0.0035,0.445,0.0421,15,2,37.1
36065,Oneida,NY,970.0,993.0,997.0,1017.0,1028.0,1159.0,1280.0,1356.0,6.0,0.0045,0.0043,0.0027,0.0041,0.0039,0.0048,0.479,0.0347,19,2,43.9
36067,Onondaga,NY,956.0,970.0,969.0,985.0,1006.0,1134.0,1252.0,1327.0,5.2,0.0037,0.0031,0.0018,0.0025,0.0026,0.0039,0.402,0.0341,9,1,31.7
36069,Ontario,NY,955.0,979.0,980.0,999.0,1008.0,1136.0,1254.0,1329.0,5.5,0.0033,0.0025,0.0013,0.0018,0.0025,0.0025,0.391,0.0322,10,2,36.8
36071,Orange,NY,1455.0,1483.0,1490.0,1506.0,1540.0,1735.0,1916.0,2031.0,5.8,0.0044,0.004,0.0027,0.0036,0.0038,0.0042,0.507,0.0446,22,5,49.2
36073,Orleans,NY,891.0,902.0,897.0,921.0,946.0,1066.0,1177.0,1248.0,6.2,0.0072,0.0038,0.0029,0.0038,0.0051,0.0041,0.451,0.0366,12,0,32.3
36075,Oswego,NY,967.0,976.0,975.0,991.0,1001.0,1129.0,1246.0,1321.0,3.5,0.0038,0.0042,0.002,0.0026,0.0025,0.0034,0.506,0.0348,11,2,35.9
36077,Otsego,NY,1091.0,1116.0,1134.0,1131.0,1141.0,1285.0,1419.0,1504.0,4.6,0.0037,0.0038,0.0032,0.0026,0.0041,0.005,0.305,0.023,20,1,26.6
36079,Putnam,NY,1969.0,2035.0,2011.0,2025.0,2026.0,2283.0,2521.0,2672.0,2.9,0.004,0.0048,0.0036,0.0036,0.0037,0.0031,0.531,0.071,16,4,41.3
36081,Queens,NY,2074.0,2098.0,2104.0,2151.0,2237.0,2521.0,2784.0,2951.0,7.9,0.0035,0.0037,0.0026,0.0039,0.0049,0.0053,0.369,0.0359,15,3,43.9
36083,Rensselaer,NY,1154.0,1168.0,1154.0,1158.0,1163.0,1311.0,1447.0,1534.0,0.8,0.0037,0.0037,0.0027,0.0031,0.0033,0.0037,0.363,0.0313,16,1,20.0
36085,Richmond,NY,1983.0,1988.0,1996.0,2022.0,2099.0,2366.0,2612.0,2769.0,5.8,0.0038,0.0033,0.0028,0.004,0.0039,0.0047,0.346,0.0391,16,3,38.1
36087,Rockland,NY,1807.0,1829.0,1832.0,1847.0,1866.0,2104.0,2322.0,2462.0,3.3,0.0025,0.0034,0.003,0.0034,0.0037,0.0046,0.478,0.0535,16,4,42.8
36089,St. Lawrence,NY,972.0,979.0,985.0,1004.0,1020.0,1149.0,1269.0,1345.0,4.9,0.0055,0.0034,0.0029,0.0042,0.0039,0.0072,0.413,0.0272,10,4,46.9
36091,Saratoga,NY,1106.0,1122.0,1125.0,1131.0,1138.0,1283.0,1416.0,1501.0,2.9,0.0033,0.003,0.002,0.0021,0.0018,0.0033,0.444,0.035,11,1,29.5
36093,Schenectady,NY,1076.0,1090.0,1087.0,1101.0,1103.0,1243.0,1373.0,1455.0,2.5,0.0043,0.0036,0.0036,0.0029,0.0026,0.0034,0.428,0.0405,17,1,28.9
36095,Schoharie,NY,1159.0,1175.0,1162.0,1159.0,1157.0,1303.0,1439.0,1525.0,-0.2,0.0035,0.0037,0.0025,0.0036,0.0028,0.0053,0.408,0.0234,20,1,23.0
36097,Schuyler,NY,886.0,910.0,913.0,912.0,930.0,1048.0,1157.0,1226.0,5.0,0.0027,0.0027,0.0048,0.0026,0.0031,0.0031,0.472,0.0246,6,0,32.3
36099,Seneca,NY,994.0,1015.0,1006.0,1014.0,1035.0,1166.0,1287.0,1365.0,4.1,0.0031,0.0026,0.002,0.0019,0.0019,0.003,0.461,0.0309,6,0,29.2
36101,Steuben,NY,876.0,890.0,890.0,900.0,913.0,1029.0,1136.0,1205.0,4.2,0.0048,0.0028,0.0021,0.0046,0.0041,0.005,0.375,0.0245,12,2,33.2
36103,Suffolk,NY,3680.0,3660.0,3733.0,3806.0,3881.0,4374.0,4829.0,5118.0,5.5,0.0036,0.0032,0.0024,0.0042,0.0083,0.0104,0.332,0.0418,21,6,54.7
36105,Sullivan,NY,1491.0,1509.0,1515.0,1515.0,1527.0,1721.0,1899.0,2013.0,2.4,0.0052,0.0039,0.0029,0.0043,0.0065,0.0059,0.512,0.0402,23,3,40.4
36107,Tioga,NY,910.0,940.0,939.0,962.0,972.0,1096.0,1210.0,1282.0,6.8,0.003,0.0028,0.0016,0.002,0.0021,0.0041,0.364,0.0283,17,1,31.8
36109,Tompkins,NY,995.0,1012.0,1015.0,1026.0,1044.0,1177.0,1299.0,1377.0,4.9,0.0018,0.0031,0.0021,0.0026,0.0022,0.0028,0.238,0.0241,8,0,19.9
36111,Ulster,NY,1467.0,1508.0,1495.0,1514.0,1535.0,1730.0,1910.0,2024.0,4.6,0.0039,0.0046,0.0025,0.0034,0.0037,0.0047,0.439,0.0382,23,3,39.7
36113,Warren,NY,1357.0,1381.0,1378.0,1382.0,1388.0,1564.0,1726.0,1830.0,2.3,0.0037,0.0038,0.0026,0.0027,0.0032,0.0033,0.392,0.0248,10,0,20.5
36115,Washington,NY,1252.0,1252.0,1227.0,1232.0,1246.0,1404.0,1550.0,1643.0,-0.5,0.0063,0.004,0.0022,0.0045,0.0047,0.0054,0.352,0.0252,7,0,17.3
36117,Wayne,NY,909.0,923.0,914.0,922.0,946.0,1066.0,1177.0,1248.0,4.1,0.0046,0.0028,0.002,0.0022,0.0019,0.0029,0.375,0.0304,7,0,25.7
36119,Westchester,NY,3096.0,3104.0,3120.0,3132.0,3120.0,3516.0,3881.0,4114.0,0.8,0.0037,0.0038,0.0033,0.0054,0.0063,0.0054,0.426,0.0651,17,4,35.8
36121,Wyoming,NY,900.0,915.0,926.0,933.0,940.0,1060.0,1170.0,1240.0,4.4,0.0063,0.0041,0.0033,0.0042,0.0023,0.0016,0.431,0.0276,9,1,32.2
36123,Yates,NY,1044.0,1078.0,1074.0,1087.0,1110.0,1251.0,1382.0,1465.0,6.3,0.004,0.004,0.0035,0.0035,0.0047,0.0041,0.292,0.0232,11,2,32.2
37001,Alamance,NC,1035.0,1060.0,1095.0,1110.0,1128.0,1271.0,1403.0,1487.0,9.0,0.0193,0.01,0.0103,0.0085,0.0101,0.0169,0.476,0.0499,17,4,72.0
37003,Alexander,NC,945.0,969.0,996.0,1018.0,1058.0,1192.0,1316.0,1395.0,12.0,0.0241,0.0128,0.018,0.0057,0.0056,0.015,0.566,0.0504,12,5,78.2
37005,Alleghany,NC,1314.0,1355.0,1444.0,1476.0,1483.0,1672.0,1846.0,1956.0,12.9,0.021,0.0072,0.0161,0.0046,0.0085,0.0057,0.244,0.0294,15,6,50.7
37007,Anson,NC,1338.0,1350.0,1386.0,1424.0,1402.0,1580.0,1745.0,1850.0,4.8,0.0118,0.0144,0.0245,0.0136,0.0155,0.0216,0.685,0.0684,14,4,71.0
37009,Ashe,NC,1229.0,1257.0,1286.0,1299.0,1292.0,1456.0,1608.0,1704.0,5.1,0.0107,0.0065,0.0097,0.0039,0.0061,0.0083,0.238,0.025,17,6,46.3
37011,Avery,NC,1598.0,1665.0,1898.0,1890.0,1824.0,2055.0,2269.0,2405.0,14.1,0.0135,0.01,0.0083,0.0081,0.0052,0.0082,0.304,0.0255,14,5,58.7
37013,Beaufort,NC,1305.0,1345.0,1320.0,1292.0,1303.0,1469.0,1621.0,1719.0,-0.2,0.0154,0.0083,0.0104,0.0049,0.0069,0.0682,0.216,0.0324,21,5,49.6
37015,Bertie,NC,1619.0,1675.0,1736.0,1729.0,1714.0,1932.0,2133.0,2261.0,5.9,0.0385,0.0202,0.0222,0.0138,0.0087,0.0223,0.383,0.053,19,4,63.5
37017,Bladen,NC,1607.0,1686.0,1728.0,1697.0,1656.0,1866.0,2060.0,2183.0,3.0,0.0211,0.0203,0.0233,0.0063,0.0145,0.0816,0.669,0.0969,18,4,69.2
37019,Brunswick,NC,989.0,1097.0,1199.0,1208.0,1244.0,1402.0,1548.0,1640.0,25.8,0.0139,0.011,0.0032,0.0032,0.009,0.0232,0.39,0.0334,24,6,82.2
37021,Buncombe,NC,1205.0,1244.0,1292.0,1325.0,1333.0,1502.0,1658.0,1758.0,10.6,0.0169,0.0095,0.0129,0.0046,0.0055,0.009,0.308,0.0328,14,5,58.2
37023,Burke,NC,928.0,955.0,989.0,1028.0,1033.0,1164.0,1285.0,1362.0,11.3,0.0149,0.0109,0.0146,0.0056,0.0084,0.0146,0.417,0.0464,15,5,72.0
37025,Cabarrus,NC,1238.0,1277.0,1289.0,1294.0,1324.0,1493.0,1648.0,1747.0,6.9,0.0165,0.0074,0.0085,0.0066,0.0074,0.0135,0.56,0.0642,13,5,70.6
37027,Caldwell,NC,929.0,955.0,984.0,1005.0,1028.0,1158.0,1279.0,1355.0,10.7,0.0237,0.0202,0.0087,0.0084,0.0102,0.0178,0.488,0.0466,14,5,75.7
37029,Camden,NC,1205.0,1270.0,1248.0,1240.0,1304.0,1469.0,1622.0,1720.0,8.2,0.0114,0.0046,0.0046,0.0081,0.007,0.0758,0.329,0.0319,17,4,65.8
37031,Carteret,NC,911.0,940.0,952.0,939.0,964.0,1086.0,1199.0,1271.0,5.8,0.0242,0.0086,0.0061,0.0049,0.018,0.0418,0.509,0.0521,20,5,71.5
37033,Caswell,NC,1231.0,1171.0,1184.0,1201.0,1218.0,1372.0,1515.0,1606.0,-1.1,0.0202,0.0148,0.0154,0.0092,0.0098,0.0165,0.379,0.0536,14,4,48.0
37035,Catawba,NC,1072.0,1099.0,1132.0,1153.0,1176.0,1326.0,1463.0,1551.0,9.7,0.0237,0.0169,0.0111,0.0079,0.0086,0.0129,0.536,0.0554,11,4,72.2
37037,Chatham,NC,1364.0,1411.0,1453.0,1458.0,1484.0,1672.0,1846.0,1957.0,8.8,0.018,0.0098,0.0103,0.0062,0.005,0.0107,0.501,0.0504,14,4,66.6
37039,Cherokee,NC,1144.0,1141.0,1173.0,1195.0,1229.0,1386.0,1530.0,1621.0,7.4,0.0136,0.0096,0.0101,0.006,0.0076,0.0115,0.311,0.0243,9,4,56.1
37041,Chowan,NC,1356.0,1405.0,1418.0,1398.0,1391.0,1568.0,1731.0,1835.0,2.6,0.015,0.0138,0.0047,0.0095,0.0157,0.0931,0.312,0.0304,17,4,55.3
37043,Clay,NC,1359.0,1362.0,1391.0,1427.0,1449.0,1633.0,1803.0,1911.0,6.6,0.0122,0.0098,0.0069,0.0072,0.005,0.008,0.399,0.0273,8,4,52.3
37045,Cleveland,NC,1079.0,1086.0,1087.0,1095.0,1116.0,1258.0,1389.0,1472.0,3.4,0.0215,0.0139,0.0197,0.0083,0.009,0.0144,0.518,0.0486,11,4,62.6
37047,Columbus,NC,1858.0,1944.0,1992.0,1972.0,1919.0,2162.0,2387.0,2530.0,3.3,0.0254,0.0356,0.0397,0.0097,0.0125,0.0443,0.674,0.1011,19,4,70.6
37049,Craven,NC,1130.0,1158.0,1173.0,1155.0,1177.0,1326.0,1464.0,1552.0,4.2,0.0135,0.0113,0.0035,0.0065,0.0074,0.0486,0.463,0.0554,21,4,65.8
37051,Cumberland,NC,1653.0,1740.0,1797.0,1788.0,1815.0,2046.0,2259.0,2394.0,9.8,0.0235,0.0182,0.015,0.0088,0.0112,0.0229,0.565,0.1133,16,4,76.0
37053,Currituck,NC,1356.0,1423.0,1508.0,1504.0,1522.0,1715.0,1894.0,2008.0,12.2,0.0243,0.0051,0.0036,0.0051,0.026,0.0751,0.411,0.0239,17,4,75.6
37055,Dare,NC,1440.0,1561.0,1609.0,1643.0,1653.0,1863.0,2057.0,2180.0,14.8,0.0193,0.0046,0.0038,0.0038,0.0216,0.1292,0.196,0.0197,20,5,71.9
37057,Davidson,NC,1051.0,1070.0,1090.0,1106.0,1135.0,1280.0,1413.0,1497.0,8.0,0.0217,0.0117,0.0098,0.0078,0.0116,0.0151,0.449,0.0505,17,5,69.3
37059,Davie,NC,1173.0,1205.0,1235.0,1250.0,1245.0,1403.0,1549.0,1642.0,6.1,0.0168,0.0105,0.0109,0.0062,0.007,0.0086,0.418,0.0469,13,5,55.3
37061,Duplin,NC,1584.0,1618.0,1683.0,1683.0,1702.0,1918.0,2118.0,2245.0,7.4,0.03,0.0206,0.0206,0.0112,0.012,0.05,0.663,0.1031,18,5,79.2
37063,Durham,NC,1309.0,1354.0,1421.0,1430.0,1474.0,1661.0,1833.0,1943.0,12.6,0.0219,0.0097,0.0057,0.0072,0.0102,0.0143,0.479,0.0611,13,4,73.5
37065,Edgecombe,NC,1285.0,1334.0,1379.0,1393.0,1427.0,1608.0,1775.0,1882.0,11.1,0.0187,0.0183,0.0244,0.0164,0.0128,0.0143,0.531,0.0681,18,5,75.4
37067,Forsyth,NC,1160.0,1191.0,1229.0,1251.0,1268.0,1429.0,1577.0,1672.0,9.3,0.0199,0.0103,0.0063,0.0086,0.0104,0.0143,0.471,0.0562,14,5,71.8
37069,Franklin,NC,1349.0,1374.0,1403.0,1364.0,1395.0,1572.0,1735.0,1840.0,3.4,0.02,0.0121,0.0166,0.006,0.0103,0.0108,0.494,0.0548,13,4,56.9
37071,Gaston,NC,1113.0,1144.0,1173.0,1177.0,1209.0,1363.0,1505.0,1595.0,8.6,0.021,0.01,0.0113,0.0088,0.0082,0.0124,0.518,0.0556,11,4,68.2
37073,Gates,NC,1450.0,1476.0,1486.0,1519.0,1555.0,1753.0,1935.0,2051.0,7.2,0.0336,0.0315,0.0617,0.0159,0.0091,0.0178,0.33,0.0537,15,4,61.3
37075,Graham,NC,1257.0,1253.0,1269.0,1303.0,1332.0,1501.0,1658.0,1757.0,6.0,0.0151,0.0107,0.0138,0.004,0.0116,0.0179,0.429,0.0311,11,5,65.8
37077,Granville,NC,1235.0,1277.0,1284.0,1228.0,1269.0,1430.0,1579.0,1673.0,2.8,0.0173,0.0153,0.0173,0.0097,0.0119,0.014,0.545,0.0667,16,4,61.4
37079,Greene,NC,1406.0,1435.0,1474.0,1444.0,1494.0,1684.0,1859.0,1971.0,6.3,0.0139,0.0236,0.0396,0.0116,0.0171,0.1135,0.426,0.0671,18,4,67.0
37081,Guilford,NC,1171.0,1207.0,1242.0,1260.0,1285.0,1448.0,1599.0,1695.0,9.7,0.0253,0.0119,0.0075,0.0096,0.0112,0.0177,0.591,0.0692,16,4,77.2
37083,Halifax,NC,1369.0,1405.0,1452.0,1468.0,1494.0,1684.0,1859.0,1971.0,9.1,0.0189,0.0163,0.021,0.0086,0.0106,0.0164,0.436,0.0529,18,4,69.1
37085,Harnett,NC,1413.0,1470.0,1532.0,1542.0,1558.0,1756.0,1938.0,2055.0,10.3,0.0227,0.013,0.0127,0.0076,0.0078,0.0103,0.576,0.0857,15,4,68.6
37087,Haywood,NC,1198.0,1209.0,1245.0,1281.0,1290.0,1454.0,1605.0,1701.0,7.7,0.0118,0.0109,0.0122,0.0056,0.0062,0.0119,0.285,0.0327,12,5,57.8
37089,Henderson,NC,1176.0,1221.0,1272.0,1288.0,1308.0,1474.0,1627.0,1725.0,11.2,0.0165,0.0095,0.0095,0.0047,0.0062,0.0102,0.432,0.0435,11,4,66.1
37091,Hertford,NC,1428.0,1483.0,1479.0,1418.0,1398.0,1576.0,1740.0,1844.0,-2.1,0.0282,0.0171,0.0166,0.0211,0.0174,0.0172,0.715,0.0911,19,5,60.0
37093,Hoke,NC,1556.0,1654.0,1673.0,1630.0,1615.0,1820.0,2009.0,2129.0,3.8,0.0261,0.0273,0.0164,0.0101,0.0138,0.0214,0.75,0.1357,15,4,69.5
37095,Hyde,NC,1427.0,1422.0,1444.0,1420.0,1440.0,1623.0,1792.0,1899.0,0.9,0.0063,0.0198,0.0,0.0074,0.0114,0.0951,0.106,0.0226,21,4,49.3
37097,Iredell,NC,1182.0,1223.0,1264.0,1272.0,1311.0,1478.0,1631.0,1729.0,10.9,0.0212,0.0099,0.0095,0.0075,0.0073,0.0111,0.516,0.0554,13,6,72.3
37099,Jackson,NC,1522.0,1578.0,1724.0,1731.0,1761.0,1985.0,2191.0,2323.0,15.7,0.0108,0.0118,0.0113,0.0063,0.007,0.0141,0.268,0.025,13,5,68.1
37101,Johnston,NC,1285.0,1309.0,1349.0,1353.0,1376.0,1551.0,1712.0,1815.0,7.1,0.0192,0.0122,0.0107,0.0073,0.0087,0.0127,0.601,0.0674,18,4,70.3
37103,Jones,NC,1243.0,1277.0,1318.0,1266.0,1262.0,1422.0,1570.0,1664.0,1.5,0.0117,0.0293,0.0187,0.0074,0.0148,0.0795,0.617,0.0709,20,4,65.3
37105,Lee,NC,1372.0,1411.0,1477.0,1496.0,1492.0,1681.0,1856.0,1967.0,8.7,0.0255,0.0147,0.0259,0.0073,0.0075,0.0161,0.415,0.0561,15,5,69.2
37107,Lenoir,NC,1562.0,1620.0,1698.0,1704.0,1725.0,1944.0,2146.0,2275.0,10.4,0.0176,0.0267,0.0328,0.0108,0.0111,0.0577,0.408,0.0724,18,4,72.1
37109,Lincoln,NC,1182.0,1211.0,1229.0,1226.0,1241.0,1399.0,1544.0,1637.0,5.0,0.0152,0.0086,0.0141,0.0065,0.0053,0.0111,0.542,0.0539,11,4,61.5
37111,McDowell,NC,1096.0,1128.0,1162.0,1171.0,1175.0,1325.0,1462.0,1550.0,7.2,0.0156,0.0134,0.0206,0.0058,0.0077,0.0119,0.408,0.038,14,4,61.2
37113,Macon,NC,1521.0,1495.0,1576.0,1599.0,1619.0,1825.0,2015.0,2136.0,6.4,0.0084,0.0105,0.0098,0.0077,0.0085,0.0076,0.307,0.0235,11,4,46.8
37115,Madison,NC,1323.0,1327.0,1380.0,1394.0,1403.0,1582.0,1746.0,1851.0,6.0,0.0198,0.0122,0.0253,0.0037,0.0097,0.0073,0.187,0.0223,15,5,44.0
37117,Martin,NC,1446.0,1508.0,1554.0,1572.0,1558.0,1756.0,1938.0,2054.0,7.7,0.0243,0.0244,0.0331,0.0096,0.02,0.0275,0.296,0.059,16,4,63.6
37119,Mecklenburg,NC,1492.0,1558.0,1601.0,1593.0,1636.0,1843.0,2035.0,2157.0,9.7,0.0257,0.0102,0.0068,0.0094,0.0091,0.0169,0.516,0.0641,12,5,75.8
37121,Mitchell,NC,1014.0,1019.0,1064.0,1115.0,1114.0,1256.0,1386.0,1470.0,9.9,0.0116,0.0119,0.0104,0.0121,0.0052,0.0106,0.235,0.025,14,5,57.9
37123,Montgomery,NC,1246.0,1273.0,1294.0,1304.0,1316.0,1483.0,1638.0,1736.0,5.6,0.0172,0.0132,0.0223,0.0043,0.0077,0.0115,0.346,0.0414,14,4,55.2
37125,Moore,NC,1450.0,1508.0,1505.0,1491.0,1488.0,1677.0,1851.0,1962.0,2.6,0.0187,0.0112,0.0097,0.0053,0.0067,0.0094,0.391,0.0766,13,4,47.9
37127,Nash,NC,1266.0,1295.0,1337.0,1352.0,1376.0,1550.0,1712.0,1814.0,8.7,0.0177,0.0156,0.0153,0.0083,0.0107,0.0152,0.585,0.0661,17,5,75.3
37129,New Hanover,NC,1002.0,1089.0,1163.0,1138.0,1153.0,1299.0,1434.0,1520.0,15.1,0.0162,0.0126,0.0056,0.0051,0.0116,0.0314,0.474,0.0402,22,5,82.0
37131,Northampton,NC,1344.0,1382.0,1416.0,1436.0,1441.0,1624.0,1793.0,1901.0,7.2,0.0151,0.0145,0.0233,0.0119,0.0137,0.0156,0.369,0.0569,17,4,63.5
37133,Onslow,NC,1009.0,1049.0,1061.0,1028.0,1048.0,1181.0,1303.0,1382.0,3.9,0.0247,0.0159,0.0064,0.0072,0.0097,0.0425,0.618,0.0831,22,5,71.5
37135,Orange,NC,1401.0,1443.0,1497.0,1505.0,1541.0,1737.0,1918.0,2033.0,10.0,0.0181,0.0064,0.0044,0.0051,0.004,0.0099,0.454,0.0502,16,4,64.7
37137,Pamlico,NC,1001.0,1000.0,1002.0,956.0,980.0,1105.0,1220.0,1293.0,-2.1,0.0159,0.012,0.0108,0.0124,0.0127,0.0316,0.429,0.0518,19,4,51.7
37139,Pasquotank,NC,1142.0,1196.0,1208.0,1201.0,1228.0,1384.0,1528.0,1619.0,7.5,0.0137,0.0075,0.0045,0.0065,0.0103,0.0706,0.229,0.0242,16,4,62.3
37141,Pender,NC,1014.0,1073.0,1108.0,1094.0,1091.0,1230.0,1357.0,1439.0,7.6,0.0158,0.0164,0.0055,0.0061,0.0062,0.0337,0.591,0.0529,21,4,75.6
37143,Perquimans,NC,1501.0,1507.0,1508.0,1494.0,1476.0,1664.0,1837.0,1947.0,-1.7,0.0127,0.0104,0.0108,0.0061,0.0122,0.0843,0.126,0.0223,17,4,44.4
37145,Person,NC,1285.0,1290.0,1298.0,1301.0,1298.0,1463.0,1615.0,1712.0,1.0,0.0159,0.0099,0.015,0.0116,0.0111,0.0136,0.516,0.0461,17,4,55.6
37147,Pitt,NC,1567.0,1605.0,1661.0,1643.0,1659.0,1870.0,2064.0,2188.0,5.9,0.0194,0.0122,0.0163,0.0071,0.0083,0.042,0.348,0.0531,20,4,61.9
37149,Polk,NC,1311.0,1355.0,1398.0,1431.0,1458.0,1644.0,1814.0,1923.0,11.2,0.0211,0.0122,0.0088,0.0054,0.0115,0.0098,0.499,0.053,15,5,69.0
37151,Randolph,NC,1010.0,1032.0,1061.0,1078.0,1089.0,1227.0,1354.0,1436.0,7.8,0.021,0.0138,0.0142,0.0087,0.0112,0.0147,0.522,0.0529,16,4,69.4
37153,Richmond,NC,1221.0,1241.0,1303.0,1331.0,1327.0,1495.0,1651.0,1750.0,8.7,0.0318,0.0214,0.0301,0.0104,0.0105,0.0128,0.447,0.0652,13,4,67.0
37155,Robeson,NC,1538.0,1584.0,1654.0,1623.0,1623.0,1829.0,2019.0,2140.0,5.5,0.0241,0.0371,0.0541,0.0109,0.0141,0.0506,0.544,0.0921,16,5,72.5
37157,Rockingham,NC,1025.0,1037.0,1064.0,1077.0,1094.0,1233.0,1362.0,1443.0,6.7,0.0238,0.0159,0.0178,0.0102,0.0105,0.0147,0.544,0.0633,14,4,69.4
37159,Rowan,NC,1159.0,1183.0,1216.0,1234.0,1250.0,1409.0,1555.0,1649.0,7.9,0.0179,0.011,0.0112,0.0073,0.0084,0.0148,0.508,0.0564,12,6,72.8
37161,Rutherford,NC,1170.0,1194.0,1204.0,1206.0,1220.0,1375.0,1518.0,1609.0,4.3,0.0197,0.0207,0.0208,0.0097,0.0093,0.0155,0.522,0.0503,13,4,64.5
37163,Sampson,NC,1546.0,1584.0,1636.0,1612.0,1629.0,1836.0,2027.0,2148.0,5.4,0.0178,0.0194,0.0251,0.008,0.0123,0.0374,0.548,0.0797,17,5,72.0
37165,Scotland,NC,1371.0,1408.0,1450.0,1467.0,1449.0,1633.0,1803.0,1911.0,5.7,0.0157,0.0248,0.017,0.009,0.0126,0.0162,0.569,0.0822,13,4,69.7
37167,Stanly,NC,1173.0,1202.0,1233.0,1230.0,1238.0,1395.0,1540.0,1633.0,5.5,0.0175,0.017,0.0171,0.0068,0.0092,0.0104,0.399,0.0452,13,5,57.6
37169,Stokes,NC,1114.0,1119.0,1126.0,1147.0,1116.0,1258.0,1389.0,1472.0,0.2,0.0166,0.011,0.015,0.0066,0.0096,0.0148,0.376,0.0467,15,6,51.6
37171,Surry,NC,1087.0,1076.0,1096.0,1111.0,1130.0,1273.0,1406.0,1490.0,4.0,0.0225,0.0119,0.0199,0.0068,0.0091,0.0179,0.37,0.045,11,5,59.7
37173,Swain,NC,1155.0,1136.0,1174.0,1182.0,1209.0,1363.0,1504.0,1595.0,4.7,0.0147,0.0117,0.0161,0.004,0.0099,0.0194,0.236,0.0234,12,6,58.0
37175,Transylvania,NC,1420.0,1473.0,1552.0,1568.0,1578.0,1779.0,1964.0,2081.0,11.1,0.0177,0.0117,0.0112,0.0072,0.0064,0.0097,0.419,0.0375,12,6,65.5
37177,Tyrrell,NC,923.0,964.0,986.0,997.0,919.0,1036.0,1143.0,1212.0,-0.4,0.0068,0.0,0.032,0.0088,0.0093,0.0918,0.256,0.0398,20,4,48.3
37179,Union,NC,1363.0,1412.0,1446.0,1451.0,1473.0,1660.0,1833.0,1942.0,8.1,0.0218,0.0091,0.0075,0.0074,0.0082,0.0158,0.541,0.0634,13,5,74.3
37181,Vance,NC,1242.0,1255.0,1222.0,1220.0,1253.0,1412.0,1559.0,1653.0,0.9,0.0208,0.0169,0.0303,0.0057,0.0131,0.018,0.479,0.0609,14,4,57.7
37183,Wake,NC,1451.0,1509.0,1579.0,1594.0,1644.0,1853.0,2046.0,2168.0,13.3,0.022,0.008,0.0061,0.0074,0.0081,0.0136,0.642,0.0758,14,4,78.8
37185,Warren,NC,1245.0,1286.0,1314.0,1326.0,1342.0,1513.0,1670.0,1770.0,7.8,0.0164,0.0155,0.0294,0.0082,0.0127,0.0145,0.574,0.0535,14,4,72.1
37187,Washington,NC,1130.0,1186.0,1172.0,1183.0,1164.0,1311.0,1448.0,1535.0,3.0,0.0247,0.0087,0.009,0.0031,0.0064,0.1217,0.432,0.0262,18,4,61.3
37189,Watauga,NC,1448.0,1487.0,1549.0,1565.0,1589.0,1791.0,1978.0,2096.0,9.7,0.0153,0.007,0.0074,0.0068,0.0069,0.0108,0.274,0.0281,14,5,58.6
37191,Wayne,NC,1510.0,1554.0,1551.0,1536.0,1570.0,1769.0,1953.0,2071.0,4.0,0.0243,0.0176,0.0158,0.0113,0.0123,0.0739,0.51,0.0769,18,4,67.2
37193,Wilkes,NC,1083.0,1116.0,1142.0,1145.0,1149.0,1295.0,1430.0,1516.0,6.1,0.0215,0.0149,0.0184,0.0064,0.0084,0.0129,0.423,0.0446,13,6,63.9
37195,Wilson,NC,1223.0,1251.0,1292.0,1310.0,1336.0,1506.0,1662.0,1762.0,9.2,0.0152,0.0106,0.0123,0.013,0.0145,0.0234,0.66,0.0744,19,5,80.6
37197,Yadkin,NC,1065.0,1066.0,1053.0,1043.0,1042.0,1175.0,1297.0,1375.0,-2.2,0.0195,0.0086,0.0095,0.0087,0.01,0.0151,0.397,0.0509,13,6,50.3
37199,Yancey,NC,1168.0,1177.0,1196.0,1219.0,1223.0,1378.0,1522.0,1613.0,4.7,0.0143,0.0109,0.0068,0.0049,0.0095,0.0109,0.208,0.0247,15,5,49.4
38001,Adams,ND,2169.0,2180.0,1913.0,2137.0,2070.0,2333.0,2576.0,2730.0,-4.6,0.0143,0.0145,0.0,0.0274,0.0341,0.0,0.869,0.1455,8,1,27.4
38003,Barnes,ND,1531.0,1528.0,1628.0,1732.0,1750.0,1972.0,2177.0,2307.0,14.3,0.0128,0.0129,0.0104,0.0142,0.0051,0.0083,0.45,0.0514,19,5,65.6
38005,Benson,ND,,,,,,,,,,0.0,0.0,0.0,0.008,0.0224,0.0152,,,18,0,
38007,Billings,ND,2053.0,2039.0,1888.0,2158.0,2114.0,2383.0,2630.0,2788.0,3.0,0.0,0.0096,0.0092,0.0087,0.0157,0.0085,0.405,0.0774,6,1,37.0
38009,Bottineau,ND,1804.0,1794.0,1785.0,1883.0,1910.0,2152.0,2376.0,2519.0,5.9,0.0057,0.0055,0.0041,0.0118,0.0065,0.0135,0.228,0.0369,15,1,46.1
38011,Bowman,ND,2122.0,2154.0,2305.0,2367.0,2405.0,2711.0,2992.0,3172.0,13.3,0.0042,0.0039,0.0078,0.0078,0.0116,0.0158,0.11,0.0356,7,0,51.4
38013,Burke,ND,,,,,,,,,,0.0093,0.0177,0.0,0.0156,0.0315,0.0256,,,11,3,
38015,Burleigh,ND,2125.0,2135.0,2110.0,2253.0,2249.0,2535.0,2799.0,2966.0,5.8,0.0053,0.0056,0.0057,0.0057,0.0056,0.006,0.493,0.0916,9,1,42.8
38017,Cass,ND,1734.0,1766.0,1813.0,1907.0,1943.0,2189.0,2417.0,2562.0,12.1,0.0043,0.0067,0.0066,0.0064,0.0058,0.0095,0.505,0.0683,18,2,62.1
38019,Cavalier,ND,1636.0,1565.0,1621.0,1685.0,1682.0,1896.0,2093.0,2219.0,2.8,0.0104,0.0099,0.0,0.0,0.0,0.0,0.164,0.0624,14,1,19.6
38021,Dickey,ND,1438.0,1560.0,1627.0,1731.0,1726.0,1946.0,2148.0,2277.0,20.0,0.0238,0.0,0.0081,0.0233,0.0076,0.0154,0.414,0.0474,17,4,76.5
38023,Divide,ND,,,,,,,,,,0.0121,0.0118,0.0,0.006,0.024,0.0064,,,7,2,
38025,Dunn,ND,2057.0,2191.0,2287.0,2356.0,2267.0,2555.0,2821.0,2990.0,10.2,0.012,0.0058,0.0056,0.0,0.0048,0.007,0.589,0.0369,9,2,56.7
38027,Eddy,ND,,,,,,,,,,0.0,0.0174,0.0183,0.0082,0.0,0.0397,,,12,1,
38029,Emmons,ND,1533.0,1648.0,1637.0,1825.0,1849.0,2084.0,2301.0,2439.0,20.6,0.0,0.0069,0.0,0.0,0.0,0.0061,0.301,0.0351,11,2,50.0
38031,Foster,ND,1803.0,1796.0,1695.0,1833.0,1801.0,2030.0,2241.0,2376.0,-0.1,0.0137,0.0068,0.0,0.0305,0.0078,0.0,0.269,0.0534,12,2,18.6
38033,Golden Valley,ND,1797.0,1811.0,1823.0,1888.0,1944.0,2191.0,2419.0,2564.0,8.2,0.0084,0.0236,0.0231,0.0074,0.0,0.0083,0.384,0.0916,7,2,48.4
38035,Grand Forks,ND,1690.0,1729.0,1748.0,1857.0,1860.0,2096.0,2314.0,2453.0,10.1,0.0032,0.0066,0.0057,0.0069,0.0052,0.0058,0.317,0.0544,21,3,45.0
38037,Grant,ND,1707.0,1757.0,1704.0,1874.0,1939.0,2185.0,2412.0,2557.0,13.6,0.0,0.0138,0.0065,0.0068,0.0,0.0,1.962,0.1765,13,4,63.5
38039,Griggs,ND,1505.0,1641.0,1657.0,1584.0,1650.0,1860.0,2053.0,2176.0,9.6,0.0159,0.0,0.0,0.0164,0.0149,0.0333,0.105,0.031,11,3,61.7
38041,Hettinger,ND,,,,,,,,,,0.0435,0.0,0.0154,0.0,0.0278,0.0135,,,7,2,
38043,Kidder,ND,1449.0,1500.0,1648.0,1640.0,1683.0,1896.0,2094.0,2219.0,16.1,0.0,0.0,0.0057,0.0,0.0,0.0,0.42,0.0542,15,5,57.0
38045,LaMoure,ND,,,,,,,,,,0.0,0.0,0.0167,0.0,0.0143,0.0147,,,16,4,
38047,Logan,ND,,,,,,,,,,0.0,0.0682,0.0217,0.0,0.0,0.0204,,,13,2,
38049,McHenry,ND,1859.0,1907.0,1930.0,2098.0,2106.0,2374.0,2620.0,2778.0,13.3,0.0035,0.0098,0.0065,0.0098,0.0128,0.013,0.238,0.047,18,2,59.4
38051,McIntosh,ND,,,,,,,,,,0.0,0.0,0.0,0.0114,0.0122,0.027,,,9,2,
38053,McKenzie,ND,2051.0,1963.0,1927.0,2079.0,2025.0,2282.0,2520.0,2671.0,-1.3,0.0141,0.0195,0.0192,0.0063,0.0085,0.0076,0.671,0.0692,16,5,48.0
38055,McLean,ND,1943.0,1986.0,2017.0,2104.0,2104.0,2371.0,2617.0,2774.0,8.3,0.006,0.0112,0.0088,0.0067,0.0044,0.0099,0.323,0.0598,12,2,50.2
38057,Mercer,ND,2026.0,2067.0,2065.0,2156.0,2124.0,2394.0,2643.0,2801.0,4.8,0.0094,0.0104,0.0105,0.0085,0.0047,0.0049,0.209,0.048,12,2,30.2
38059,Morton,ND,1998.0,1997.0,2015.0,2120.0,2144.0,2416.0,2668.0,2828.0,7.3,0.0092,0.0073,0.0057,0.0079,0.0065,0.0061,0.476,0.0746,13,2,46.7
38061,Mountrail,ND,1761.0,1750.0,1661.0,1724.0,1777.0,2003.0,2211.0,2344.0,0.9,0.0096,0.0137,0.0069,0.0045,0.0087,0.0092,0.92,0.0375,16,2,51.6
38063,Nelson,ND,,,,,,,,,,0.0063,0.0,0.0123,0.0126,0.0064,0.0208,,,18,4,
38065,Oliver,ND,2178.0,2184.0,2043.0,2234.0,2110.0,2378.0,2626.0,2783.0,-3.1,0.0,0.0,0.0,0.0187,0.0,0.0,0.113,0.0319,9,2,14.7
38067,Pembina,ND,1606.0,1626.0,1625.0,1791.0,1724.0,1943.0,2145.0,2274.0,7.3,0.0079,0.0039,0.006,0.02,0.0162,0.0174,0.178,0.0307,20,2,52.4
38069,Pierce,ND,1430.0,1498.0,1520.0,1602.0,1747.0,1968.0,2173.0,2303.0,22.2,0.0,0.0,0.0,0.0081,0.008,0.0,0.821,0.0726,11,0,54.4
38071,Ramsey,ND,1752.0,1787.0,1718.0,1840.0,1830.0,2063.0,2277.0,2414.0,4.5,0.011,0.0092,0.0015,0.0046,0.0085,0.0137,0.211,0.0329,14,1,43.6
38073,Ransom,ND,1633.0,1638.0,1674.0,1793.0,1765.0,1989.0,2196.0,2327.0,8.1,0.0057,0.0111,0.0,0.0054,0.0,0.0,0.4,0.0289,20,5,46.8
38075,Renville,ND,1978.0,1907.0,1799.0,1895.0,1966.0,2216.0,2446.0,2593.0,-0.6,0.0233,0.0074,0.0076,0.0069,0.021,0.0,0.452,0.0575,13,1,23.7
38077,Richland,ND,1650.0,1662.0,1759.0,1894.0,1838.0,2071.0,2287.0,2424.0,11.4,0.008,0.0064,0.0072,0.014,0.0059,0.0079,0.394,0.0495,19,3,55.9
38079,Rolette,ND,1687.0,1633.0,1643.0,1677.0,1753.0,1975.0,2181.0,2312.0,3.9,0.0048,0.0095,0.0093,0.0204,0.0161,0.0147,0.637,0.056,11,1,55.8
38081,Sargent,ND,,,,,,,,,,0.0,0.0105,0.0,0.0,0.0089,0.009,,,17,4,
38083,Sheridan,ND,,,,,,,,,,0.0,0.0323,0.0,0.025,0.075,0.0,,,11,1,
38085,Sioux,ND,,,,,,,,,,0.0192,0.0189,0.0,0.0,0.0172,0.0169,,,11,2,
38087,Slope,ND,,,,,,,,,,0.0385,0.0208,0.0,0.0,0.0,0.0192,,,4,0,
38089,Stark,ND,2125.0,2159.0,2154.0,2354.0,2363.0,2664.0,2941.0,3117.0,11.2,0.0079,0.0123,0.0133,0.009,0.007,0.0124,0.405,0.0666,6,0,56.1
38091,Steele,ND,1660.0,1623.0,1565.0,1656.0,1688.0,1903.0,2100.0,2227.0,1.7,0.0155,0.0,0.0093,0.0093,0.0,0.0238,0.657,0.1019,17,5,66.4
38093,Stutsman,ND,1600.0,1577.0,1578.0,1661.0,1667.0,1878.0,2074.0,2198.0,4.2,0.0077,0.0078,0.0077,0.0099,0.0068,0.0084,0.28,0.0445,15,4,42.9
38095,Towner,ND,,,,,,,,,,0.0,0.0,0.0,0.023,0.0,0.023,,,16,2,
38097,Traill,ND,1660.0,1612.0,1673.0,1763.0,1843.0,2077.0,2293.0,2430.0,11.0,0.0111,0.0074,0.0024,0.0146,0.0099,0.008,0.206,0.0371,20,3,50.3
38099,Walsh,ND,1584.0,1619.0,1597.0,1741.0,1744.0,1966.0,2170.0,2300.0,10.1,0.0116,0.0119,0.003,0.0028,0.0028,0.024,0.141,0.0336,22,2,57.4
38101,Ward,ND,1794.0,1807.0,1805.0,1914.0,1929.0,2174.0,2400.0,2544.0,7.5,0.0074,0.0076,0.0077,0.0078,0.007,0.0055,0.342,0.0648,14,1,34.3
38103,Wells,ND,1946.0,1867.0,1971.0,1961.0,1974.0,2224.0,2456.0,2603.0,1.4,0.0157,0.0203,0.0128,0.0046,0.0235,0.0,0.85,0.1485,16,4,44.3
38105,Williams,ND,1886.0,1883.0,1858.0,1934.0,1952.0,2200.0,2429.0,2574.0,3.5,0.0105,0.0088,0.0062,0.0076,0.0123,0.0147,1.141,0.1482,9,3,65.4
39001,Adams,OH,1320.0,1323.0,1316.0,1364.0,1378.0,1553.0,1715.0,1818.0,4.4,0.0067,0.0081,0.0046,0.0103,0.0104,0.022,0.312,0.0323,11,0,46.1
39003,Allen,OH,1213.0,1225.0,1228.0,1265.0,1277.0,1439.0,1589.0,1684.0,5.3,0.0099,0.0063,0.0036,0.007,0.0069,0.0061,0.368,0.0382,6,0,30.4
39005,Ashland,OH,1105.0,1114.0,1117.0,1143.0,1166.0,1315.0,1451.0,1538.0,5.5,0.0059,0.0039,0.0038,0.0055,0.0092,0.0089,0.471,0.0434,6,0,43.9
39007,Ashtabula,OH,1117.0,1111.0,1116.0,1145.0,1170.0,1319.0,1456.0,1543.0,4.7,0.0122,0.008,0.0052,0.0073,0.0102,0.01,0.498,0.031,6,0,43.4
39009,Athens,OH,1202.0,1179.0,1178.0,1197.0,1209.0,1362.0,1504.0,1594.0,0.6,0.0092,0.0071,0.0028,0.0069,0.0055,0.0324,0.387,0.0334,11,0,41.6
39011,Auglaize,OH,1118.0,1120.0,1127.0,1140.0,1149.0,1294.0,1429.0,1515.0,2.8,0.0173,0.0104,0.0034,0.0051,0.0084,0.0068,0.415,0.0357,9,1,34.1
39013,Belmont,OH,1037.0,1029.0,1030.0,1057.0,1067.0,1203.0,1328.0,1408.0,2.9,0.0095,0.0052,0.003,0.0064,0.0086,0.0128,0.343,0.0308,10,0,39.9
39015,Brown,OH,1236.0,1243.0,1268.0,1313.0,1363.0,1536.0,1696.0,1798.0,10.3,0.0095,0.008,0.0058,0.0084,0.0102,0.0099,0.517,0.0554,10,0,55.7
39017,Butler,OH,1216.0,1238.0,1248.0,1286.0,1306.0,1472.0,1625.0,1722.0,7.4,0.0107,0.0053,0.0039,0.0061,0.0066,0.008,0.508,0.0583,6,0,45.2
39019,Carroll,OH,1120.0,1085.0,1089.0,1125.0,1146.0,1292.0,1426.0,1512.0,2.3,0.0076,0.0056,0.0023,0.0042,0.0064,0.0076,0.46,0.037,7,0,30.8
39021,Champaign,OH,1247.0,1238.0,1264.0,1315.0,1356.0,1529.0,1688.0,1789.0,8.7,0.0077,0.0046,0.0043,0.0079,0.0084,0.0084,0.401,0.0425,7,0,45.3
39023,Clark,OH,1149.0,1164.0,1186.0,1225.0,1260.0,1420.0,1567.0,1661.0,9.7,0.0117,0.0064,0.0053,0.0064,0.0068,0.0089,0.461,0.0521,7,0,47.1
39025,Clermont,OH,1195.0,1208.0,1222.0,1251.0,1278.0,1440.0,1590.0,1685.0,6.9,0.0109,0.0061,0.0036,0.0045,0.0054,0.0071,0.558,0.0644,8,0,44.3
39027,Clinton,OH,1256.0,1262.0,1270.0,1314.0,1362.0,1536.0,1695.0,1797.0,8.4,0.0084,0.0052,0.0025,0.0053,0.01,0.0153,0.566,0.052,5,0,61.5
39029,Columbiana,OH,1148.0,1128.0,1130.0,1142.0,1176.0,1325.0,1463.0,1550.0,2.4,0.0097,0.0054,0.0034,0.0074,0.0084,0.0084,0.754,0.0393,9,0,43.3
39031,Coshocton,OH,1087.0,1042.0,1050.0,1090.0,1109.0,1250.0,1380.0,1463.0,2.0,0.0071,0.0042,0.0039,0.006,0.0076,0.0091,0.358,0.0355,8,0,30.5
39033,Crawford,OH,1091.0,1099.0,1097.0,1129.0,1147.0,1293.0,1427.0,1513.0,5.1,0.0076,0.0074,0.0037,0.0087,0.0084,0.0086,0.49,0.0396,10,1,47.8
39035,Cuyahoga,OH,1271.0,1270.0,1273.0,1304.0,1312.0,1479.0,1633.0,1731.0,3.2,0.0116,0.0062,0.0039,0.0066,0.0076,0.0092,0.491,0.052,8,0,38.5
39037,Darke,OH,1080.0,1097.0,1113.0,1158.0,1177.0,1326.0,1464.0,1552.0,9.0,0.0085,0.0056,0.0025,0.0054,0.0062,0.0056,0.368,0.0362,9,1,41.2
39039,Defiance,OH,1122.0,1141.0,1141.0,1207.0,1208.0,1361.0,1502.0,1593.0,7.7,0.0102,0.0053,0.0033,0.0076,0.0105,0.0087,0.343,0.0302,3,0,41.1
39041,Delaware,OH,1395.0,1377.0,1388.0,1423.0,1452.0,1636.0,1807.0,1915.0,4.1,0.0076,0.0035,0.0028,0.004,0.0051,0.0065,0.566,0.0661,10,1,39.8
39043,Erie,OH,1111.0,1116.0,1107.0,1143.0,1139.0,1283.0,1417.0,1502.0,2.5,0.008,0.0045,0.0027,0.0036,0.0045,0.0076,0.423,0.0359,5,0,31.1
39045,Fairfield,OH,1322.0,1300.0,1312.0,1363.0,1419.0,1599.0,1765.0,1871.0,7.3,0.0084,0.005,0.0034,0.0047,0.007,0.0089,0.754,0.0645,7,0,53.1
39047,Fayette,OH,1207.0,1208.0,1205.0,1277.0,1306.0,1472.0,1625.0,1723.0,8.2,0.0149,0.0072,0.0043,0.0081,0.0081,0.0101,0.544,0.0483,5,0,51.3
39049,Franklin,OH,1296.0,1271.0,1278.0,1320.0,1356.0,1528.0,1687.0,1788.0,4.6,0.01,0.0046,0.0037,0.0058,0.0066,0.0099,0.54,0.0658,12,0,46.4
39051,Fulton,OH,1191.0,1194.0,1196.0,1218.0,1228.0,1384.0,1528.0,1619.0,3.1,0.0075,0.0067,0.0051,0.0056,0.0082,0.0078,0.407,0.0319,3,0,32.1
39053,Gallia,OH,1332.0,1289.0,1281.0,1287.0,1304.0,1470.0,1623.0,1720.0,-2.1,0.0082,0.0053,0.0044,0.0068,0.0082,0.0067,0.414,0.0385,9,0,20.5
39055,Geauga,OH,1361.0,1364.0,1356.0,1362.0,1391.0,1568.0,1731.0,1835.0,2.2,0.0072,0.0047,0.003,0.0037,0.0046,0.0084,0.503,0.042,6,0,37.2
39057,Greene,OH,1227.0,1225.0,1241.0,1284.0,1314.0,1481.0,1635.0,1733.0,7.1,0.0102,0.0044,0.0032,0.0048,0.0065,0.009,0.758,0.0728,9,0,52.5
39059,Guernsey,OH,1118.0,1100.0,1102.0,1135.0,1148.0,1294.0,1428.0,1514.0,2.7,0.0074,0.0045,0.0029,0.0074,0.0077,0.0105,0.451,0.0349,11,0,38.8
39061,Hamilton,OH,1335.0,1350.0,1372.0,1401.0,1413.0,1592.0,1758.0,1864.0,5.8,0.0101,0.0054,0.004,0.0064,0.006,0.0084,0.443,0.0551,8,0,39.1
39063,Hancock,OH,1300.0,1310.0,1322.0,1359.0,1378.0,1553.0,1714.0,1817.0,6.0,0.0095,0.004,0.0032,0.0057,0.0046,0.0082,0.357,0.0284,8,1,39.9
39065,Hardin,OH,1219.0,1240.0,1232.0,1274.0,1295.0,1460.0,1611.0,1708.0,6.2,0.0086,0.0058,0.0035,0.0073,0.0121,0.0102,0.461,0.035,8,0,46.2
39067,Harrison,OH,1081.0,1058.0,1074.0,1106.0,1136.0,1280.0,1414.0,1498.0,5.1,0.0082,0.0112,0.0031,0.0051,0.0105,0.0132,0.489,0.0336,10,0,49.2
39069,Henry,OH,1202.0,1207.0,1216.0,1238.0,1256.0,1416.0,1563.0,1657.0,4.5,0.0127,0.0026,0.0039,0.0085,0.0088,0.0077,0.308,0.0269,5,0,31.1
39071,Highland,OH,1264.0,1273.0,1268.0,1326.0,1384.0,1560.0,1722.0,1826.0,9.5,0.007,0.0069,0.0046,0.0057,0.0131,0.0195,0.477,0.039,6,0,58.9
39073,Hocking,OH,1241.0,1223.0,1244.0,1303.0,1333.0,1502.0,1659.0,1758.0,7.4,0.0065,0.0058,0.0057,0.0058,0.011,0.0148,0.429,0.0382,11,0,51.6
39075,Holmes,OH,1092.0,1063.0,1063.0,1071.0,1094.0,1233.0,1361.0,1443.0,0.2,0.0052,0.0074,0.0039,0.007,0.0108,0.0103,0.672,0.0484,6,0,42.6
39077,Huron,OH,1170.0,1176.0,1174.0,1206.0,1228.0,1384.0,1528.0,1619.0,5.0,0.0129,0.006,0.0033,0.0044,0.0061,0.005,0.463,0.034,8,0,31.4
39079,Jackson,OH,1286.0,1257.0,1253.0,1296.0,1320.0,1487.0,1642.0,1741.0,2.6,0.0084,0.0075,0.006,0.0064,0.0079,0.0112,0.415,0.0407,9,0,40.8
39081,Jefferson,OH,1073.0,1052.0,1052.0,1082.0,1100.0,1239.0,1368.0,1450.0,2.5,0.0106,0.0069,0.0042,0.0065,0.0088,0.0098,0.505,0.0466,10,0,41.3
39083,Knox,OH,1171.0,1183.0,1184.0,1231.0,1275.0,1436.0,1586.0,1681.0,8.9,0.0064,0.0046,0.0037,0.0062,0.0109,0.0096,0.447,0.0452,7,0,47.9
39085,Lake,OH,1034.0,1029.0,1036.0,1055.0,1071.0,1207.0,1333.0,1413.0,3.6,0.0185,0.0052,0.0028,0.0036,0.0052,0.0072,0.456,0.039,5,0,32.5
39087,Lawrence,OH,1226.0,1216.0,1220.0,1261.0,1274.0,1436.0,1585.0,1680.0,3.9,0.0092,0.0078,0.0052,0.0087,0.0108,0.0122,0.544,0.0415,9,0,49.5
39089,Licking,OH,1301.0,1261.0,1256.0,1296.0,1330.0,1498.0,1654.0,1754.0,2.2,0.0082,0.0037,0.0034,0.0042,0.0064,0.0077,0.409,0.0445,11,1,33.0
39091,Logan,OH,1192.0,1194.0,1212.0,1248.0,1278.0,1440.0,1590.0,1685.0,7.2,0.0093,0.0056,0.0036,0.0087,0.0103,0.0061,0.397,0.0358,9,1,37.5
39093,Lorain,OH,1093.0,1099.0,1103.0,1132.0,1143.0,1288.0,1422.0,1507.0,4.6,0.0101,0.0041,0.0035,0.0046,0.0062,0.0081,0.543,0.0479,6,0,40.5
39095,Lucas,OH,1253.0,1257.0,1264.0,1299.0,1309.0,1475.0,1628.0,1726.0,4.5,0.0129,0.0057,0.0047,0.0057,0.0072,0.0102,0.407,0.0321,5,0,41.2
39097,Madison,OH,1334.0,1309.0,1324.0,1360.0,1384.0,1560.0,1722.0,1825.0,3.7,0.0079,0.0036,0.002,0.0053,0.0068,0.0062,0.514,0.0516,7,0,34.2
39099,Mahoning,OH,1189.0,1152.0,1147.0,1170.0,1197.0,1349.0,1490.0,1579.0,0.7,0.0102,0.0056,0.0045,0.0061,0.0074,0.0102,0.51,0.0514,7,0,39.8
39101,Marion,OH,1198.0,1213.0,1230.0,1299.0,1318.0,1486.0,1640.0,1739.0,10.0,0.01,0.0055,0.0047,0.0094,0.0114,0.0102,0.419,0.0453,6,0,47.9
39103,Medina,OH,1149.0,1167.0,1162.0,1198.0,1214.0,1368.0,1510.0,1601.0,5.7,0.0091,0.003,0.0022,0.004,0.0046,0.0053,0.59,0.0547,7,0,40.7
39105,Meigs,OH,1236.0,1182.0,1167.0,1189.0,1207.0,1360.0,1501.0,1591.0,-2.3,0.0087,0.0079,0.0028,0.0049,0.0076,0.0121,0.472,0.032,10,0,35.4
39107,Mercer,OH,1079.0,1084.0,1082.0,1108.0,1110.0,1251.0,1381.0,1464.0,2.9,0.0088,0.0035,0.003,0.0033,0.0065,0.0034,0.544,0.0361,7,1,35.7
39109,Miami,OH,1127.0,1149.0,1181.0,1218.0,1246.0,1404.0,1550.0,1643.0,10.6,0.0095,0.0049,0.0027,0.0048,0.0059,0.0077,0.73,0.0531,10,1,57.9
39111,Monroe,OH,1186.0,1164.0,1122.0,1147.0,1158.0,1306.0,1441.0,1528.0,-2.4,0.0088,0.0072,0.0039,0.0059,0.011,0.0069,0.187,0.0309,11,0,12.1
39113,Montgomery,OH,1228.0,1222.0,1241.0,1280.0,1309.0,1475.0,1629.0,1727.0,6.6,0.0106,0.0061,0.0044,0.0063,0.007,0.0099,0.714,0.0698,8,0,53.9
39115,Morgan,OH,1108.0,1081.0,1088.0,1142.0,1166.0,1314.0,1450.0,1537.0,5.2,0.01,0.0055,0.0053,0.0076,0.009,0.0283,0.354,0.0344,10,0,50.1
39117,Morrow,OH,1202.0,1208.0,1222.0,1272.0,1314.0,1481.0,1635.0,1733.0,9.3,0.0126,0.0086,0.0048,0.0058,0.009,0.0109,0.51,0.0445,8,0,54.7
39119,Muskingum,OH,1216.0,1190.0,1176.0,1223.0,1249.0,1407.0,1554.0,1647.0,2.7,0.0077,0.0051,0.0034,0.0068,0.0096,0.0125,0.602,0.0586,9,0,48.8
39121,Noble,OH,1083.0,1055.0,1061.0,1114.0,1106.0,1246.0,1376.0,1459.0,2.1,0.0063,0.0034,0.0006,0.0144,0.0095,0.0088,0.269,0.0233,11,0,25.1
39123,Ottawa,OH,1166.0,1173.0,1183.0,1208.0,1226.0,1382.0,1526.0,1617.0,5.1,0.0065,0.0031,0.0026,0.0042,0.0049,0.0072,0.297,0.0276,4,0,28.7
39125,Paulding,OH,1135.0,1147.0,1175.0,1231.0,1252.0,1411.0,1558.0,1651.0,10.3,0.0072,0.0064,0.0023,0.0123,0.013,0.0061,0.43,0.0316,6,0,42.7
39127,Perry,OH,1227.0,1208.0,1198.0,1235.0,1259.0,1419.0,1566.0,1660.0,2.6,0.0099,0.0055,0.0041,0.008,0.0087,0.0246,0.549,0.0505,12,0,51.1
39129,Pickaway,OH,1311.0,1289.0,1300.0,1351.0,1379.0,1554.0,1716.0,1819.0,5.2,0.0085,0.0047,0.0032,0.0042,0.0083,0.0073,0.487,0.0521,7,0,39.5
39131,Pike,OH,1359.0,1316.0,1317.0,1367.0,1358.0,1530.0,1689.0,1791.0,-0.1,0.0081,0.0071,0.0023,0.0068,0.0092,0.0069,0.4,0.0313,11,0,24.1
39133,Portage,OH,1202.0,1170.0,1152.0,1182.0,1202.0,1355.0,1496.0,1585.0,0.0,0.0119,0.0047,0.0034,0.0046,0.0053,0.0081,0.622,0.058,5,0,33.1
39135,Preble,OH,1162.0,1183.0,1200.0,1246.0,1278.0,1441.0,1591.0,1686.0,10.0,0.0092,0.0062,0.0042,0.0052,0.0074,0.0076,0.638,0.0557,6,0,50.1
39137,Putnam,OH,1207.0,1209.0,1204.0,1207.0,1224.0,1380.0,1523.0,1615.0,1.4,0.0048,0.0041,0.0015,0.0036,0.0021,0.0057,0.358,0.0307,7,0,20.0
39139,Richland,OH,1070.0,1081.0,1088.0,1127.0,1139.0,1284.0,1417.0,1502.0,6.4,0.01,0.0059,0.0029,0.0056,0.0063,0.009,0.526,0.0468,10,1,49.1
39141,Ross,OH,1304.0,1257.0,1238.0,1310.0,1328.0,1497.0,1653.0,1752.0,1.8,0.0048,0.0052,0.0026,0.0054,0.0092,0.0115,0.432,0.0365,8,0,40.1
39143,Sandusky,OH,1152.0,1147.0,1153.0,1171.0,1193.0,1344.0,1484.0,1573.0,3.6,0.0105,0.0044,0.0029,0.006,0.0072,0.0103,0.292,0.0264,6,0,34.0
39145,Scioto,OH,1316.0,1290.0,1305.0,1358.0,1377.0,1552.0,1713.0,1816.0,4.6,0.0099,0.0068,0.0057,0.0074,0.0077,0.0104,0.486,0.0374,9,0,43.8
39147,Seneca,OH,1187.0,1177.0,1184.0,1212.0,1243.0,1401.0,1546.0,1639.0,4.7,0.0081,0.0043,0.0032,0.0058,0.0068,0.0074,0.349,0.0308,7,0,30.8
39149,Shelby,OH,1183.0,1189.0,1198.0,1209.0,1238.0,1396.0,1541.0,1633.0,4.6,0.013,0.008,0.0021,0.0047,0.0073,0.0064,0.439,0.04,8,0,32.9
39151,Stark,OH,1105.0,1075.0,1073.0,1097.0,1120.0,1263.0,1394.0,1478.0,1.4,0.0083,0.0042,0.0037,0.0047,0.006,0.0082,0.484,0.0464,7,0,32.0
39153,Summit,OH,1224.0,1183.0,1175.0,1199.0,1219.0,1374.0,1517.0,1608.0,-0.4,0.0107,0.0049,0.0035,0.0055,0.0059,0.0084,0.692,0.067,7,0,36.1
39155,Trumbull,OH,1126.0,1110.0,1102.0,1126.0,1153.0,1300.0,1435.0,1521.0,2.4,0.0108,0.0061,0.0042,0.0064,0.0072,0.0099,0.477,0.0453,4,0,37.7
39157,Tuscarawas,OH,1067.0,1061.0,1056.0,1070.0,1098.0,1238.0,1367.0,1449.0,2.9,0.0079,0.0036,0.0023,0.0043,0.0068,0.0067,0.585,0.0451,7,0,37.8
39159,Union,OH,1324.0,1291.0,1306.0,1374.0,1407.0,1586.0,1751.0,1856.0,6.3,0.01,0.004,0.0038,0.0052,0.0056,0.0088,0.508,0.0463,10,1,48.1
39161,Van Wert,OH,1158.0,1157.0,1175.0,1265.0,1254.0,1413.0,1560.0,1653.0,8.3,0.0072,0.0058,0.004,0.0065,0.0081,0.0106,0.414,0.0338,7,0,46.8
39163,Vinton,OH,1270.0,1209.0,1226.0,1262.0,1306.0,1472.0,1625.0,1722.0,2.8,0.0051,0.0043,0.0048,0.0103,0.01,0.0119,0.608,0.0312,9,0,49.5
39165,Warren,OH,1313.0,1339.0,1347.0,1383.0,1417.0,1597.0,1763.0,1869.0,7.9,0.01,0.0047,0.0033,0.0042,0.0054,0.0075,0.515,0.0561,6,0,43.7
39167,Washington,OH,1187.0,1148.0,1127.0,1160.0,1168.0,1317.0,1454.0,1541.0,-1.6,0.0092,0.0051,0.0041,0.0048,0.0078,0.0164,0.415,0.0295,10,0,34.7
39169,Wayne,OH,1080.0,1056.0,1045.0,1068.0,1089.0,1227.0,1355.0,1436.0,0.8,0.009,0.0032,0.003,0.0049,0.0059,0.006,0.52,0.0438,5,0,26.8
39171,Williams,OH,1062.0,1077.0,1083.0,1129.0,1163.0,1311.0,1447.0,1534.0,9.5,0.0113,0.0059,0.0052,0.0075,0.0082,0.0115,0.383,0.0359,3,0,50.9
39173,Wood,OH,1220.0,1217.0,1222.0,1253.0,1272.0,1434.0,1583.0,1678.0,4.3,0.012,0.0044,0.0029,0.0042,0.0053,0.0071,0.366,0.0276,4,0,30.4
39175,Wyandot,OH,1164.0,1177.0,1193.0,1219.0,1237.0,1394.0,1539.0,1632.0,6.3,0.0112,0.0072,0.0019,0.0094,0.0071,0.0033,0.37,0.0238,8,0,30.3
40001,Adair,OK,1878.0,1858.0,1867.0,1885.0,1943.0,2190.0,2417.0,2562.0,3.5,0.0037,0.0073,0.0036,0.0091,0.0077,0.0146,0.475,0.0396,21,4,60.6
40003,Alfalfa,OK,2891.0,2887.0,2641.0,2707.0,2752.0,3102.0,3424.0,3630.0,-4.8,0.0041,0.0042,0.008,0.0078,0.0151,0.0164,0.238,0.0803,25,2,35.1
40005,Atoka,OK,2361.0,2347.0,2361.0,2398.0,2496.0,2813.0,3106.0,3292.0,5.7,0.01,0.0042,0.0093,0.0077,0.0144,0.0262,0.442,0.0631,19,3,63.3
40007,Beaver,OK,2852.0,2710.0,2694.0,2728.0,2783.0,3137.0,3463.0,3671.0,-2.4,0.0077,0.0077,0.0026,0.0079,0.0055,0.0266,0.461,0.1208,26,5,55.4
40009,Beckham,OK,2944.0,2886.0,2833.0,2846.0,2842.0,3203.0,3536.0,3748.0,-3.5,0.0114,0.0063,0.0065,0.0065,0.0125,0.0287,0.975,0.1405,24,3,58.1
40011,Blaine,OK,2746.0,2684.0,2682.0,2712.0,2787.0,3141.0,3468.0,3676.0,1.5,0.004,0.0066,0.0092,0.0105,0.0131,0.029,0.393,0.0742,26,3,54.1
40013,Bryan,OK,2204.0,2271.0,2319.0,2365.0,2410.0,2716.0,2999.0,3179.0,9.3,0.0094,0.0025,0.0032,0.0078,0.0086,0.0142,0.552,0.0586,19,2,67.0
40015,Caddo,OK,2620.0,2600.0,2667.0,2668.0,2728.0,3075.0,3395.0,3598.0,4.1,0.0055,0.0039,0.0043,0.009,0.0106,0.0401,0.465,0.0685,33,3,62.0
40017,Canadian,OK,3155.0,3096.0,3052.0,3001.0,3070.0,3460.0,3820.0,4049.0,-2.7,0.0047,0.0026,0.0039,0.0033,0.0049,0.0136,0.415,0.0694,28,2,41.3
40019,Carter,OK,2240.0,2314.0,2411.0,2485.0,2568.0,2894.0,3195.0,3386.0,14.6,0.0065,0.0074,0.0036,0.0084,0.0089,0.0153,0.445,0.071,23,4,74.8
40021,Cherokee,OK,1993.0,2057.0,2084.0,2094.0,2152.0,2425.0,2677.0,2838.0,8.0,0.0073,0.0061,0.0051,0.0066,0.006,0.0137,0.767,0.0517,22,3,73.0
40023,Choctaw,OK,1877.0,1831.0,1873.0,1942.0,1981.0,2232.0,2465.0,2612.0,5.5,0.0107,0.0038,0.0,0.0111,0.0119,0.0294,0.509,0.0416,16,3,66.7
40025,Cimarron,OK,2373.0,2487.0,2430.0,2417.0,2347.0,2646.0,2921.0,3096.0,-1.1,0.013,0.0129,0.0064,0.0,0.0116,0.0237,0.109,0.0342,16,3,41.6
40027,Cleveland,OK,3245.0,3145.0,3124.0,3081.0,3128.0,3525.0,3892.0,4125.0,-3.6,0.0061,0.0023,0.0034,0.004,0.006,0.0127,0.737,0.14,31,5,55.9
40029,Coal,OK,2335.0,2309.0,2212.0,2412.0,2453.0,2764.0,3052.0,3235.0,5.1,0.0035,0.0032,0.0064,0.0032,0.0066,0.0463,0.178,0.048,21,3,55.1
40031,Comanche,OK,2767.0,2733.0,2789.0,2843.0,2913.0,3282.0,3624.0,3841.0,5.3,0.0109,0.0075,0.0064,0.0069,0.0107,0.0242,0.692,0.1219,29,3,71.7
40033,Cotton,OK,2450.0,2514.0,2532.0,2642.0,2701.0,3044.0,3360.0,3562.0,10.2,0.007,0.0073,0.0049,0.012,0.023,0.0468,0.358,0.0578,26,4,70.1
40035,Craig,OK,2414.0,2449.0,2431.0,2422.0,2448.0,2759.0,3046.0,3229.0,1.4,0.0064,0.0028,0.0067,0.0071,0.01,0.0167,0.547,0.077,26,4,59.7
40037,Creek,OK,2445.0,2473.0,2528.0,2539.0,2593.0,2922.0,3226.0,3419.0,6.1,0.0074,0.0046,0.004,0.0076,0.0069,0.0123,0.477,0.0582,37,7,66.3
40039,Custer,OK,2918.0,2916.0,2919.0,2897.0,2896.0,3264.0,3603.0,3819.0,-0.8,0.0122,0.0035,0.0046,0.0065,0.0084,0.0184,0.351,0.0639,24,3,45.3
40041,Delaware,OK,2486.0,2485.0,2496.0,2466.0,2485.0,2800.0,3091.0,3277.0,-0.0,0.0083,0.0052,0.0041,0.006,0.0066,0.0134,0.785,0.0926,27,4,59.8
40043,Dewey,OK,2579.0,2614.0,2446.0,2442.0,2451.0,2762.0,3049.0,3232.0,-5.0,0.0105,0.0071,0.0,0.0066,0.0198,0.0381,0.892,0.0775,30,4,59.8
40045,Ellis,OK,3033.0,3122.0,2917.0,2834.0,2856.0,3218.0,3553.0,3766.0,-5.8,0.0038,0.0108,0.0038,0.0073,0.0074,0.0302,0.232,0.0669,25,4,41.0
40047,Garfield,OK,2768.0,2673.0,2635.0,2605.0,2569.0,2895.0,3196.0,3388.0,-7.2,0.0071,0.0043,0.0056,0.0062,0.0071,0.0117,0.236,0.0469,19,2,30.8
40049,Garvin,OK,2240.0,2270.0,2322.0,2364.0,2472.0,2786.0,3076.0,3260.0,10.4,0.0069,0.0053,0.0069,0.0078,0.0078,0.0212,0.589,0.0638,25,3,74.9
40051,Grady,OK,2988.0,2952.0,2917.0,2918.0,2946.0,3320.0,3665.0,3885.0,-1.4,0.0064,0.0036,0.0044,0.0061,0.009,0.0207,0.613,0.1002,29,3,55.6
40053,Grant,OK,2922.0,2931.0,3157.0,3086.0,3308.0,3728.0,4116.0,4363.0,13.2,0.0,0.0065,0.0122,0.0091,0.0134,0.0351,0.368,0.0352,23,2,67.3
40055,Greer,OK,2434.0,2472.0,2565.0,2670.0,2713.0,3058.0,3376.0,3578.0,11.5,0.0141,0.0072,0.0106,0.0103,0.021,0.0517,0.698,0.0961,18,2,79.2
40057,Harmon,OK,2816.0,2558.0,2648.0,2703.0,2656.0,2993.0,3304.0,3503.0,-5.7,0.0169,0.0,0.0,0.0,0.0167,0.0862,0.7,0.1099,16,2,53.1
40059,Harper,OK,2637.0,2443.0,2574.0,2608.0,2487.0,2802.0,3094.0,3279.0,-5.7,0.007,0.007,0.0152,0.0072,0.0141,0.0278,0.376,0.0723,17,3,44.1
40061,Haskell,OK,2153.0,2213.0,2190.0,2262.0,2276.0,2565.0,2832.0,3002.0,5.7,0.0084,0.0041,0.0026,0.0049,0.0073,0.0229,0.462,0.0461,25,3,65.8
40063,Hughes,OK,2102.0,2219.0,2298.0,2384.0,2486.0,2801.0,3093.0,3278.0,18.3,0.0079,0.0043,0.0051,0.0082,0.0171,0.0293,0.687,0.0485,22,3,85.5
40065,Jackson,OK,2852.0,2912.0,2966.0,3048.0,3186.0,3590.0,3964.0,4202.0,11.7,0.0111,0.008,0.0066,0.0046,0.0138,0.0377,0.356,0.0824,23,3,69.7
40067,Jefferson,OK,2758.0,2739.0,2887.0,2908.0,3026.0,3410.0,3765.0,3991.0,9.7,0.0,0.0091,0.0092,0.006,0.015,0.0784,0.388,0.0541,21,4,71.5
40069,Johnston,OK,2280.0,2289.0,2332.0,2401.0,2455.0,2766.0,3054.0,3237.0,7.7,0.0115,0.0063,0.0048,0.0074,0.0227,0.0267,0.578,0.0601,17,3,72.5
40071,Kay,OK,2524.0,2391.0,2343.0,2320.0,2286.0,2577.0,2845.0,3015.0,-9.4,0.0076,0.0039,0.0048,0.0071,0.0092,0.0255,0.378,0.0653,27,3,44.0
40073,Kingfisher,OK,3063.0,3012.0,2906.0,2871.0,2902.0,3271.0,3611.0,3827.0,-5.3,0.0065,0.0032,0.005,0.0031,0.0076,0.0136,0.273,0.0502,24,2,32.4
40075,Kiowa,OK,2787.0,2773.0,2915.0,3031.0,3120.0,3516.0,3882.0,4114.0,11.9,0.0081,0.0016,0.0068,0.0151,0.0133,0.0773,0.979,0.1892,28,3,83.5
40077,Latimer,OK,1971.0,2017.0,2096.0,2146.0,2246.0,2531.0,2794.0,2962.0,14.0,0.0134,0.0038,0.0114,0.0072,0.0054,0.02,0.669,0.028,19,2,78.2
40079,Le Flore,OK,1904.0,1925.0,1994.0,2023.0,2105.0,2372.0,2619.0,2776.0,10.6,0.0057,0.0045,0.0025,0.0041,0.0065,0.0126,0.741,0.0709,22,2,71.7
40081,Lincoln,OK,2421.0,2466.0,2485.0,2505.0,2585.0,2913.0,3216.0,3409.0,6.8,0.0056,0.0029,0.0044,0.0058,0.0118,0.0189,0.414,0.0495,32,7,68.7
40083,Logan,OK,3697.0,3534.0,3515.0,3473.0,3509.0,3954.0,4366.0,4628.0,-5.1,0.0053,0.0056,0.004,0.006,0.0088,0.0094,0.405,0.0779,35,6,40.9
40085,Love,OK,2471.0,2415.0,2482.0,2493.0,2457.0,2770.0,3058.0,3241.0,-0.6,0.0114,0.0082,0.0062,0.0077,0.0074,0.0135,0.284,0.0576,20,4,43.3
40087,McClain,OK,3129.0,3003.0,2980.0,2996.0,3009.0,3392.0,3744.0,3969.0,-3.8,0.0106,0.0047,0.0047,0.0045,0.0061,0.0124,0.619,0.0926,32,5,53.4
40089,McCurtain,OK,2074.0,2137.0,2180.0,2274.0,2394.0,2698.0,2978.0,3157.0,15.4,0.0057,0.0054,0.0021,0.0063,0.0119,0.0268,0.692,0.0453,18,3,83.8
40091,McIntosh,OK,2188.0,2217.0,2206.0,2220.0,2289.0,2579.0,2847.0,3018.0,4.6,0.005,0.0031,0.0048,0.0046,0.0081,0.0165,0.469,0.0417,27,3,62.4
40093,Major,OK,2817.0,2831.0,2796.0,2830.0,2843.0,3204.0,3537.0,3749.0,0.9,0.011,0.0064,0.0021,0.0021,0.0106,0.0164,0.21,0.0483,25,3,44.1
40095,Marshall,OK,2276.0,2327.0,2261.0,2258.0,2322.0,2617.0,2889.0,3062.0,2.0,0.0082,0.0071,0.0027,0.0034,0.008,0.0177,0.567,0.0452,13,2,55.4
40097,Mayes,OK,2105.0,2141.0,2197.0,2185.0,2208.0,2488.0,2747.0,2912.0,4.9,0.0077,0.0057,0.006,0.008,0.0091,0.0139,0.433,0.0542,24,4,61.0
40099,Murray,OK,2218.0,2285.0,2333.0,2425.0,2460.0,2772.0,3061.0,3244.0,10.9,0.0081,0.0015,0.0022,0.0035,0.0072,0.0199,0.344,0.0505,19,4,69.2
40101,Muskogee,OK,2110.0,2149.0,2186.0,2198.0,2246.0,2532.0,2795.0,2963.0,6.4,0.0076,0.0048,0.0035,0.0055,0.0088,0.0151,0.475,0.0406,30,5,68.7
40103,Noble,OK,2696.0,2609.0,2637.0,2670.0,2776.0,3129.0,3454.0,3662.0,3.0,0.0048,0.0024,0.0023,0.0069,0.0101,0.0272,0.306,0.0555,22,2,50.3
40105,Nowata,OK,2007.0,2047.0,2024.0,2073.0,2113.0,2382.0,2629.0,2787.0,5.3,0.0094,0.0071,0.0023,0.0089,0.0088,0.0242,0.425,0.0333,26,3,62.2
40107,Okfuskee,OK,2247.0,2250.0,2370.0,2446.0,2421.0,2728.0,3012.0,3193.0,7.7,0.0111,0.0113,0.0064,0.0075,0.0179,0.0293,0.555,0.0532,33,4,75.3
40109,Oklahoma,OK,3459.0,3338.0,3284.0,3273.0,3298.0,3717.0,4103.0,4350.0,-4.7,0.0059,0.0033,0.0042,0.0055,0.0072,0.0181,0.427,0.0903,40,6,50.9
40111,Okmulgee,OK,2232.0,2251.0,2331.0,2371.0,2427.0,2735.0,3019.0,3201.0,8.7,0.0092,0.0049,0.0039,0.0082,0.0117,0.0239,0.561,0.0589,31,4,76.1
40113,Osage,OK,2321.0,2315.0,2357.0,2336.0,2383.0,2685.0,2964.0,3142.0,2.7,0.0087,0.0053,0.0047,0.0063,0.0077,0.0159,0.432,0.0532,29,5,58.4
40115,Ottawa,OK,2054.0,2078.0,2141.0,2165.0,2184.0,2461.0,2717.0,2880.0,6.3,0.0137,0.0079,0.0066,0.0091,0.0093,0.0183,0.688,0.0738,26,3,70.7
40117,Pawnee,OK,2429.0,2416.0,2418.0,2453.0,2538.0,2860.0,3158.0,3347.0,4.5,0.0094,0.0039,0.0059,0.0034,0.0113,0.0222,0.504,0.0552,29,7,69.4
40119,Payne,OK,2391.0,2406.0,2441.0,2468.0,2548.0,2872.0,3170.0,3360.0,6.6,0.006,0.0026,0.002,0.0045,0.0049,0.011,0.413,0.0611,27,7,62.6
40121,Pittsburg,OK,1935.0,2025.0,2056.0,2077.0,2145.0,2417.0,2669.0,2829.0,10.9,0.0082,0.0085,0.006,0.0091,0.0105,0.0158,0.514,0.0535,25,3,71.7
40123,Pontotoc,OK,2356.0,2459.0,2614.0,2592.0,2628.0,2961.0,3269.0,3466.0,11.5,0.0133,0.0044,0.0037,0.0056,0.0051,0.0135,0.327,0.0468,19,3,62.6
40125,Pottawatomie,OK,2433.0,2472.0,2505.0,2555.0,2604.0,2935.0,3240.0,3434.0,7.0,0.0069,0.0045,0.0033,0.0055,0.0054,0.0142,0.515,0.056,34,7,71.7
40127,Pushmataha,OK,1885.0,1881.0,1892.0,1914.0,1960.0,2209.0,2439.0,2585.0,4.0,0.0103,0.0023,0.0043,0.0144,0.0123,0.0117,0.62,0.0493,23,3,60.0
40129,Roger Mills,OK,2844.0,2824.0,2898.0,2964.0,2960.0,3336.0,3683.0,3904.0,4.1,0.007,0.0073,0.0,0.0,0.0,0.0316,0.259,0.0553,28,4,54.9
40131,Rogers,OK,2244.0,2290.0,2340.0,2339.0,2382.0,2684.0,2963.0,3141.0,6.1,0.0075,0.0044,0.0039,0.0053,0.0036,0.0054,0.52,0.0601,23,4,51.4
40133,Seminole,OK,2287.0,2382.0,2467.0,2494.0,2608.0,2940.0,3245.0,3440.0,14.0,0.0067,0.0051,0.0039,0.0101,0.0106,0.0341,0.567,0.0703,26,4,82.7
40135,Sequoyah,OK,2026.0,2053.0,2094.0,2109.0,2166.0,2441.0,2694.0,2856.0,6.9,0.0069,0.0049,0.004,0.0084,0.0071,0.0148,0.697,0.0621,23,2,67.4
40137,Stephens,OK,2757.0,2752.0,2806.0,2871.0,2916.0,3287.0,3629.0,3846.0,5.8,0.0091,0.0048,0.003,0.0065,0.0074,0.0241,0.672,0.1124,28,5,75.5
40139,Texas,OK,2756.0,2693.0,2824.0,2976.0,3031.0,3416.0,3771.0,3998.0,10.0,0.0142,0.0006,0.0029,0.0087,0.008,0.0109,0.269,0.0775,19,4,56.9
40141,Tillman,OK,2520.0,2427.0,2438.0,2451.0,2451.0,2762.0,3050.0,3233.0,-2.7,0.0052,0.0155,0.0052,0.0129,0.0206,0.0419,0.3,0.0736,27,3,43.7
40143,Tulsa,OK,2325.0,2344.0,2397.0,2413.0,2441.0,2751.0,3037.0,3219.0,5.0,0.0078,0.0039,0.0037,0.0054,0.0051,0.0078,0.437,0.0637,23,4,50.2
40145,Wagoner,OK,2162.0,2206.0,2261.0,2272.0,2311.0,2605.0,2876.0,3048.0,6.9,0.0093,0.0044,0.0028,0.005,0.0045,0.0063,0.419,0.0477,23,4,49.1
40147,Washington,OK,1944.0,2005.0,2109.0,2147.0,2158.0,2432.0,2685.0,2846.0,11.0,0.0091,0.0039,0.0036,0.0041,0.0034,0.0056,0.397,0.0441,23,5,53.2
40149,Washita,OK,2710.0,2647.0,2716.0,2762.0,2785.0,3139.0,3465.0,3673.0,2.8,0.0095,0.0011,0.0011,0.0055,0.0142,0.0449,0.473,0.0772,29,4,61.9
40151,Woods,OK,2877.0,2731.0,2739.0,2706.0,2734.0,3081.0,3402.0,3606.0,-5.0,0.0053,0.0054,0.0133,0.001,0.0093,0.0253,0.21,0.0297,21,3,39.4
40153,Woodward,OK,3098.0,2993.0,3003.0,2907.0,2896.0,3264.0,3604.0,3820.0,-6.5,0.0071,0.0031,0.0062,0.0047,0.0058,0.02,0.211,0.056,26,5,41.3
41001,Baker,OR,909.0,941.0,1003.0,1082.0,1166.0,1314.0,1450.0,1537.0,28.3,0.0107,0.0072,0.0032,0.0087,0.0057,0.0069,0.437,0.028,6,1,56.5
41003,Benton,OR,967.0,972.0,975.0,1012.0,1020.0,1150.0,1269.0,1346.0,5.5,0.0068,0.004,0.0025,0.0024,0.0029,0.0032,0.284,0.0179,9,2,29.7
41005,Clackamas,OR,1145.0,1165.0,1196.0,1248.0,1315.0,1482.0,1636.0,1734.0,14.8,0.0074,0.0056,0.0031,0.0045,0.0046,0.0054,0.67,0.0389,16,4,65.0
41007,Clatsop,OR,1160.0,1202.0,1228.0,1296.0,1348.0,1519.0,1677.0,1777.0,16.2,0.0073,0.0054,0.0033,0.0069,0.0073,0.0067,0.408,0.0213,10,1,52.2
41009,Columbia,OR,1028.0,1048.0,1067.0,1121.0,1176.0,1325.0,1463.0,1551.0,14.4,0.0097,0.0081,0.003,0.0042,0.0051,0.0062,0.497,0.0185,10,0,48.9
41011,Coos,OR,996.0,1013.0,1024.0,1063.0,1095.0,1235.0,1363.0,1445.0,9.9,0.0068,0.0081,0.0048,0.0064,0.0054,0.0085,0.398,0.0191,10,2,54.3
41013,Crook,OR,1083.0,1093.0,1154.0,1248.0,1329.0,1498.0,1654.0,1753.0,22.7,0.0044,0.0045,0.0034,0.0039,0.0079,0.0082,0.23,0.0203,6,2,54.1
41015,Curry,OR,1144.0,1171.0,1188.0,1197.0,1211.0,1365.0,1507.0,1598.0,5.9,0.0074,0.0052,0.0034,0.0048,0.006,0.0069,0.341,0.0182,11,1,34.8
41017,Deschutes,OR,1034.0,1072.0,1103.0,1178.0,1257.0,1417.0,1564.0,1658.0,21.6,0.0076,0.0055,0.0037,0.0032,0.0077,0.0083,0.566,0.0358,14,4,72.6
41019,Douglas,OR,903.0,932.0,947.0,999.0,1029.0,1160.0,1280.0,1357.0,14.0,0.0084,0.007,0.0038,0.0049,0.006,0.0081,0.573,0.0365,17,1,59.1
41021,Gilliam,OR,932.0,937.0,987.0,1013.0,1113.0,1255.0,1385.0,1468.0,19.4,0.0045,0.0082,0.0038,0.0034,0.0032,0.0031,0.339,0.0226,5,2,47.1
41023,Grant,OR,1014.0,1047.0,1085.0,1183.0,1228.0,1384.0,1528.0,1620.0,21.1,0.0035,0.0108,0.0045,0.0087,0.0097,0.0117,0.328,0.0167,10,5,71.3
41025,Harney,OR,1002.0,1000.0,1029.0,1079.0,1165.0,1312.0,1449.0,1536.0,16.3,0.0092,0.0062,0.0024,0.0045,0.0086,0.0086,0.307,0.0237,4,1,51.3
41027,Hood River,OR,1027.0,1066.0,1093.0,1156.0,1240.0,1398.0,1543.0,1636.0,20.7,0.0116,0.008,0.0016,0.0044,0.0043,0.0148,0.473,0.0225,12,2,73.1
41029,Jackson,OR,938.0,967.0,1002.0,1058.0,1112.0,1253.0,1384.0,1467.0,18.6,0.0074,0.0065,0.0041,0.0046,0.0048,0.0093,0.963,0.0367,14,1,70.9
41031,Jefferson,OR,993.0,996.0,1027.0,1099.0,1156.0,1303.0,1438.0,1525.0,16.4,0.004,0.0052,0.0025,0.0051,0.0149,0.009,1.047,0.0542,15,3,75.6
41033,Josephine,OR,1036.0,1063.0,1091.0,1139.0,1215.0,1370.0,1512.0,1603.0,17.3,0.0118,0.0116,0.0041,0.006,0.0109,0.024,0.501,0.0259,17,1,72.5
41035,Klamath,OR,1007.0,1022.0,1037.0,1090.0,1137.0,1282.0,1415.0,1500.0,12.9,0.0094,0.0078,0.0051,0.0052,0.0068,0.0125,0.514,0.0252,11,3,71.6
41037,Lake,OR,1092.0,1130.0,1144.0,1220.0,1211.0,1365.0,1507.0,1597.0,10.9,0.0086,0.0057,0.0061,0.0142,0.0081,0.01,0.278,0.0186,7,2,51.5
41039,Lane,OR,965.0,982.0,1013.0,1048.0,1093.0,1232.0,1360.0,1441.0,13.3,0.0077,0.0069,0.0044,0.0036,0.004,0.005,0.68,0.0403,14,3,61.8
41041,Lincoln,OR,1074.0,1095.0,1103.0,1141.0,1179.0,1329.0,1467.0,1555.0,9.8,0.008,0.0072,0.0054,0.0054,0.0058,0.0061,0.535,0.0294,15,2,52.2
41043,Linn,OR,950.0,969.0,995.0,1034.0,1084.0,1222.0,1349.0,1430.0,14.1,0.009,0.0059,0.0042,0.0044,0.0047,0.0068,0.604,0.0288,15,3,63.5
41045,Malheur,OR,964.0,975.0,1025.0,1129.0,1175.0,1324.0,1462.0,1549.0,21.9,0.0085,0.0073,0.0028,0.0088,0.0108,0.0149,0.557,0.041,3,1,73.3
41047,Marion,OR,954.0,971.0,981.0,1027.0,1059.0,1194.0,1318.0,1397.0,11.0,0.0075,0.0055,0.0033,0.0042,0.0036,0.005,0.75,0.0483,9,2,54.7
41049,Morrow,OR,952.0,978.0,987.0,1033.0,1051.0,1185.0,1308.0,1386.0,10.4,0.0077,0.0064,0.0051,0.008,0.0102,0.0076,0.483,0.0518,4,2,55.7
41051,Multnomah,OR,1137.0,1169.0,1199.0,1246.0,1297.0,1462.0,1614.0,1711.0,14.1,0.0101,0.0058,0.0031,0.0043,0.0042,0.0068,0.467,0.0269,7,1,53.8
41053,Polk,OR,942.0,949.0,971.0,998.0,1034.0,1165.0,1286.0,1364.0,9.8,0.0071,0.0065,0.0034,0.0035,0.0028,0.004,0.552,0.0285,10,2,50.3
41055,Sherman,OR,1182.0,1152.0,1124.0,1101.0,1199.0,1351.0,1491.0,1581.0,1.4,0.0087,0.0042,0.0039,0.0111,0.0142,0.0166,0.254,0.0245,5,1,39.0
41057,Tillamook,OR,1131.0,1161.0,1175.0,1197.0,1265.0,1426.0,1574.0,1669.0,11.8,0.0056,0.0052,0.0024,0.0046,0.0057,0.0066,0.412,0.0186,15,2,51.3
41059,Umatilla,OR,901.0,922.0,945.0,1007.0,1051.0,1185.0,1308.0,1386.0,16.6,0.007,0.0062,0.004,0.0077,0.0076,0.006,0.485,0.0352,7,2,56.2
41061,Union,OR,980.0,1018.0,1051.0,1092.0,1155.0,1302.0,1438.0,1524.0,17.9,0.0085,0.0063,0.0044,0.0087,0.0094,0.0093,0.576,0.0252,4,1,66.3
41063,Wallowa,OR,1109.0,1170.0,1188.0,1232.0,1315.0,1482.0,1636.0,1734.0,18.6,0.0068,0.0108,0.0029,0.0047,0.0114,0.015,0.557,0.0559,4,0,68.9
41065,Wasco,OR,1029.0,1055.0,1082.0,1124.0,1192.0,1343.0,1483.0,1572.0,15.8,0.0043,0.0077,0.0038,0.0049,0.0128,0.0114,0.593,0.0224,18,6,80.0
41067,Washington,OR,1012.0,1039.0,1057.0,1103.0,1154.0,1300.0,1436.0,1522.0,14.0,0.009,0.0038,0.0021,0.0034,0.0031,0.0044,0.454,0.023,9,1,47.6
41069,Wheeler,OR,1048.0,1044.0,1065.0,1100.0,1233.0,1390.0,1535.0,1627.0,17.7,0.0,0.0058,0.0,0.0095,0.0045,0.014,0.392,0.0167,8,3,70.9
41071,Yamhill,OR,1056.0,1074.0,1082.0,1117.0,1148.0,1294.0,1429.0,1515.0,8.7,0.0072,0.0042,0.0033,0.0047,0.0045,0.0051,0.56,0.0252,12,3,52.3
42001,Adams,PA,959.0,953.0,956.0,973.0,978.0,1102.0,1217.0,1290.0,2.0,0.0025,0.0032,0.0024,0.0022,0.0027,0.0033,0.491,0.0402,10,0,26.8
42003,Allegheny,PA,1069.0,1073.0,1078.0,1076.0,1093.0,1231.0,1359.0,1441.0,2.2,0.0034,0.0033,0.0026,0.0027,0.0032,0.0043,0.44,0.0499,6,0,26.0
42005,Armstrong,PA,899.0,898.0,904.0,919.0,929.0,1047.0,1156.0,1225.0,3.3,0.0036,0.0027,0.0041,0.0045,0.0044,0.0048,0.334,0.0293,6,0,21.1
42007,Beaver,PA,950.0,955.0,962.0,976.0,990.0,1116.0,1232.0,1305.0,4.2,0.003,0.0034,0.0034,0.0033,0.0037,0.0056,0.392,0.0367,5,0,30.1
42009,Bedford,PA,916.0,912.0,912.0,937.0,933.0,1051.0,1160.0,1230.0,1.9,0.0035,0.0034,0.0037,0.0024,0.0025,0.0042,0.32,0.025,11,1,21.3
42011,Berks,PA,1050.0,1055.0,1064.0,1072.0,1089.0,1227.0,1355.0,1436.0,3.7,0.003,0.0028,0.0022,0.0026,0.0023,0.0036,0.568,0.0532,11,0,32.3
42013,Blair,PA,859.0,864.0,864.0,884.0,892.0,1005.0,1110.0,1176.0,3.8,0.0028,0.0028,0.0027,0.0025,0.0028,0.0033,0.348,0.028,9,0,24.3
42015,Bradford,PA,979.0,966.0,975.0,1000.0,1006.0,1134.0,1252.0,1327.0,2.8,0.0039,0.0041,0.0045,0.0035,0.004,0.0073,0.402,0.0257,13,0,29.5
42017,Bucks,PA,1677.0,1678.0,1701.0,1708.0,1717.0,1935.0,2136.0,2264.0,2.4,0.0015,0.0019,0.0014,0.0018,0.0017,0.0021,0.562,0.0615,15,1,33.3
42019,Butler,PA,1022.0,1023.0,1025.0,1037.0,1041.0,1173.0,1295.0,1373.0,1.9,0.0028,0.0025,0.0026,0.0021,0.0023,0.0031,0.431,0.0391,5,0,23.9
42021,Cambria,PA,844.0,841.0,839.0,852.0,860.0,969.0,1070.0,1135.0,1.9,0.003,0.0036,0.0034,0.0032,0.0039,0.0041,0.376,0.0318,8,1,24.2
42023,Cameron,PA,834.0,823.0,812.0,812.0,815.0,918.0,1014.0,1074.0,-2.3,0.0033,0.0034,0.0182,0.0117,0.007,0.0062,0.306,0.0249,6,1,18.9
42025,Carbon,PA,1077.0,1095.0,1101.0,1100.0,1130.0,1274.0,1406.0,1491.0,4.9,0.0034,0.0035,0.0033,0.0037,0.0038,0.0051,0.344,0.0348,7,0,25.5
42027,Centre,PA,970.0,966.0,970.0,981.0,986.0,1111.0,1226.0,1300.0,1.6,0.0017,0.0017,0.0021,0.0014,0.0048,0.0035,0.254,0.0263,7,0,15.8
42029,Chester,PA,1656.0,1640.0,1640.0,1651.0,1665.0,1877.0,2072.0,2196.0,0.5,0.0017,0.0017,0.0012,0.0017,0.0018,0.0024,0.508,0.0577,15,1,28.9
42031,Clarion,PA,949.0,939.0,945.0,939.0,950.0,1071.0,1182.0,1253.0,0.1,0.0036,0.0045,0.0142,0.0035,0.004,0.005,0.288,0.0238,5,0,14.2
42033,Clearfield,PA,918.0,908.0,911.0,921.0,928.0,1046.0,1155.0,1224.0,1.1,0.0034,0.0035,0.0044,0.004,0.0036,0.0066,0.361,0.0298,6,1,27.9
42035,Clinton,PA,809.0,807.0,802.0,820.0,821.0,925.0,1021.0,1083.0,1.5,0.0049,0.0032,0.0071,0.0038,0.0053,0.0073,0.337,0.0294,7,0,26.0
42037,Columbia,PA,945.0,943.0,946.0,964.0,963.0,1086.0,1199.0,1270.0,1.9,0.0027,0.0029,0.0023,0.0029,0.0044,0.0063,0.406,0.0381,10,0,25.9
42039,Crawford,PA,1005.0,1007.0,1002.0,1007.0,1009.0,1137.0,1255.0,1330.0,0.4,0.002,0.0037,0.0049,0.0041,0.0038,0.005,0.404,0.0304,6,0,18.8
42041,Cumberland,PA,965.0,961.0,963.0,970.0,984.0,1109.0,1224.0,1298.0,2.0,0.0025,0.0018,0.0016,0.0017,0.002,0.0025,0.369,0.033,9,0,20.7
42043,Dauphin,PA,980.0,977.0,985.0,1001.0,1023.0,1153.0,1273.0,1350.0,4.4,0.004,0.0031,0.0021,0.0032,0.0037,0.0043,0.415,0.0367,12,1,31.3
42045,Delaware,PA,1741.0,1742.0,1741.0,1750.0,1778.0,2004.0,2213.0,2346.0,2.1,0.0025,0.0023,0.002,0.0019,0.0022,0.0034,0.472,0.0626,13,1,31.2
42047,Elk,PA,872.0,869.0,871.0,875.0,874.0,985.0,1088.0,1153.0,0.2,0.0016,0.0031,0.0092,0.0051,0.0038,0.0048,0.389,0.0288,5,1,23.7
42049,Erie,PA,994.0,984.0,977.0,982.0,985.0,1110.0,1226.0,1299.0,-0.9,0.004,0.0031,0.0024,0.0037,0.0033,0.0051,0.511,0.046,4,0,23.1
42051,Fayette,PA,1034.0,1039.0,1045.0,1052.0,1058.0,1193.0,1317.0,1396.0,2.3,0.0035,0.0039,0.0051,0.0036,0.0045,0.0062,0.531,0.0406,8,0,31.7
42053,Forest,PA,873.0,846.0,841.0,826.0,827.0,932.0,1028.0,1090.0,-5.3,0.0034,0.0,0.0185,0.0032,0.004,0.0029,0.235,0.019,6,0,6.2
42055,Franklin,PA,901.0,882.0,892.0,902.0,910.0,1026.0,1132.0,1200.0,1.0,0.003,0.0025,0.0016,0.0023,0.0033,0.0035,0.364,0.0334,10,0,19.2
42057,Fulton,PA,971.0,963.0,959.0,973.0,968.0,1091.0,1205.0,1277.0,-0.3,0.0025,0.0032,0.0049,0.003,0.004,0.003,0.562,0.0404,10,1,28.0
42059,Greene,PA,1040.0,1033.0,1033.0,1064.0,1069.0,1205.0,1331.0,1410.0,2.8,0.0039,0.0028,0.0065,0.0052,0.0053,0.0055,0.333,0.0323,6,0,20.7
42061,Huntingdon,PA,897.0,886.0,881.0,909.0,917.0,1033.0,1140.0,1209.0,2.2,0.0034,0.0023,0.0053,0.0057,0.0037,0.0044,0.372,0.0219,11,1,27.5
42063,Indiana,PA,947.0,946.0,943.0,946.0,961.0,1083.0,1196.0,1268.0,1.5,0.0027,0.0033,0.0042,0.0034,0.0037,0.0041,0.339,0.0273,7,1,21.2
42065,Jefferson,PA,901.0,910.0,907.0,907.0,909.0,1024.0,1131.0,1199.0,0.9,0.0032,0.0029,0.0089,0.002,0.0042,0.0047,0.332,0.0237,5,0,16.4
42067,Juniata,PA,886.0,888.0,891.0,915.0,904.0,1019.0,1125.0,1192.0,2.0,0.0029,0.0014,0.0055,0.0027,0.0046,0.004,0.279,0.0214,10,0,18.7
42069,Lackawanna,PA,1168.0,1160.0,1163.0,1161.0,1181.0,1331.0,1469.0,1557.0,1.1,0.0029,0.0031,0.0032,0.0031,0.004,0.0047,0.496,0.0552,11,0,25.9
42071,Lancaster,PA,943.0,943.0,951.0,971.0,987.0,1112.0,1228.0,1301.0,4.7,0.0021,0.0021,0.0015,0.002,0.0017,0.0023,0.557,0.0484,11,0,32.0
42073,Lawrence,PA,1007.0,1001.0,1000.0,1014.0,1030.0,1161.0,1281.0,1358.0,2.3,0.0039,0.0045,0.0041,0.0049,0.004,0.0053,0.439,0.0392,6,0,27.6
42075,Lebanon,PA,920.0,917.0,920.0,941.0,952.0,1073.0,1184.0,1256.0,3.5,0.0028,0.0017,0.0015,0.002,0.0015,0.0023,0.383,0.0308,10,0,21.8
42077,Lehigh,PA,1150.0,1158.0,1171.0,1177.0,1194.0,1345.0,1485.0,1574.0,3.8,0.0029,0.0032,0.0023,0.0023,0.0025,0.0032,0.744,0.0743,9,0,33.7
42079,Luzerne,PA,1017.0,1023.0,1030.0,1049.0,1070.0,1206.0,1331.0,1411.0,5.2,0.0034,0.0032,0.0035,0.004,0.0036,0.0049,0.492,0.0498,12,1,36.9
42081,Lycoming,PA,910.0,900.0,900.0,916.0,924.0,1042.0,1150.0,1219.0,1.5,0.0027,0.0031,0.0031,0.0029,0.0023,0.0033,0.269,0.0265,11,1,18.1
42083,McKean,PA,949.0,949.0,959.0,964.0,978.0,1102.0,1217.0,1290.0,3.1,0.001,0.0036,0.0083,0.0042,0.0078,0.0059,0.248,0.0228,5,0,22.9
42085,Mercer,PA,1012.0,1007.0,1009.0,1016.0,1019.0,1148.0,1268.0,1344.0,0.7,0.0036,0.0038,0.0027,0.0032,0.0038,0.0043,0.579,0.048,5,0,26.7
42087,Mifflin,PA,806.0,800.0,801.0,826.0,826.0,931.0,1028.0,1090.0,2.5,0.0034,0.0027,0.0038,0.0041,0.0044,0.004,0.305,0.0261,7,0,19.3
42089,Monroe,PA,1344.0,1336.0,1346.0,1353.0,1388.0,1564.0,1727.0,1830.0,3.3,0.0042,0.0036,0.0029,0.0033,0.0027,0.0053,0.488,0.0497,11,0,32.0
42091,Montgomery,PA,1697.0,1694.0,1702.0,1709.0,1718.0,1936.0,2138.0,2266.0,1.2,0.002,0.0017,0.0016,0.0018,0.002,0.0024,0.636,0.0735,17,1,33.3
42093,Montour,PA,977.0,982.0,960.0,979.0,986.0,1111.0,1227.0,1300.0,0.9,0.0027,0.003,0.0023,0.0015,0.0022,0.0027,0.328,0.0252,9,0,14.2
42095,Northampton,PA,1166.0,1170.0,1176.0,1187.0,1202.0,1354.0,1495.0,1585.0,3.1,0.0031,0.0032,0.0025,0.002,0.0024,0.0036,0.41,0.0441,15,1,30.5
42097,Northumberland,PA,847.0,850.0,857.0,877.0,881.0,992.0,1096.0,1161.0,4.0,0.003,0.0035,0.002,0.0051,0.0061,0.0051,0.367,0.0358,8,0,27.3
42099,Perry,PA,935.0,935.0,929.0,943.0,949.0,1070.0,1181.0,1252.0,1.5,0.0036,0.0034,0.0036,0.0031,0.004,0.0039,0.38,0.027,10,0,18.5
42101,Philadelphia,PA,1718.0,1736.0,1757.0,1767.0,1800.0,2028.0,2239.0,2374.0,4.8,0.0033,0.003,0.0021,0.0025,0.0027,0.0034,0.421,0.0567,15,1,31.7
42103,Pike,PA,1336.0,1326.0,1326.0,1329.0,1344.0,1515.0,1672.0,1773.0,0.6,0.003,0.0029,0.0031,0.0034,0.0032,0.0044,0.361,0.0389,9,0,19.2
42105,Potter,PA,945.0,929.0,935.0,941.0,951.0,1072.0,1183.0,1254.0,0.6,0.0037,0.0045,0.0114,0.0051,0.0063,0.0056,0.287,0.0189,7,1,21.6
42107,Schuylkill,PA,992.0,997.0,1005.0,1017.0,1031.0,1162.0,1283.0,1360.0,3.9,0.0028,0.0035,0.0045,0.0046,0.0048,0.0061,0.371,0.0346,12,1,33.5
42109,Snyder,PA,866.0,855.0,866.0,877.0,880.0,992.0,1095.0,1160.0,1.6,0.0045,0.0022,0.0018,0.0038,0.002,0.0039,0.637,0.0477,7,0,29.4
42111,Somerset,PA,918.0,921.0,928.0,938.0,954.0,1075.0,1187.0,1258.0,3.9,0.0029,0.0028,0.0051,0.0046,0.0032,0.0057,0.429,0.0308,9,0,29.5
42113,Sullivan,PA,1134.0,1084.0,1096.0,1088.0,1093.0,1232.0,1360.0,1442.0,-3.6,0.0014,0.002,0.0079,0.0019,0.007,0.0039,0.374,0.0249,16,1,15.3
42115,Susquehanna,PA,1119.0,1110.0,1126.0,1132.0,1139.0,1284.0,1417.0,1502.0,1.8,0.0022,0.0048,0.0045,0.0035,0.0032,0.0057,0.465,0.0355,13,1,29.7
42117,Tioga,PA,916.0,918.0,919.0,943.0,946.0,1066.0,1177.0,1248.0,3.3,0.0033,0.0033,0.0042,0.0047,0.0027,0.0068,0.523,0.0229,11,1,37.6
42119,Union,PA,892.0,885.0,890.0,906.0,906.0,1021.0,1127.0,1194.0,1.6,0.0027,0.002,0.0012,0.0019,0.0038,0.0037,0.395,0.0297,8,1,23.7
42121,Venango,PA,977.0,972.0,976.0,986.0,991.0,1117.0,1233.0,1307.0,1.4,0.0034,0.0045,0.0049,0.0022,0.0037,0.0045,0.348,0.0282,6,0,19.9
42123,Warren,PA,920.0,916.0,918.0,925.0,924.0,1042.0,1150.0,1219.0,0.4,0.0031,0.0027,0.0078,0.006,0.0049,0.0058,0.38,0.0282,5,0,20.3
42125,Washington,PA,1013.0,1017.0,1021.0,1028.0,1042.0,1174.0,1296.0,1374.0,2.9,0.003,0.0035,0.0027,0.0028,0.0038,0.0042,0.601,0.0569,5,0,30.9
42127,Wayne,PA,1321.0,1308.0,1297.0,1298.0,1318.0,1485.0,1640.0,1738.0,-0.2,0.0024,0.0028,0.0042,0.0031,0.0032,0.0043,0.353,0.0285,13,1,21.7
42129,Westmoreland,PA,971.0,974.0,976.0,981.0,996.0,1123.0,1239.0,1314.0,2.6,0.0032,0.003,0.0029,0.0032,0.0036,0.0044,0.42,0.0415,7,0,22.8
42131,Wyoming,PA,1172.0,1161.0,1170.0,1169.0,1183.0,1333.0,1472.0,1560.0,0.9,0.004,0.0048,0.0051,0.0077,0.0057,0.0052,0.507,0.0416,16,1,29.2
42133,York,PA,993.0,993.0,995.0,1004.0,1025.0,1155.0,1275.0,1351.0,3.2,0.0034,0.0032,0.0019,0.0024,0.0023,0.0031,0.508,0.047,11,1,32.8
44001,Bristol,RI,2321.0,2357.0,2404.0,2462.0,2401.0,2706.0,2988.0,3167.0,3.4,0.0043,0.006,0.0049,0.0071,0.0054,0.0128,0.237,0.0477,12,2,41.9
44003,Kent,RI,1944.0,1985.0,2021.0,2044.0,2051.0,2312.0,2552.0,2705.0,5.5,0.0085,0.0119,0.0092,0.0085,0.0083,0.014,0.364,0.0582,14,4,59.0
44005,Newport,RI,3279.0,3318.0,3332.0,3445.0,3421.0,3855.0,4256.0,4511.0,4.3,0.0037,0.0052,0.0082,0.0175,0.0092,0.0203,0.189,0.0372,14,3,51.0
44007,Providence,RI,1894.0,1945.0,1973.0,1986.0,2002.0,2256.0,2491.0,2640.0,5.7,0.008,0.0093,0.0069,0.0082,0.0081,0.0121,0.408,0.0629,15,5,60.6
44009,Washington,RI,2523.0,2535.0,2587.0,2627.0,2586.0,2915.0,3218.0,3411.0,2.5,0.0037,0.0052,0.0104,0.0114,0.0068,0.0142,0.27,0.0474,16,5,49.7
45001,Abbeville,SC,1168.0,1185.0,1188.0,1190.0,1217.0,1372.0,1514.0,1605.0,4.2,0.0063,0.0049,0.0046,0.0047,0.0085,0.0079,0.487,0.051,17,7,54.5
45003,Aiken,SC,1346.0,1363.0,1363.0,1342.0,1346.0,1517.0,1674.0,1775.0,0.0,0.0048,0.0036,0.0029,0.0038,0.0047,0.0074,0.307,0.0379,20,7,37.1
45005,Allendale,SC,1671.0,1739.0,1744.0,1607.0,1699.0,1915.0,2114.0,2241.0,1.7,0.0056,0.011,0.0018,0.0085,0.0118,0.0059,0.245,0.0425,20,7,34.8
45007,Anderson,SC,1240.0,1261.0,1285.0,1284.0,1312.0,1479.0,1633.0,1731.0,5.8,0.0042,0.0042,0.0026,0.0044,0.0047,0.0068,0.456,0.0487,18,7,53.9
45009,Bamberg,SC,1462.0,1479.0,1451.0,1400.0,1393.0,1570.0,1733.0,1837.0,-4.7,0.005,0.0084,0.005,0.0096,0.0147,0.0117,0.566,0.0419,23,9,53.1
45011,Barnwell,SC,1480.0,1459.0,1452.0,1433.0,1424.0,1605.0,1772.0,1878.0,-3.8,0.0055,0.008,0.0029,0.0073,0.0079,0.0098,0.337,0.0418,22,8,39.9
45013,Beaufort,SC,4031.0,3942.0,3933.0,3799.0,3679.0,4147.0,4578.0,4852.0,-8.7,0.0022,0.0026,0.0043,0.0046,0.0317,0.0411,0.252,0.0443,19,8,46.0
45015,Berkeley,SC,2326.0,2265.0,2193.0,2079.0,2030.0,2288.0,2525.0,2677.0,-12.7,0.0051,0.0035,0.0027,0.0051,0.0044,0.0231,0.238,0.0298,25,8,43.9
45017,Calhoun,SC,1614.0,1613.0,1597.0,1571.0,1638.0,1846.0,2038.0,2160.0,1.5,0.0068,0.001,0.001,0.0065,0.0025,0.0064,0.291,0.0397,23,8,37.0
45019,Charleston,SC,4002.0,3973.0,3929.0,3858.0,3859.0,4349.0,4801.0,5089.0,-3.6,0.0045,0.0047,0.0039,0.005,0.0187,0.0397,0.183,0.0346,21,6,45.2
45021,Cherokee,SC,1140.0,1175.0,1185.0,1197.0,1212.0,1366.0,1508.0,1598.0,6.3,0.0071,0.0067,0.004,0.005,0.0063,0.0055,0.436,0.0521,20,7,51.1
45023,Chester,SC,1232.0,1258.0,1272.0,1268.0,1294.0,1459.0,1610.0,1707.0,5.0,0.0054,0.0061,0.0037,0.011,0.0128,0.0079,0.569,0.0673,19,7,59.3
45025,Chesterfield,SC,1319.0,1370.0,1376.0,1313.0,1330.0,1498.0,1654.0,1754.0,0.8,0.0042,0.0037,0.0022,0.0093,0.007,0.0087,0.328,0.0574,20,6,42.1
45027,Clarendon,SC,1560.0,1560.0,1582.0,1527.0,1539.0,1734.0,1915.0,2029.0,-1.3,0.0056,0.006,0.0051,0.0063,0.0051,0.0078,0.297,0.0361,21,6,35.2
45029,Colleton,SC,2135.0,2141.0,2081.0,1994.0,1934.0,2180.0,2406.0,2551.0,-9.4,0.0064,0.005,0.0018,0.009,0.0133,0.0189,0.265,0.0378,23,8,43.8
45031,Darlington,SC,1547.0,1572.0,1569.0,1536.0,1549.0,1746.0,1927.0,2043.0,0.1,0.0064,0.0048,0.0041,0.0059,0.0072,0.0094,0.46,0.0789,20,6,48.7
45033,Dillon,SC,1593.0,1608.0,1626.0,1578.0,1611.0,1816.0,2005.0,2125.0,1.1,0.0115,0.006,0.0036,0.0064,0.0086,0.0109,0.555,0.0695,23,7,57.6
45035,Dorchester,SC,2031.0,2005.0,1972.0,1879.0,1871.0,2108.0,2328.0,2467.0,-7.9,0.0054,0.0038,0.0022,0.0033,0.0048,0.02,0.293,0.0388,21,7,44.7
45037,Edgefield,SC,1449.0,1480.0,1477.0,1442.0,1436.0,1618.0,1786.0,1893.0,-0.9,0.0041,0.0035,0.002,0.0047,0.0057,0.0051,0.401,0.0424,18,7,34.5
45039,Fairfield,SC,1396.0,1426.0,1425.0,1422.0,1440.0,1623.0,1791.0,1899.0,3.2,0.0084,0.0068,0.0044,0.0103,0.009,0.0083,0.449,0.0463,19,7,51.9
45041,Florence,SC,1602.0,1627.0,1622.0,1602.0,1633.0,1840.0,2032.0,2154.0,1.9,0.0061,0.0055,0.004,0.0046,0.0054,0.0086,0.261,0.036,22,7,41.8
45043,Georgetown,SC,2958.0,2918.0,2873.0,2805.0,2789.0,3143.0,3470.0,3678.0,-5.7,0.0043,0.0053,0.0048,0.0049,0.0132,0.0216,0.204,0.0304,24,7,44.1
45045,Greenville,SC,1309.0,1338.0,1360.0,1362.0,1386.0,1562.0,1725.0,1828.0,5.9,0.0052,0.0036,0.0025,0.0041,0.0039,0.006,0.464,0.0535,23,9,53.3
45047,Greenwood,SC,1291.0,1313.0,1319.0,1322.0,1338.0,1508.0,1665.0,1765.0,3.6,0.0053,0.0035,0.0036,0.0031,0.0066,0.0099,0.349,0.0421,17,7,51.5
45049,Hampton,SC,1680.0,1692.0,1652.0,1612.0,1635.0,1842.0,2034.0,2156.0,-2.7,0.0051,0.006,0.0042,0.0086,0.0134,0.0219,0.671,0.0418,20,8,62.5
45051,Horry,SC,2035.0,2011.0,2003.0,1946.0,1996.0,2249.0,2483.0,2632.0,-1.9,0.0046,0.0042,0.0029,0.0029,0.0058,0.0159,0.258,0.0371,27,8,46.6
45053,Jasper,SC,1978.0,1909.0,1846.0,1745.0,1724.0,1943.0,2145.0,2274.0,-12.8,0.0055,0.0039,0.0036,0.0041,0.0049,0.0168,0.23,0.0315,19,8,42.3
45055,Kershaw,SC,1392.0,1420.0,1414.0,1381.0,1407.0,1585.0,1750.0,1855.0,1.1,0.006,0.0043,0.0028,0.0048,0.0045,0.0062,0.323,0.0421,20,7,36.8
45057,Lancaster,SC,1310.0,1328.0,1339.0,1344.0,1371.0,1546.0,1706.0,1809.0,4.7,0.0045,0.0025,0.0022,0.0036,0.0041,0.0083,0.529,0.0569,19,7,58.4
45059,Laurens,SC,1187.0,1198.0,1214.0,1224.0,1235.0,1392.0,1537.0,1629.0,4.0,0.0057,0.0053,0.0032,0.006,0.0064,0.0071,0.342,0.0368,19,7,45.3
45061,Lee,SC,1635.0,1638.0,1600.0,1540.0,1537.0,1733.0,1913.0,2028.0,-6.0,0.0075,0.0076,0.0095,0.013,0.0074,0.0103,0.798,0.0576,19,6,51.9
45063,Lexington,SC,1302.0,1317.0,1325.0,1315.0,1334.0,1504.0,1660.0,1760.0,2.5,0.005,0.0035,0.0028,0.0034,0.0037,0.0064,0.415,0.0479,20,7,43.7
45065,McCormick,SC,1246.0,1247.0,1238.0,1229.0,1207.0,1360.0,1502.0,1592.0,-3.1,0.0083,0.0057,0.0038,0.0053,0.0073,0.0057,0.399,0.0463,18,7,33.8
45067,Marion,SC,1718.0,1744.0,1707.0,1651.0,1675.0,1888.0,2084.0,2209.0,-2.5,0.0057,0.0089,0.0064,0.0114,0.0086,0.0277,0.445,0.0587,22,6,55.0
45069,Marlboro,SC,1359.0,1370.0,1371.0,1359.0,1357.0,1529.0,1689.0,1790.0,-0.1,0.003,0.0068,0.0045,0.0055,0.0082,0.005,0.729,0.0898,20,6,45.4
45071,Newberry,SC,1293.0,1311.0,1305.0,1287.0,1276.0,1438.0,1587.0,1683.0,-1.3,0.0052,0.0042,0.0022,0.0097,0.0083,0.0065,0.341,0.0402,20,7,33.9
45073,Oconee,SC,1344.0,1376.0,1426.0,1451.0,1491.0,1680.0,1855.0,1966.0,10.9,0.0046,0.0034,0.0032,0.0033,0.0036,0.0046,0.659,0.062,21,8,63.9
45075,Orangeburg,SC,1552.0,1565.0,1540.0,1498.0,1501.0,1692.0,1868.0,1980.0,-3.3,0.0076,0.0068,0.0047,0.0071,0.0083,0.0097,0.432,0.0444,24,9,45.4
45077,Pickens,SC,1412.0,1436.0,1479.0,1490.0,1511.0,1702.0,1879.0,1992.0,7.0,0.0056,0.0051,0.0029,0.0048,0.0052,0.0072,0.443,0.0485,23,10,57.1
45079,Richland,SC,1504.0,1523.0,1514.0,1507.0,1529.0,1723.0,1902.0,2016.0,1.7,0.0078,0.0056,0.005,0.0055,0.0067,0.0101,0.36,0.0501,20,7,48.3
45081,Saluda,SC,1260.0,1287.0,1261.0,1239.0,1222.0,1377.0,1520.0,1611.0,-3.0,0.004,0.0032,0.0055,0.0046,0.0079,0.0058,0.298,0.0285,19,7,29.5
45083,Spartanburg,SC,1217.0,1235.0,1244.0,1244.0,1259.0,1419.0,1567.0,1661.0,3.5,0.0045,0.0038,0.0025,0.0044,0.0046,0.0063,0.572,0.0658,21,7,52.1
45085,Sumter,SC,1557.0,1575.0,1561.0,1507.0,1512.0,1704.0,1881.0,1994.0,-2.9,0.0056,0.0047,0.0036,0.007,0.0048,0.0071,0.37,0.0471,21,6,35.0
45087,Union,SC,1131.0,1141.0,1123.0,1132.0,1136.0,1280.0,1413.0,1498.0,0.4,0.0054,0.0052,0.0021,0.0073,0.0064,0.0072,0.5,0.038,19,8,46.9
45089,Williamsburg,SC,1810.0,1828.0,1796.0,1761.0,1792.0,2020.0,2230.0,2364.0,-1.0,0.009,0.0072,0.0088,0.0121,0.0056,0.0191,0.21,0.0273,24,7,47.5
45091,York,SC,1367.0,1405.0,1407.0,1400.0,1434.0,1616.0,1784.0,1891.0,4.9,0.0048,0.0043,0.0032,0.0038,0.0045,0.0102,0.45,0.0558,18,7,59.4
46003,Aurora,SD,1323.0,1403.0,1491.0,1536.0,1616.0,1821.0,2010.0,2131.0,22.1,0.0,0.0214,0.0,0.029,0.0204,0.0154,0.608,0.0986,12,2,79.8
46005,Beadle,SD,1416.0,1470.0,1549.0,1652.0,1715.0,1933.0,2134.0,2262.0,21.1,0.0159,0.0097,0.0061,0.0055,0.007,0.0087,0.369,0.0772,10,1,57.8
46007,Bennett,SD,1747.0,1805.0,1847.0,1964.0,2212.0,2493.0,2753.0,2918.0,26.6,0.0063,0.006,0.023,0.0174,0.0176,0.0057,0.178,0.0411,9,2,50.5
46009,Bon Homme,SD,1467.0,1494.0,1599.0,1683.0,1699.0,1915.0,2114.0,2241.0,15.8,0.008,0.0074,0.0091,0.0067,0.0135,0.019,0.393,0.0775,7,2,70.6
46011,Brookings,SD,1468.0,1477.0,1550.0,1670.0,1757.0,1980.0,2186.0,2317.0,19.7,0.0055,0.0092,0.0031,0.0063,0.0047,0.0092,0.583,0.089,9,2,69.4
46013,Brown,SD,1543.0,1590.0,1691.0,1808.0,1761.0,1985.0,2192.0,2323.0,14.1,0.0086,0.0107,0.0095,0.0105,0.0109,0.0105,0.444,0.0633,9,1,60.8
46015,Brule,SD,1502.0,1516.0,1562.0,1718.0,1811.0,2041.0,2254.0,2389.0,20.6,0.0107,0.0108,0.0219,0.0175,0.0105,0.0253,0.867,0.1385,13,1,81.0
46017,Buffalo,SD,,,,,,,,,,0.0107,0.0108,0.0219,0.0175,0.0105,0.0253,,,10,1,
46019,Butte,SD,1685.0,1744.0,1776.0,1894.0,2069.0,2331.0,2574.0,2728.0,22.8,0.0106,0.0099,0.0088,0.0113,0.0138,0.021,1.184,0.2672,13,1,83.4
46021,Campbell,SD,1375.0,1336.0,1357.0,1510.0,1558.0,1755.0,1938.0,2054.0,13.3,0.0128,0.0127,0.0,0.0217,0.0,0.0309,0.271,0.0558,6,0,54.4
46023,Charles Mix,SD,1522.0,1544.0,1635.0,1691.0,1751.0,1973.0,2178.0,2309.0,15.0,0.0063,0.0151,0.0146,0.0111,0.0294,0.0259,0.641,0.1133,8,1,73.7
46025,Clark,SD,1423.0,1473.0,1569.0,1742.0,1781.0,2007.0,2216.0,2349.0,25.2,0.0106,0.0054,0.005,0.0045,0.0044,0.009,0.101,0.0343,11,2,55.7
46027,Clay,SD,1619.0,1610.0,1742.0,1857.0,1948.0,2195.0,2423.0,2569.0,20.3,0.0071,0.0071,0.0035,0.0062,0.0089,0.0075,0.317,0.052,10,2,56.5
46029,Codington,SD,1422.0,1499.0,1541.0,1604.0,1664.0,1876.0,2071.0,2195.0,17.0,0.0093,0.0083,0.0041,0.0092,0.0048,0.0052,0.499,0.0651,11,2,56.6
46031,Corson,SD,1674.0,1768.0,1888.0,1939.0,1920.0,2164.0,2389.0,2532.0,14.7,0.0104,0.0421,0.0,0.0213,0.0104,0.02,0.989,0.0596,9,0,73.3
46033,Custer,SD,2068.0,2011.0,2142.0,2340.0,2403.0,2708.0,2990.0,3169.0,16.2,0.0062,0.0163,0.0078,0.0089,0.0075,0.0121,0.797,0.1106,11,2,75.2
46035,Davison,SD,1552.0,1581.0,1663.0,1779.0,1837.0,2070.0,2285.0,2422.0,18.4,0.0045,0.005,0.0099,0.0066,0.0114,0.0116,0.32,0.0586,6,1,57.9
46037,Day,SD,1464.0,1593.0,1660.0,1745.0,1804.0,2033.0,2244.0,2379.0,23.2,0.0117,0.0045,0.0,0.0056,0.0124,0.018,0.236,0.0499,14,3,68.7
46039,Deuel,SD,1320.0,1346.0,1472.0,1575.0,1676.0,1889.0,2086.0,2211.0,27.0,0.0033,0.0095,0.003,0.0087,0.0194,0.0055,0.681,0.0808,12,2,65.8
46041,Dewey,SD,1414.0,1529.0,1550.0,1652.0,1698.0,1914.0,2113.0,2240.0,20.1,0.0118,0.0102,0.0116,0.011,0.0104,0.0174,1.149,0.1516,10,0,75.0
46043,Douglas,SD,1479.0,1500.0,1599.0,1677.0,1740.0,1961.0,2165.0,2295.0,17.6,0.0165,0.0252,0.0,0.0315,0.0325,0.0088,0.122,0.0469,9,1,50.2
46045,Edmunds,SD,1879.0,1958.0,2017.0,2159.0,2283.0,2573.0,2840.0,3011.0,21.5,0.0,0.0079,0.0038,0.0174,0.0103,0.0108,0.512,0.0937,9,0,65.6
46047,Fall River,SD,1688.0,1722.0,1778.0,1879.0,1921.0,2165.0,2391.0,2534.0,13.8,0.0078,0.01,0.0061,0.0092,0.0109,0.0233,1.178,0.135,12,1,75.7
46049,Faulk,SD,1475.0,1515.0,1634.0,1780.0,1837.0,2070.0,2286.0,2423.0,24.5,0.0,0.0194,0.0094,0.0,0.0196,0.0319,0.241,0.0503,8,1,64.0
46051,Grant,SD,1487.0,1540.0,1594.0,1748.0,1875.0,2113.0,2332.0,2472.0,26.1,0.0133,0.0071,0.0086,0.009,0.007,0.0119,0.9,0.124,11,2,78.8
46053,Gregory,SD,1392.0,1475.0,1592.0,1622.0,1680.0,1893.0,2090.0,2216.0,20.7,0.006,0.0057,0.0,0.0354,0.0212,0.0437,1.331,0.1727,14,1,81.5
46055,Haakon,SD,1348.0,1391.0,1529.0,1683.0,1955.0,2203.0,2432.0,2578.0,45.0,0.0074,0.0122,0.0056,0.0,0.0052,0.0157,1.125,0.4255,9,1,82.4
46057,Hamlin,SD,1409.0,1440.0,1471.0,1557.0,1705.0,1921.0,2121.0,2248.0,21.0,0.0,0.0148,0.0047,0.0021,0.008,0.0059,0.774,0.0719,11,2,66.5
46059,Hand,SD,1477.0,1488.0,1664.0,1768.0,1881.0,2120.0,2341.0,2481.0,27.4,0.0196,0.0097,0.0099,0.0141,0.0238,0.0144,0.187,0.0457,10,2,65.1
46061,Hanson,SD,1383.0,1423.0,1593.0,1640.0,1701.0,1917.0,2116.0,2243.0,23.0,0.0095,0.0,0.0,0.0076,0.0072,0.0075,0.739,0.1277,13,2,68.0
46063,Harding,SD,1777.0,1828.0,1927.0,2052.0,2615.0,2947.0,3253.0,3448.0,47.2,0.0106,0.0099,0.0227,0.0222,0.0,0.0,0.262,0.0672,8,0,38.7
46065,Hughes,SD,1619.0,1656.0,1731.0,1856.0,1922.0,2166.0,2391.0,2535.0,18.7,0.013,0.0188,0.0126,0.0117,0.0146,0.0106,0.497,0.0653,7,0,63.9
46067,Hutchinson,SD,1359.0,1408.0,1482.0,1568.0,1616.0,1821.0,2010.0,2131.0,18.9,0.0031,0.0031,0.0091,0.0179,0.018,0.003,0.767,0.1034,12,2,62.3
46069,Hyde,SD,1345.0,1424.0,1470.0,1418.0,1492.0,1682.0,1857.0,1968.0,10.9,0.0,0.0,0.0,0.0256,0.0244,0.0,0.381,0.0665,6,0,36.4
46071,Jackson,SD,1510.0,1596.0,1626.0,1710.0,1844.0,2079.0,2295.0,2433.0,22.1,0.0339,0.0185,0.0,0.0,0.0141,0.0147,1.14,0.2212,17,3,86.6
46073,Jerauld,SD,1350.0,1327.0,1437.0,1534.0,1547.0,1743.0,1925.0,2040.0,14.6,0.0,0.0357,0.0,0.0156,0.0,0.0294,0.822,0.0476,11,0,75.5
46075,Jones,SD,,,,,,,,,,0.0,0.0345,0.0,0.0,0.0,0.0263,,,8,2,
46077,Kingsbury,SD,1381.0,1443.0,1520.0,1600.0,1676.0,1889.0,2086.0,2211.0,21.4,0.0066,0.0112,0.0127,0.012,0.004,0.0081,0.32,0.0557,12,2,57.4
46079,Lake,SD,1553.0,1642.0,1730.0,1933.0,2041.0,2300.0,2539.0,2692.0,31.4,0.0083,0.0073,0.007,0.0075,0.008,0.0152,0.857,0.1407,9,2,83.7
46081,Lawrence,SD,1983.0,2046.0,2108.0,2359.0,2443.0,2754.0,3040.0,3222.0,23.2,0.0087,0.0146,0.0129,0.0141,0.0111,0.0083,1.207,0.1745,9,0,66.6
46083,Lincoln,SD,1663.0,1712.0,1807.0,1911.0,1980.0,2231.0,2463.0,2611.0,19.1,0.0071,0.0097,0.0059,0.0067,0.009,0.0091,0.582,0.0862,8,1,65.5
46085,Lyman,SD,1560.0,1546.0,1555.0,1649.0,1757.0,1980.0,2186.0,2317.0,12.6,0.042,0.0252,0.0171,0.0,0.0156,0.0077,1.845,0.2495,8,0,59.8
46087,McCook,SD,1539.0,1616.0,1689.0,1793.0,1922.0,2166.0,2391.0,2535.0,24.9,0.0029,0.0029,0.0077,0.0136,0.011,0.0111,0.94,0.1319,11,2,78.6
46089,McPherson,SD,1230.0,1363.0,1409.0,1437.0,1466.0,1652.0,1824.0,1933.0,19.2,0.0076,0.0148,0.0135,0.0137,0.0122,0.014,0.989,0.1417,7,1,78.1
46091,Marshall,SD,1363.0,1458.0,1556.0,1665.0,1798.0,2026.0,2237.0,2371.0,31.9,0.0061,0.0062,0.0119,0.0085,0.022,0.0054,0.275,0.0428,11,1,46.7
46093,Meade,SD,1822.0,1851.0,1932.0,2128.0,2303.0,2596.0,2866.0,3038.0,26.4,0.0119,0.0202,0.0098,0.0139,0.0156,0.0132,1.44,0.212,11,0,74.0
46095,Mellette,SD,,,,,,,,,,0.0263,0.0278,0.0,0.0,0.0,0.0,,,9,1,
46097,Miner,SD,1193.0,1314.0,1346.0,1429.0,1483.0,1671.0,1845.0,1956.0,24.3,0.0,0.013,0.0068,0.0282,0.0078,0.0174,0.331,0.083,10,2,70.0
46099,Minnehaha,SD,1521.0,1580.0,1672.0,1787.0,1868.0,2106.0,2325.0,2464.0,22.8,0.0071,0.0081,0.0051,0.0075,0.0071,0.0105,0.538,0.0883,9,2,74.1
46101,Moody,SD,1453.0,1448.0,1511.0,1679.0,1670.0,1882.0,2078.0,2203.0,14.9,0.0063,0.0096,0.008,0.009,0.0101,0.0123,0.567,0.0889,10,2,71.8
46102,Oglala Lakota,SD,,,,,,,,,,0.0,0.0446,0.0171,0.0254,0.0168,0.0081,,,,,
46103,Pennington,SD,1791.0,1809.0,1889.0,2026.0,2154.0,2428.0,2680.0,2841.0,20.3,0.0116,0.019,0.0115,0.0135,0.0115,0.0116,1.111,0.1532,12,3,82.3
46105,Perkins,SD,1756.0,1771.0,1813.0,1950.0,1907.0,2150.0,2373.0,2516.0,8.6,0.0052,0.026,0.0052,0.0103,0.0396,0.0237,0.202,0.0388,15,0,49.6
46107,Potter,SD,1461.0,1583.0,1556.0,1663.0,1781.0,2008.0,2216.0,2349.0,21.9,0.0286,0.0054,0.0109,0.0,0.0132,0.0091,0.915,0.0882,7,2,75.3
46109,Roberts,SD,1419.0,1425.0,1454.0,1580.0,1617.0,1822.0,2011.0,2132.0,14.0,0.0106,0.0146,0.0104,0.0019,0.0092,0.0037,0.205,0.0375,13,3,44.4
46111,Sanborn,SD,1378.0,1041.0,1530.0,1701.0,1690.0,1905.0,2103.0,2229.0,22.6,0.0,0.0087,0.0,0.0,0.0168,0.0091,0.292,0.0762,11,1,53.7
46115,Spink,SD,1436.0,1461.0,1574.0,1679.0,1722.0,1941.0,2143.0,2272.0,19.9,0.0072,0.012,0.0103,0.0198,0.0297,0.0129,0.311,0.0454,11,1,58.8
46117,Stanley,SD,1756.0,1854.0,1900.0,2059.0,2168.0,2444.0,2698.0,2860.0,23.5,0.0081,0.0,0.0099,0.0115,0.0086,0.0172,0.355,0.0434,7,1,68.6
46119,Sully,SD,1625.0,1684.0,1779.0,1826.0,1957.0,2205.0,2435.0,2581.0,20.4,0.0,0.0108,0.0,0.03,0.0476,0.0333,1.674,0.2042,7,0,79.3
46121,Todd,SD,1495.0,1588.0,1508.0,1728.0,1786.0,2013.0,2222.0,2356.0,19.5,0.022,0.0227,0.0,0.011,0.0215,0.033,0.36,0.0482,8,1,68.6
46123,Tripp,SD,1481.0,1501.0,1575.0,1720.0,1786.0,2013.0,2223.0,2356.0,20.6,0.0173,0.0208,0.0097,0.0235,0.0203,0.03,0.499,0.0951,12,2,80.6
46125,Turner,SD,1497.0,1541.0,1636.0,1794.0,1897.0,2138.0,2361.0,2502.0,26.7,0.0075,0.006,0.0085,0.007,0.0106,0.0138,0.788,0.0979,15,2,81.5
46127,Union,SD,2042.0,2085.0,2178.0,2309.0,2369.0,2669.0,2947.0,3124.0,16.0,0.0119,0.0075,0.0073,0.011,0.0085,0.0107,0.314,0.0447,11,1,54.1
46129,Walworth,SD,1417.0,1423.0,1413.0,1583.0,1575.0,1775.0,1960.0,2078.0,11.2,0.0,0.0078,0.0069,0.0196,0.0056,0.0165,0.494,0.1,4,0,63.3
46135,Yankton,SD,1585.0,1596.0,1673.0,1728.0,1764.0,1988.0,2195.0,2326.0,11.3,0.0075,0.0042,0.0061,0.0085,0.005,0.0057,0.228,0.0468,8,1,38.2
46137,Ziebach,SD,,,,,,,,,,0.0,0.0,0.0,0.0222,0.0,0.0179,,,13,1,
47001,Anderson,TN,1580.0,1562.0,1513.0,1536.0,1533.0,1727.0,1907.0,2021.0,-3.0,0.0086,0.009,0.0049,0.0059,0.006,0.0103,0.299,0.0342,14,3,33.8
47003,Bedford,TN,1725.0,1743.0,1730.0,1746.0,1783.0,2010.0,2219.0,2352.0,3.4,0.007,0.012,0.0046,0.0059,0.0059,0.0083,0.375,0.0616,10,4,45.2
47005,Benton,TN,1694.0,1718.0,1653.0,1673.0,1726.0,1945.0,2147.0,2276.0,1.9,0.0108,0.0036,0.007,0.012,0.0051,0.0139,0.63,0.0514,16,4,60.1
47007,Bledsoe,TN,1599.0,1545.0,1549.0,1587.0,1579.0,1779.0,1964.0,2082.0,-1.3,0.0115,0.0105,0.0023,0.0094,0.0117,0.0127,0.354,0.0312,16,5,46.3
47009,Blount,TN,1559.0,1551.0,1525.0,1542.0,1579.0,1779.0,1964.0,2082.0,1.3,0.0077,0.0095,0.0056,0.0043,0.005,0.0066,0.321,0.0322,11,3,31.2
47011,Bradley,TN,1496.0,1505.0,1504.0,1532.0,1559.0,1757.0,1940.0,2056.0,4.2,0.0092,0.0081,0.0047,0.0059,0.0061,0.0078,0.41,0.0438,8,3,44.9
47013,Campbell,TN,1512.0,1485.0,1469.0,1512.0,1487.0,1676.0,1850.0,1961.0,-1.7,0.0094,0.0052,0.0055,0.0046,0.0104,0.0094,0.32,0.031,14,5,38.4
47015,Cannon,TN,1713.0,1735.0,1685.0,1689.0,1698.0,1914.0,2113.0,2240.0,-0.9,0.0111,0.0087,0.0053,0.0117,0.0077,0.0105,0.504,0.0477,13,7,52.0
47017,Carroll,TN,1675.0,1693.0,1689.0,1721.0,1749.0,1971.0,2176.0,2306.0,4.4,0.0056,0.0111,0.0062,0.0093,0.01,0.0083,0.36,0.0848,16,5,48.0
47019,Carter,TN,1237.0,1241.0,1202.0,1231.0,1221.0,1377.0,1520.0,1611.0,-1.3,0.0081,0.0071,0.0053,0.0096,0.0068,0.0085,0.331,0.0261,10,5,37.9
47021,Cheatham,TN,1690.0,1688.0,1722.0,1766.0,1798.0,2026.0,2237.0,2371.0,6.4,0.0116,0.009,0.0063,0.0067,0.0047,0.0097,0.413,0.0457,17,10,60.9
47023,Chester,TN,1746.0,1724.0,1681.0,1729.0,1736.0,1957.0,2161.0,2290.0,-0.6,0.0095,0.0059,0.0011,0.0042,0.009,0.0131,0.417,0.0624,9,3,45.9
47025,Claiborne,TN,1493.0,1474.0,1454.0,1483.0,1485.0,1674.0,1848.0,1958.0,-0.5,0.0063,0.0052,0.0038,0.0066,0.0052,0.0068,0.293,0.0254,13,5,33.0
47027,Clay,TN,1291.0,1319.0,1337.0,1402.0,1401.0,1579.0,1743.0,1847.0,8.5,0.0019,0.0056,0.0037,0.0054,0.0035,0.0089,0.409,0.0302,13,5,59.3
47029,Cocke,TN,1466.0,1463.0,1406.0,1419.0,1429.0,1610.0,1777.0,1884.0,-2.5,0.0052,0.0082,0.0073,0.0044,0.0053,0.0065,0.431,0.0247,15,6,36.7
47031,Coffee,TN,1676.0,1649.0,1620.0,1660.0,1676.0,1889.0,2085.0,2210.0,0.0,0.0109,0.008,0.0027,0.0051,0.0061,0.0072,0.406,0.0459,11,6,40.4
47033,Crockett,TN,1824.0,1845.0,1798.0,1869.0,1807.0,2036.0,2248.0,2383.0,-0.9,0.005,0.0067,0.0049,0.0159,0.0107,0.0134,0.438,0.075,12,6,51.8
47035,Cumberland,TN,1534.0,1526.0,1474.0,1502.0,1499.0,1689.0,1865.0,1977.0,-2.3,0.0058,0.0051,0.0019,0.0045,0.0058,0.007,0.271,0.0409,14,4,29.4
47037,Davidson,TN,1852.0,1866.0,1895.0,1931.0,1986.0,2238.0,2471.0,2619.0,7.2,0.0113,0.0106,0.007,0.0082,0.0069,0.0112,0.532,0.0673,18,9,69.9
47039,Decatur,TN,1671.0,1670.0,1657.0,1695.0,1710.0,1927.0,2127.0,2255.0,2.3,0.0094,0.0027,0.0077,0.0156,0.0068,0.0097,0.932,0.1522,19,8,62.8
47041,DeKalb,TN,1681.0,1634.0,1624.0,1663.0,1694.0,1909.0,2108.0,2235.0,0.8,0.0052,0.0077,0.0045,0.0076,0.0075,0.0098,0.452,0.0457,11,4,48.0
47043,Dickson,TN,1633.0,1635.0,1686.0,1694.0,1751.0,1973.0,2178.0,2309.0,7.2,0.0105,0.0077,0.0048,0.0064,0.0044,0.0097,0.45,0.0565,18,9,63.8
47045,Dyer,TN,2108.0,2080.0,2031.0,2042.0,2027.0,2284.0,2522.0,2673.0,-3.8,0.004,0.0056,0.0052,0.0047,0.0089,0.0056,0.577,0.0766,15,6,39.4
47047,Fayette,TN,2289.0,2278.0,2294.0,2330.0,2338.0,2635.0,2909.0,3084.0,2.1,0.0081,0.0075,0.003,0.0061,0.0074,0.0105,0.471,0.0676,17,7,55.2
47049,Fentress,TN,1408.0,1414.0,1396.0,1418.0,1413.0,1592.0,1758.0,1863.0,0.4,0.0084,0.0095,0.0036,0.0062,0.0105,0.0041,0.219,0.0295,16,6,28.2
47051,Franklin,TN,1858.0,1839.0,1841.0,1837.0,1855.0,2091.0,2308.0,2447.0,-0.2,0.0097,0.0078,0.0052,0.0056,0.0051,0.0113,0.543,0.0443,6,3,49.0
47053,Gibson,TN,1867.0,1861.0,1826.0,1871.0,1845.0,2080.0,2296.0,2434.0,-1.2,0.0062,0.0079,0.006,0.009,0.0071,0.0113,0.577,0.0768,17,8,55.5
47055,Giles,TN,1760.0,1687.0,1673.0,1711.0,1698.0,1913.0,2112.0,2239.0,-3.5,0.009,0.0057,0.0065,0.0109,0.0098,0.0086,0.384,0.0462,15,6,38.5
47057,Grainger,TN,1516.0,1493.0,1456.0,1466.0,1461.0,1647.0,1818.0,1927.0,-3.6,0.0088,0.0063,0.0039,0.0062,0.0057,0.0066,0.371,0.0256,13,5,32.3
47059,Greene,TN,1314.0,1318.0,1290.0,1317.0,1318.0,1486.0,1640.0,1739.0,0.3,0.0086,0.005,0.0042,0.0074,0.006,0.0079,0.347,0.0307,11,6,39.4
47061,Grundy,TN,1691.0,1659.0,1674.0,1682.0,1683.0,1897.0,2094.0,2219.0,-0.5,0.0151,0.0092,0.0037,0.0129,0.0029,0.0098,0.638,0.04,10,5,52.6
47063,Hamblen,TN,1341.0,1330.0,1310.0,1331.0,1330.0,1499.0,1655.0,1755.0,-0.8,0.0102,0.0053,0.0038,0.007,0.0066,0.0077,0.255,0.0327,8,5,32.9
47065,Hamilton,TN,1675.0,1679.0,1675.0,1698.0,1741.0,1962.0,2166.0,2296.0,3.9,0.0102,0.008,0.0051,0.0073,0.0071,0.0079,0.526,0.0499,15,5,53.5
47067,Hancock,TN,1377.0,1380.0,1393.0,1378.0,1386.0,1562.0,1724.0,1828.0,0.7,0.0229,0.0146,0.0,0.0063,0.0114,0.0227,0.265,0.0192,10,4,49.4
47069,Hardeman,TN,2039.0,1986.0,1941.0,1942.0,1927.0,2171.0,2397.0,2541.0,-5.5,0.0135,0.0087,0.0059,0.0129,0.0121,0.0151,0.581,0.0634,11,6,55.0
47071,Hardin,TN,1865.0,1884.0,1865.0,1905.0,1923.0,2167.0,2393.0,2536.0,3.1,0.0063,0.0063,0.0057,0.0094,0.0109,0.0125,0.469,0.0707,18,6,60.1
47073,Hawkins,TN,1312.0,1295.0,1263.0,1291.0,1281.0,1444.0,1594.0,1690.0,-2.4,0.0088,0.0068,0.0047,0.0068,0.0074,0.0092,0.369,0.0338,10,5,39.8
47075,Haywood,TN,1834.0,1819.0,1776.0,1832.0,1822.0,2053.0,2267.0,2403.0,-0.7,0.0081,0.01,0.0051,0.0125,0.0118,0.0107,0.444,0.0733,16,7,49.9
47077,Henderson,TN,1632.0,1655.0,1602.0,1628.0,1641.0,1850.0,2042.0,2165.0,0.6,0.0121,0.0072,0.0054,0.0061,0.0073,0.0122,0.646,0.0918,18,8,61.1
47079,Henry,TN,1772.0,1785.0,1707.0,1752.0,1729.0,1949.0,2151.0,2280.0,-2.4,0.0081,0.0062,0.0025,0.0084,0.0092,0.0077,0.478,0.0543,16,7,43.0
47081,Hickman,TN,1694.0,1660.0,1715.0,1764.0,1744.0,1965.0,2170.0,2300.0,3.0,0.0092,0.0077,0.0046,0.006,0.0056,0.0132,0.297,0.0358,17,7,53.1
47083,Houston,TN,1550.0,1583.0,1651.0,1647.0,1714.0,1932.0,2133.0,2261.0,10.6,0.0163,0.0157,0.0073,0.009,0.006,0.0116,0.376,0.0594,20,6,66.6
47085,Humphreys,TN,1653.0,1631.0,1634.0,1699.0,1695.0,1910.0,2108.0,2235.0,2.5,0.0078,0.0074,0.0048,0.0098,0.0145,0.0123,0.59,0.0694,17,6,62.3
47087,Jackson,TN,1454.0,1471.0,1489.0,1544.0,1564.0,1763.0,1946.0,2063.0,7.6,0.0075,0.0113,0.0066,0.0106,0.0055,0.013,0.395,0.0366,21,7,65.9
47089,Jefferson,TN,1448.0,1420.0,1387.0,1411.0,1399.0,1577.0,1741.0,1845.0,-3.4,0.0054,0.0074,0.0061,0.0046,0.0055,0.0061,0.281,0.0275,12,5,27.3
47091,Johnson,TN,1581.0,1559.0,1525.0,1543.0,1504.0,1695.0,1871.0,1984.0,-4.9,0.0064,0.0064,0.0044,0.0097,0.0115,0.0114,0.152,0.0207,12,6,37.1
47093,Knox,TN,1481.0,1470.0,1445.0,1458.0,1475.0,1662.0,1835.0,1945.0,-0.4,0.0085,0.0082,0.0047,0.0048,0.0048,0.0077,0.318,0.0379,13,5,35.5
47095,Lake,TN,1875.0,1843.0,1794.0,1912.0,1870.0,2107.0,2326.0,2466.0,-0.3,0.0184,0.0186,0.0046,0.0131,0.0201,0.0038,0.767,0.1073,16,6,43.9
47097,Lauderdale,TN,1814.0,1769.0,1732.0,1789.0,1733.0,1953.0,2156.0,2286.0,-4.5,0.011,0.0084,0.0069,0.0154,0.0148,0.012,0.516,0.0794,13,6,50.3
47099,Lawrence,TN,1581.0,1573.0,1570.0,1595.0,1580.0,1780.0,1965.0,2083.0,-0.1,0.0061,0.0077,0.0035,0.0058,0.0081,0.0084,0.432,0.0514,13,4,41.5
47101,Lewis,TN,1745.0,1697.0,1689.0,1735.0,1709.0,1926.0,2126.0,2253.0,-2.1,0.014,0.011,0.0077,0.0144,0.007,0.0069,0.296,0.0492,16,6,32.1
47103,Lincoln,TN,1781.0,1753.0,1713.0,1754.0,1756.0,1979.0,2184.0,2315.0,-1.4,0.0125,0.0083,0.0033,0.0086,0.0069,0.0111,0.414,0.0514,9,3,41.9
47105,Loudon,TN,1589.0,1579.0,1558.0,1581.0,1589.0,1791.0,1977.0,2096.0,0.0,0.0073,0.0067,0.0026,0.0051,0.0047,0.0061,0.335,0.0328,13,4,31.5
47107,McMinn,TN,1523.0,1515.0,1506.0,1530.0,1531.0,1726.0,1905.0,2019.0,0.5,0.0093,0.0089,0.0063,0.0068,0.0102,0.0124,0.353,0.0379,9,3,45.1
47109,McNairy,TN,1688.0,1706.0,1696.0,1729.0,1731.0,1951.0,2153.0,2283.0,2.5,0.0068,0.0083,0.0054,0.0102,0.0094,0.0085,0.607,0.1103,15,6,56.0
47111,Macon,TN,1469.0,1495.0,1485.0,1540.0,1575.0,1775.0,1960.0,2077.0,7.2,0.0042,0.0067,0.007,0.0032,0.0043,0.0101,0.236,0.0336,12,6,54.3
47113,Madison,TN,1873.0,1867.0,1840.0,1862.0,1894.0,2134.0,2356.0,2498.0,1.1,0.0148,0.0092,0.0059,0.0105,0.0078,0.0106,0.544,0.0898,16,6,56.4
47115,Marion,TN,1834.0,1843.0,1851.0,1875.0,1880.0,2119.0,2339.0,2479.0,2.5,0.0101,0.0075,0.0065,0.0116,0.0064,0.009,0.374,0.0317,14,5,47.4
47117,Marshall,TN,1672.0,1668.0,1626.0,1651.0,1613.0,1818.0,2007.0,2127.0,-3.5,0.0118,0.0059,0.0036,0.0069,0.0057,0.006,0.33,0.0446,11,3,23.9
47119,Maury,TN,1616.0,1602.0,1648.0,1673.0,1708.0,1925.0,2126.0,2253.0,5.7,0.0111,0.0069,0.0052,0.0053,0.007,0.0068,0.495,0.0668,13,6,54.3
47121,Meigs,TN,1660.0,1668.0,1658.0,1713.0,1711.0,1928.0,2129.0,2256.0,3.1,0.0031,0.0124,0.0052,0.0044,0.0073,0.0104,0.436,0.0474,12,5,54.4
47123,Monroe,TN,1616.0,1593.0,1596.0,1633.0,1627.0,1833.0,2024.0,2145.0,0.7,0.0068,0.0071,0.0039,0.0059,0.0056,0.0089,0.376,0.0329,10,4,42.4
47125,Montgomery,TN,1526.0,1554.0,1590.0,1630.0,1667.0,1879.0,2074.0,2199.0,9.2,0.0104,0.0046,0.004,0.0048,0.0056,0.0077,0.342,0.0572,16,7,55.7
47127,Moore,TN,2010.0,1917.0,1960.0,2011.0,2003.0,2257.0,2492.0,2642.0,-0.3,0.015,0.0101,0.0046,0.0,0.0166,0.0163,0.166,0.0412,12,6,46.4
47129,Morgan,TN,1606.0,1591.0,1561.0,1570.0,1539.0,1734.0,1915.0,2030.0,-4.2,0.006,0.008,0.0031,0.0063,0.0069,0.0108,0.372,0.0287,11,4,38.6
47131,Obion,TN,1908.0,1926.0,1837.0,1878.0,1882.0,2121.0,2342.0,2482.0,-1.4,0.0063,0.0063,0.0016,0.0134,0.0099,0.0102,0.419,0.0739,16,7,46.7
47133,Overton,TN,1567.0,1592.0,1565.0,1586.0,1619.0,1825.0,2015.0,2136.0,3.3,0.0044,0.0063,0.004,0.0073,0.0034,0.0072,0.351,0.0459,12,5,42.7
47135,Perry,TN,1546.0,1475.0,1543.0,1549.0,1512.0,1704.0,1881.0,1994.0,-2.2,0.0112,0.0199,0.0021,0.0058,0.0035,0.0086,0.848,0.0655,16,6,51.2
47137,Pickett,TN,1739.0,1690.0,1687.0,1690.0,1657.0,1868.0,2062.0,2186.0,-4.7,0.0063,0.0032,0.003,0.0171,0.0081,0.0051,0.226,0.0255,13,5,23.4
47139,Polk,TN,1620.0,1642.0,1621.0,1652.0,1710.0,1928.0,2128.0,2256.0,5.6,0.0069,0.0109,0.0052,0.0083,0.0093,0.0081,0.49,0.0325,12,5,56.3
47141,Putnam,TN,1559.0,1555.0,1582.0,1619.0,1635.0,1842.0,2034.0,2156.0,4.9,0.0084,0.0058,0.0034,0.0071,0.0051,0.007,0.567,0.0474,11,5,54.5
47143,Rhea,TN,1511.0,1499.0,1516.0,1578.0,1616.0,1821.0,2010.0,2131.0,6.9,0.01,0.0086,0.0045,0.0058,0.0065,0.011,0.396,0.0345,14,5,60.5
47145,Roane,TN,1568.0,1556.0,1545.0,1586.0,1593.0,1796.0,1982.0,2101.0,1.6,0.0078,0.0088,0.0046,0.0104,0.0082,0.0096,0.408,0.0362,14,4,47.0
47147,Robertson,TN,1659.0,1670.0,1679.0,1701.0,1727.0,1947.0,2149.0,2278.0,4.1,0.0097,0.0084,0.0048,0.0063,0.0049,0.0091,0.307,0.0427,9,5,47.5
47149,Rutherford,TN,1785.0,1806.0,1775.0,1803.0,1856.0,2092.0,2310.0,2448.0,4.0,0.009,0.0077,0.005,0.0054,0.0049,0.0088,0.426,0.0591,9,4,50.8
47151,Scott,TN,1533.0,1570.0,1506.0,1550.0,1522.0,1715.0,1894.0,2007.0,-0.7,0.0048,0.0055,0.0072,0.0031,0.0056,0.0057,0.24,0.0243,14,5,28.2
47153,Sequatchie,TN,1657.0,1652.0,1673.0,1711.0,1724.0,1943.0,2145.0,2273.0,4.0,0.0107,0.0041,0.0029,0.0039,0.0056,0.0067,0.444,0.0295,12,3,42.6
47155,Sevier,TN,1574.0,1563.0,1524.0,1562.0,1587.0,1789.0,1975.0,2094.0,0.8,0.0075,0.0058,0.0044,0.0045,0.0059,0.0088,0.792,0.0376,14,4,54.3
47157,Shelby,TN,2164.0,2148.0,2162.0,2185.0,2227.0,2510.0,2771.0,2937.0,2.9,0.0134,0.01,0.0063,0.0107,0.0097,0.0134,0.5,0.0855,22,9,63.4
47159,Smith,TN,1866.0,1856.0,1820.0,1828.0,1880.0,2119.0,2339.0,2479.0,0.8,0.0066,0.0103,0.0048,0.0114,0.0076,0.0098,0.493,0.0458,14,6,51.8
47161,Stewart,TN,1574.0,1617.0,1637.0,1634.0,1697.0,1913.0,2112.0,2239.0,7.8,0.0109,0.0104,0.0115,0.0065,0.0108,0.0035,0.388,0.0455,16,8,49.3
47163,Sullivan,TN,1268.0,1265.0,1241.0,1257.0,1258.0,1418.0,1565.0,1659.0,-0.8,0.0071,0.0065,0.0051,0.0064,0.0084,0.0096,0.353,0.0355,6,4,39.5
47165,Sumner,TN,1633.0,1639.0,1663.0,1680.0,1721.0,1940.0,2141.0,2270.0,5.4,0.0073,0.0076,0.0042,0.0052,0.0046,0.0084,0.382,0.0472,14,7,53.6
47167,Tipton,TN,1807.0,1801.0,1789.0,1817.0,1823.0,2055.0,2268.0,2404.0,0.9,0.0102,0.0091,0.0039,0.0094,0.0082,0.0125,0.553,0.0736,18,9,60.7
47169,Trousdale,TN,1713.0,1750.0,1684.0,1721.0,1733.0,1953.0,2156.0,2285.0,1.2,0.0202,0.0127,0.0,0.0087,0.0078,0.015,0.453,0.0538,7,3,53.9
47171,Unicoi,TN,1315.0,1294.0,1254.0,1269.0,1270.0,1431.0,1580.0,1675.0,-3.4,0.0144,0.0057,0.0037,0.0134,0.0051,0.012,0.211,0.024,10,5,37.9
47173,Union,TN,1726.0,1676.0,1645.0,1636.0,1625.0,1831.0,2021.0,2143.0,-5.9,0.0083,0.0059,0.0049,0.0062,0.0065,0.0155,0.236,0.0248,8,3,35.4
47175,Van Buren,TN,1740.0,1643.0,1666.0,1623.0,1633.0,1840.0,2032.0,2154.0,-6.1,0.0087,0.0083,0.0076,0.0171,0.0092,0.0147,0.346,0.0587,10,4,42.6
47177,Warren,TN,1634.0,1614.0,1631.0,1660.0,1680.0,1893.0,2090.0,2215.0,2.8,0.0063,0.0068,0.0049,0.0103,0.011,0.0086,0.362,0.046,11,4,43.3
47179,Washington,TN,1319.0,1311.0,1278.0,1306.0,1296.0,1461.0,1613.0,1709.0,-1.7,0.011,0.008,0.0045,0.006,0.0077,0.0096,0.345,0.0377,10,6,40.8
47181,Wayne,TN,1599.0,1525.0,1417.0,1421.0,1445.0,1629.0,1798.0,1906.0,-9.6,0.0108,0.0074,0.0087,0.0068,0.005,0.0126,0.498,0.0544,18,7,49.7
47183,Weakley,TN,1762.0,1766.0,1705.0,1739.0,1728.0,1947.0,2150.0,2279.0,-1.9,0.0076,0.0115,0.0053,0.0143,0.0083,0.0111,0.58,0.0761,16,7,53.7
47185,White,TN,1507.0,1538.0,1499.0,1547.0,1535.0,1730.0,1910.0,2025.0,1.9,0.0058,0.0061,0.0044,0.0112,0.0069,0.0114,0.592,0.0601,7,4,58.1
47187,Williamson,TN,2222.0,2248.0,2308.0,2391.0,2467.0,2780.0,3069.0,3253.0,11.0,0.0074,0.0078,0.0058,0.005,0.005,0.0084,0.523,0.0686,8,4,65.9
47189,Wilson,TN,1678.0,1681.0,1702.0,1741.0,1783.0,2009.0,2218.0,2351.0,6.3,0.0076,0.0065,0.0043,0.0069,0.0047,0.0076,0.91,0.0644,10,6,64.8
48001,Anderson,TX,2016.0,1988.0,1957.0,1960.0,2005.0,2260.0,2495.0,2645.0,-0.5,0.0073,0.0067,0.0026,0.0073,0.0092,0.0095,0.564,0.0844,18,5,50.8
48003,Andrews,TX,2381.0,2341.0,2328.0,2374.0,2419.0,2726.0,3009.0,3190.0,1.6,0.0076,0.0058,0.0062,0.0098,0.0139,0.0119,0.583,0.1059,10,2,52.5
48005,Angelina,TX,1879.0,1878.0,1893.0,1910.0,1962.0,2211.0,2441.0,2587.0,4.4,0.0064,0.0053,0.0044,0.0057,0.0074,0.0071,0.441,0.0583,14,3,45.8
48007,Aransas,TX,1798.0,1825.0,1853.0,1812.0,1893.0,2134.0,2355.0,2497.0,5.3,0.0061,0.0047,0.0056,0.0079,0.0107,0.0154,1.682,0.0277,20,3,70.5
48009,Archer,TX,2555.0,2567.0,2597.0,2586.0,2658.0,2995.0,3307.0,3505.0,4.0,0.0047,0.0034,0.0016,0.0051,0.0037,0.0062,0.415,0.0847,14,2,39.4
48011,Armstrong,TX,2755.0,2685.0,2698.0,2639.0,2766.0,3117.0,3441.0,3647.0,0.4,0.0,0.0146,0.0045,0.0,0.0043,0.0,0.815,0.141,10,3,40.2
48013,Atascosa,TX,1769.0,1762.0,1737.0,1752.0,1753.0,1976.0,2181.0,2312.0,-0.9,0.0141,0.0113,0.0049,0.0086,0.0096,0.0124,0.456,0.0628,14,3,47.9
48015,Austin,TX,2356.0,2353.0,2400.0,2430.0,2504.0,2822.0,3115.0,3302.0,6.3,0.0075,0.0031,0.0044,0.01,0.0047,0.0094,0.34,0.0422,16,4,52.9
48017,Bailey,TX,2878.0,2464.0,2424.0,2448.0,2552.0,2876.0,3175.0,3365.0,-11.3,0.0079,0.0041,0.004,0.011,0.0179,0.0098,0.745,0.0996,11,3,44.6
48019,Bandera,TX,1995.0,1997.0,2008.0,2023.0,2055.0,2316.0,2557.0,2711.0,3.0,0.0067,0.0045,0.0052,0.0057,0.0102,0.0094,0.408,0.0614,9,2,45.0
48021,Bastrop,TX,1776.0,1802.0,1787.0,1823.0,1876.0,2114.0,2334.0,2474.0,5.6,0.008,0.0063,0.0041,0.006,0.0064,0.0086,0.508,0.06,22,3,55.7
48023,Baylor,TX,2828.0,2615.0,2601.0,2535.0,2616.0,2948.0,3255.0,3450.0,-7.5,0.0075,0.0066,0.0,0.0,0.0,0.0053,0.61,0.0964,12,3,33.3
48025,Bee,TX,2458.0,2354.0,2304.0,2338.0,2314.0,2607.0,2879.0,3051.0,-5.9,0.0135,0.0139,0.0067,0.0175,0.012,0.0068,0.194,0.0391,16,2,17.1
48027,Bell,TX,1702.0,1736.0,1758.0,1813.0,1890.0,2130.0,2351.0,2493.0,11.0,0.0063,0.0053,0.0043,0.0055,0.0071,0.01,0.519,0.0962,12,3,65.7
48029,Bexar,TX,1770.0,1790.0,1794.0,1821.0,1881.0,2120.0,2340.0,2481.0,6.3,0.0098,0.008,0.0056,0.0071,0.0071,0.0092,0.575,0.0903,21,3,59.3
48031,Blanco,TX,2159.0,2214.0,2198.0,2265.0,2348.0,2646.0,2922.0,3097.0,8.8,0.0035,0.0056,0.007,0.0088,0.0084,0.0091,0.367,0.0433,12,4,57.1
48033,Borden,TX,,,,,,,,,,0.0076,0.0055,0.0053,0.0083,0.0079,0.0063,,,9,2,
48035,Bosque,TX,2398.0,2295.0,2279.0,2347.0,2432.0,2741.0,3026.0,3208.0,1.4,0.0153,0.006,0.0081,0.0094,0.0128,0.0112,0.688,0.083,16,4,57.7
48037,Bowie,TX,2060.0,1997.0,1991.0,2022.0,2094.0,2360.0,2605.0,2761.0,1.7,0.0078,0.0053,0.0036,0.0063,0.0079,0.0071,0.47,0.0689,16,4,42.7
48039,Brazoria,TX,2035.0,2055.0,2115.0,2124.0,2082.0,2346.0,2590.0,2746.0,2.3,0.0063,0.0044,0.0035,0.0054,0.0088,0.0127,0.296,0.0347,21,3,44.6
48041,Brazos,TX,1718.0,1741.0,1776.0,1810.0,1884.0,2123.0,2344.0,2485.0,9.7,0.0052,0.0042,0.0031,0.0054,0.0064,0.0053,1.126,0.1736,12,3,61.0
48043,Brewster,TX,1915.0,1836.0,1815.0,1842.0,1825.0,2057.0,2271.0,2407.0,-4.7,0.0037,0.0074,0.0049,0.0119,0.0092,0.0076,0.377,0.0424,9,2,28.6
48045,Briscoe,TX,3379.0,2431.0,2261.0,2267.0,2380.0,2683.0,2962.0,3139.0,-29.6,0.0143,0.0282,0.0122,0.0244,0.0,0.0114,1.614,0.2234,10,2,45.3
48047,Brooks,TX,2484.0,2469.0,2455.0,2338.0,2444.0,2754.0,3040.0,3223.0,-1.6,0.0047,0.0047,0.0091,0.0317,0.0222,0.0171,0.156,0.0449,16,2,37.6
48049,Brown,TX,2331.0,2239.0,2231.0,2282.0,2286.0,2577.0,2845.0,3015.0,-1.9,0.0119,0.0058,0.0046,0.0076,0.0099,0.0108,0.395,0.0672,16,3,40.3
48051,Burleson,TX,1713.0,1654.0,1687.0,1688.0,1716.0,1934.0,2135.0,2264.0,0.2,0.0109,0.0092,0.0073,0.0121,0.0076,0.0078,0.717,0.1044,13,4,49.8
48053,Burnet,TX,2066.0,2086.0,2086.0,2136.0,2205.0,2485.0,2743.0,2908.0,6.7,0.0035,0.0045,0.0048,0.0063,0.0073,0.0096,0.644,0.0696,14,4,64.7
48055,Caldwell,TX,1699.0,1738.0,1730.0,1750.0,1691.0,1906.0,2104.0,2230.0,-0.5,0.0105,0.0087,0.0053,0.0065,0.0054,0.0067,0.465,0.0649,17,3,37.5
48057,Calhoun,TX,1866.0,1827.0,1838.0,1751.0,1653.0,1863.0,2057.0,2180.0,-11.4,0.0085,0.0062,0.0064,0.0151,0.0113,0.0127,0.571,0.0281,20,4,48.9
48059,Callahan,TX,2365.0,2296.0,2268.0,2311.0,2368.0,2669.0,2947.0,3124.0,0.1,0.0044,0.0044,0.0044,0.0123,0.0096,0.0088,0.377,0.0602,17,2,33.9
48061,Cameron,TX,1986.0,1895.0,1835.0,1825.0,1779.0,2005.0,2213.0,2346.0,-10.4,0.0055,0.0057,0.0035,0.005,0.0054,0.0059,0.203,0.0285,21,4,22.1
48063,Camp,TX,2259.0,2268.0,2292.0,2281.0,2343.0,2641.0,2915.0,3090.0,3.7,0.0034,0.0063,0.0038,0.0058,0.0104,0.0123,0.371,0.0674,9,3,50.5
48065,Carson,TX,2689.0,2578.0,2641.0,2611.0,2643.0,2979.0,3288.0,3486.0,-1.7,0.0087,0.0084,0.0062,0.0043,0.0057,0.008,0.75,0.1371,10,3,44.5
48067,Cass,TX,2098.0,2046.0,2020.0,2013.0,2063.0,2325.0,2566.0,2720.0,-1.7,0.0102,0.0043,0.0073,0.0075,0.0098,0.0121,0.594,0.084,19,4,51.8
48069,Castro,TX,2888.0,2551.0,2467.0,2439.0,2489.0,2805.0,3097.0,3283.0,-13.8,0.0141,0.0026,0.0077,0.0128,0.0078,0.0156,0.261,0.0465,9,2,33.4
48071,Chambers,TX,2348.0,2311.0,2332.0,2324.0,2165.0,2440.0,2694.0,2856.0,-7.8,0.0032,0.005,0.0034,0.0055,0.0072,0.0334,0.262,0.0353,15,3,38.8
48073,Cherokee,TX,2046.0,2009.0,1987.0,2011.0,2055.0,2316.0,2557.0,2711.0,0.4,0.0098,0.0079,0.0049,0.0061,0.0085,0.008,0.721,0.0846,18,4,49.9
48075,Childress,TX,2629.0,2622.0,2612.0,2672.0,2586.0,2915.0,3218.0,3411.0,-1.6,0.0093,0.0089,0.0062,0.0059,0.0037,0.0109,0.392,0.0572,9,2,39.3
48077,Clay,TX,2692.0,2657.0,2679.0,2692.0,2643.0,2979.0,3289.0,3486.0,-1.8,0.0053,0.0051,0.005,0.0075,0.0095,0.0059,0.496,0.0885,13,3,34.1
48079,Cochran,TX,2747.0,2484.0,2433.0,2466.0,2481.0,2796.0,3087.0,3272.0,-9.7,0.0,0.0,0.0,0.0263,0.0,0.0,0.317,0.0642,10,3,16.8
48081,Coke,TX,2268.0,2077.0,2012.0,2016.0,2104.0,2371.0,2617.0,2774.0,-7.2,0.0,0.0075,0.0066,0.0238,0.0172,0.0054,0.26,0.0418,12,4,20.9
48083,Coleman,TX,2365.0,2243.0,2204.0,2307.0,2254.0,2540.0,2805.0,2973.0,-4.7,0.0148,0.015,0.0058,0.0079,0.0153,0.0193,0.592,0.0578,12,3,52.9
48085,Collin,TX,2499.0,2578.0,2710.0,2833.0,3050.0,3438.0,3795.0,4023.0,22.0,0.0077,0.0058,0.0039,0.0051,0.0042,0.005,0.762,0.0872,11,3,67.0
48087,Collingsworth,TX,3143.0,2648.0,2466.0,2361.0,2361.0,2661.0,2938.0,3114.0,-24.9,0.0,0.0,0.016,0.0,0.0,0.0,0.974,0.1866,9,2,30.7
48089,Colorado,TX,2398.0,2422.0,2468.0,2504.0,2570.0,2896.0,3198.0,3390.0,7.2,0.0073,0.0073,0.0058,0.0116,0.0088,0.0108,0.456,0.0394,13,3,59.7
48091,Comal,TX,1988.0,1984.0,1932.0,2016.0,2101.0,2368.0,2614.0,2771.0,5.7,0.0046,0.0032,0.0031,0.0069,0.0064,0.0062,0.518,0.0675,16,3,48.3
48093,Comanche,TX,2384.0,2212.0,2181.0,2208.0,2255.0,2541.0,2805.0,2974.0,-5.4,0.0092,0.0075,0.0029,0.0096,0.0095,0.0076,0.699,0.1242,11,2,38.4
48095,Concho,TX,2106.0,1959.0,1938.0,2028.0,1993.0,2246.0,2480.0,2629.0,-5.4,0.0099,0.0,0.0,0.0163,0.0147,0.0405,0.182,0.0521,10,4,42.6
48097,Cooke,TX,2808.0,2694.0,2657.0,2730.0,2807.0,3164.0,3493.0,3702.0,-0.0,0.0104,0.0045,0.0026,0.0076,0.0041,0.0079,0.438,0.0715,11,3,37.9
48099,Coryell,TX,1638.0,1655.0,1671.0,1736.0,1806.0,2036.0,2247.0,2382.0,10.3,0.0068,0.0053,0.0045,0.0107,0.0072,0.0133,0.518,0.0934,14,3,68.6
48101,Cottle,TX,3020.0,2899.0,2593.0,2524.0,2595.0,2925.0,3229.0,3423.0,-14.1,0.0,0.0,0.0,0.0,0.0185,0.0,0.517,0.0554,11,2,22.4
48103,Crane,TX,2062.0,2194.0,2178.0,2251.0,2270.0,2559.0,2825.0,2994.0,10.1,0.0129,0.0,0.0075,0.0172,0.0136,0.0135,0.18,0.0285,8,2,53.4
48105,Crockett,TX,2290.0,2184.0,2138.0,2134.0,2187.0,2464.0,2721.0,2884.0,-4.5,0.016,0.0,0.0154,0.0147,0.0068,0.0133,0.281,0.0543,9,2,33.3
48107,Crosby,TX,2561.0,2483.0,2462.0,2463.0,2530.0,2851.0,3148.0,3337.0,-1.2,0.0085,0.0086,0.0042,0.0038,0.011,0.0101,1.266,0.1977,10,2,49.3
48109,Culberson,TX,1775.0,1650.0,1744.0,1763.0,1580.0,1781.0,1966.0,2084.0,-11.0,0.0,0.0137,0.0256,0.0241,0.0323,0.0106,0.207,0.0432,8,2,25.6
48111,Dallam,TX,2653.0,2380.0,2277.0,2284.0,2296.0,2587.0,2856.0,3028.0,-13.5,0.0108,0.0033,0.0085,0.0062,0.0074,0.0061,0.314,0.0446,7,2,18.4
48113,Dallas,TX,2636.0,2715.0,2810.0,2897.0,3071.0,3461.0,3821.0,4050.0,16.5,0.0078,0.0058,0.0044,0.006,0.0055,0.008,0.735,0.1032,15,3,71.3
48115,Dawson,TX,2738.0,2554.0,2510.0,2564.0,2505.0,2824.0,3117.0,3304.0,-8.5,0.0087,0.0101,0.0032,0.0162,0.0154,0.0063,1.103,0.1874,10,2,36.6
48117,Deaf Smith,TX,2741.0,2635.0,2388.0,2351.0,2324.0,2619.0,2892.0,3065.0,-15.2,0.0085,0.008,0.0032,0.0099,0.0072,0.007,1.777,0.2894,10,2,37.0
48119,Delta,TX,2105.0,2107.0,2061.0,2070.0,2165.0,2440.0,2694.0,2856.0,2.9,0.0075,0.0037,0.007,0.0065,0.0095,0.0091,0.512,0.0752,12,3,49.7
48121,Denton,TX,2401.0,2468.0,2555.0,2666.0,2822.0,3180.0,3511.0,3721.0,17.5,0.0077,0.0047,0.0038,0.0054,0.0045,0.0054,0.735,0.0947,14,3,66.4
48123,DeWitt,TX,2111.0,2087.0,2095.0,2145.0,2089.0,2355.0,2600.0,2756.0,-1.0,0.0155,0.0098,0.0042,0.0161,0.0096,0.0083,0.313,0.035,13,3,32.7
48125,Dickens,TX,2180.0,2264.0,2341.0,2256.0,2269.0,2557.0,2822.0,2992.0,4.1,0.011,0.0,0.0,0.0206,0.0109,0.0097,0.459,0.0951,10,2,47.8
48127,Dimmit,TX,1694.0,1653.0,1605.0,1637.0,1666.0,1878.0,2073.0,2197.0,-1.7,0.0084,0.0136,0.0027,0.0104,0.0179,0.0103,0.345,0.0549,11,2,35.0
48129,Donley,TX,2681.0,2461.0,2478.0,2443.0,2589.0,2918.0,3221.0,3414.0,-3.4,0.0056,0.0168,0.0,0.0049,0.0087,0.0085,0.228,0.0512,12,5,31.8
48131,Duval,TX,2059.0,1991.0,1956.0,2010.0,2036.0,2294.0,2533.0,2685.0,-1.1,0.0137,0.0141,0.0092,0.0067,0.0212,0.0169,0.264,0.0502,12,2,37.9
48133,Eastland,TX,2379.0,2270.0,2251.0,2279.0,2318.0,2612.0,2884.0,3057.0,-2.6,0.0159,0.0066,0.0062,0.009,0.0138,0.0128,0.4,0.0623,18,5,47.0
48135,Ector,TX,2348.0,2316.0,2297.0,2321.0,2335.0,2632.0,2906.0,3080.0,-0.6,0.0103,0.0068,0.0042,0.007,0.0086,0.0111,0.328,0.0529,10,2,36.9
48137,Edwards,TX,1737.0,1682.0,1753.0,1656.0,1609.0,1814.0,2002.0,2123.0,-7.4,0.0282,0.0,0.0,0.0199,0.0137,0.0066,0.283,0.0348,12,3,23.7
48139,Ellis,TX,2224.0,2216.0,2200.0,2195.0,2291.0,2581.0,2850.0,3021.0,3.0,0.0069,0.0043,0.0038,0.0041,0.0033,0.0053,0.704,0.0879,15,3,45.4
48141,El Paso,TX,1309.0,1294.0,1300.0,1319.0,1343.0,1513.0,1670.0,1771.0,2.6,0.0084,0.0077,0.0049,0.0063,0.0079,0.0101,0.501,0.0657,10,2,48.0
48143,Erath,TX,2243.0,2242.0,2277.0,2305.0,2419.0,2726.0,3009.0,3190.0,7.8,0.0035,0.0039,0.0051,0.0047,0.0077,0.0046,0.378,0.0434,12,2,40.8
48145,Falls,TX,1937.0,1886.0,1904.0,1909.0,1978.0,2230.0,2461.0,2609.0,2.1,0.0094,0.0067,0.0039,0.0168,0.0134,0.0236,0.967,0.156,10,4,68.9
48147,Fannin,TX,2272.0,2176.0,2168.0,2209.0,2296.0,2588.0,2857.0,3029.0,1.1,0.0049,0.004,0.0042,0.0047,0.0085,0.0099,0.628,0.0924,12,3,51.1
48149,Fayette,TX,2376.0,2420.0,2522.0,2527.0,2622.0,2955.0,3263.0,3459.0,10.4,0.0058,0.0055,0.0099,0.0052,0.0119,0.0074,0.224,0.0358,13,3,46.1
48151,Fisher,TX,2936.0,2741.0,2492.0,2587.0,2601.0,2931.0,3236.0,3430.0,-11.4,0.0,0.0,0.0,0.0139,0.0,0.0095,0.739,0.1281,11,2,42.0
48153,Floyd,TX,2637.0,2518.0,2560.0,2561.0,2638.0,2973.0,3282.0,3479.0,0.0,0.004,0.0192,0.0,0.0118,0.0078,0.0147,0.754,0.108,10,2,56.3
48155,Foard,TX,2799.0,2588.0,2708.0,2738.0,2700.0,3043.0,3359.0,3561.0,-3.5,0.0244,0.0,0.0,0.0,0.0,0.0,0.358,0.0869,11,2,17.9
48157,Fort Bend,TX,2693.0,2654.0,2661.0,2729.0,2847.0,3208.0,3542.0,3754.0,5.7,0.0116,0.008,0.0069,0.0094,0.011,0.0148,0.359,0.0528,20,3,58.0
48159,Franklin,TX,2780.0,2709.0,2684.0,2725.0,2933.0,3306.0,3650.0,3869.0,5.5,0.0112,0.0051,0.0028,0.004,0.009,0.0178,0.385,0.0639,15,3,60.1
48161,Freestone,TX,2133.0,2083.0,2060.0,2097.0,2217.0,2499.0,2759.0,2924.0,3.9,0.0111,0.0068,0.0057,0.0105,0.008,0.0124,0.623,0.0747,10,4,62.9
48163,Frio,TX,1808.0,1731.0,1701.0,1703.0,1745.0,1967.0,2172.0,2302.0,-3.5,0.0079,0.0027,0.0077,0.0118,0.0155,0.0178,0.352,0.0569,12,2,39.1
48165,Gaines,TX,2475.0,2358.0,2296.0,2335.0,2310.0,2604.0,2874.0,3047.0,-6.7,0.0067,0.0038,0.0021,0.0066,0.0079,0.0078,0.418,0.0639,9,2,29.0
48167,Galveston,TX,1729.0,1728.0,1765.0,1743.0,1687.0,1902.0,2099.0,2225.0,-2.4,0.0079,0.0068,0.0044,0.0056,0.0121,0.0147,0.362,0.0306,20,3,42.8
48169,Garza,TX,2515.0,2447.0,2501.0,2554.0,2707.0,3051.0,3369.0,3571.0,7.6,0.0043,0.0,0.015,0.0071,0.0066,0.0064,0.62,0.0778,11,2,53.5
48171,Gillespie,TX,2082.0,2121.0,2200.0,2320.0,2484.0,2800.0,3091.0,3276.0,19.3,0.0057,0.0043,0.004,0.0054,0.0082,0.0122,0.344,0.0459,11,4,70.8
48173,Glasscock,TX,,,,,,,,,,0.0,0.0,0.0,0.0,0.0,0.0,,,8,2,
48175,Goliad,TX,2714.0,2535.0,2470.0,2481.0,2535.0,2857.0,3154.0,3344.0,-6.6,0.0044,0.0084,0.0,0.0038,0.0175,0.0102,0.297,0.0355,14,3,32.8
48177,Gonzales,TX,2040.0,2034.0,2016.0,2025.0,2067.0,2330.0,2572.0,2726.0,1.3,0.0098,0.0085,0.0035,0.0056,0.0066,0.0085,0.445,0.0645,13,3,44.1
48179,Gray,TX,2770.0,2606.0,2609.0,2636.0,2707.0,3051.0,3369.0,3571.0,-2.3,0.0155,0.0088,0.0038,0.0089,0.0072,0.0106,0.479,0.0815,10,3,44.7
48181,Grayson,TX,2410.0,2346.0,2334.0,2369.0,2489.0,2805.0,3096.0,3282.0,3.3,0.0055,0.006,0.0046,0.0047,0.0061,0.0063,0.606,0.0896,12,2,42.5
48183,Gregg,TX,2107.0,2073.0,2042.0,2088.0,2164.0,2439.0,2693.0,2854.0,2.7,0.009,0.0073,0.004,0.0051,0.0047,0.0064,0.81,0.1201,13,3,48.2
48185,Grimes,TX,2094.0,2048.0,2028.0,2046.0,2082.0,2346.0,2590.0,2746.0,-0.6,0.0143,0.0068,0.0068,0.0081,0.0111,0.0097,0.467,0.053,20,4,45.3
48187,Guadalupe,TX,1661.0,1681.0,1698.0,1765.0,1806.0,2035.0,2247.0,2382.0,8.7,0.0063,0.0056,0.0043,0.0047,0.0042,0.0048,0.522,0.0667,15,4,54.3
48189,Hale,TX,2492.0,2398.0,2424.0,2484.0,2577.0,2904.0,3206.0,3398.0,3.4,0.0091,0.0112,0.0066,0.0134,0.0136,0.008,0.759,0.1197,7,2,51.9
48191,Hall,TX,2755.0,2587.0,2503.0,2619.0,2618.0,2951.0,3258.0,3453.0,-5.0,0.0181,0.006,0.0058,0.0055,0.0223,0.0112,0.19,0.0508,13,2,29.8
48193,Hamilton,TX,2163.0,2132.0,2140.0,2176.0,2245.0,2530.0,2793.0,2960.0,3.8,0.0097,0.0047,0.0042,0.0076,0.0171,0.0048,0.403,0.0655,11,4,39.0
48195,Hansford,TX,3379.0,2622.0,2523.0,2541.0,2651.0,2988.0,3299.0,3496.0,-21.5,0.014,0.0066,0.0094,0.0126,0.0093,0.0029,0.336,0.0694,8,2,16.2
48197,Hardeman,TX,3089.0,2850.0,2806.0,2715.0,2730.0,3077.0,3397.0,3601.0,-11.6,0.0,0.0125,0.0056,0.0053,0.0054,0.0172,0.503,0.0924,10,2,43.7
48199,Hardin,TX,2569.0,2495.0,2509.0,2543.0,2592.0,2921.0,3225.0,3419.0,0.9,0.0079,0.0067,0.0028,0.0036,0.0055,0.0087,0.247,0.0342,21,4,37.5
48201,Harris,TX,2875.0,2867.0,2878.0,2927.0,3043.0,3430.0,3786.0,4013.0,5.8,0.0099,0.0065,0.0055,0.0088,0.0091,0.0105,0.37,0.0556,24,4,55.1
48203,Harrison,TX,2087.0,2041.0,2012.0,2036.0,2108.0,2375.0,2622.0,2780.0,1.0,0.0102,0.01,0.0052,0.0074,0.0092,0.011,0.657,0.1017,19,3,55.4
48205,Hartley,TX,,,,,,,,,,0.0159,0.0,0.0,0.0098,0.0,0.0091,,,9,2,
48207,Haskell,TX,2677.0,2545.0,2577.0,2557.0,2608.0,2939.0,3245.0,3439.0,-2.6,0.0081,0.0,0.0,0.0053,0.008,0.0224,0.417,0.0902,11,2,45.2
48209,Hays,TX,1817.0,1855.0,1876.0,1960.0,2081.0,2345.0,2589.0,2744.0,14.5,0.0046,0.0051,0.0028,0.0041,0.0045,0.0056,0.429,0.0497,17,4,56.2
48211,Hemphill,TX,3420.0,3046.0,2911.0,2847.0,3042.0,3428.0,3785.0,4012.0,-11.1,0.0073,0.0,0.0068,0.0065,0.02,0.0132,0.591,0.1101,10,3,46.1
48213,Henderson,TX,2236.0,2212.0,2232.0,2282.0,2390.0,2693.0,2973.0,3152.0,6.9,0.0063,0.0041,0.0036,0.0072,0.0075,0.0095,0.691,0.0749,15,4,66.0
48215,Hidalgo,TX,1831.0,1739.0,1685.0,1738.0,1714.0,1932.0,2133.0,2260.0,-6.4,0.0055,0.0045,0.0039,0.0064,0.0057,0.0069,0.396,0.0502,22,4,31.8
48217,Hill,TX,2213.0,2158.0,2094.0,2141.0,2178.0,2455.0,2710.0,2873.0,-1.6,0.0145,0.0099,0.004,0.0103,0.0126,0.0116,0.433,0.0638,15,3,44.3
48219,Hockley,TX,2545.0,2531.0,2510.0,2465.0,2436.0,2745.0,3031.0,3213.0,-4.3,0.0081,0.0043,0.0041,0.0051,0.0068,0.0067,0.576,0.0802,10,3,35.2
48221,Hood,TX,2483.0,2520.0,2541.0,2611.0,2780.0,3133.0,3459.0,3666.0,12.0,0.007,0.0071,0.0042,0.0061,0.0052,0.0083,0.675,0.0891,13,4,68.9
48223,Hopkins,TX,2291.0,2165.0,2134.0,2151.0,2214.0,2495.0,2754.0,2919.0,-3.4,0.0064,0.0094,0.0021,0.0068,0.0088,0.0093,0.602,0.0809,15,4,45.6
48225,Houston,TX,1909.0,1856.0,1842.0,1843.0,1858.0,2093.0,2311.0,2450.0,-2.7,0.0074,0.0062,0.0066,0.0051,0.011,0.0122,0.665,0.0859,17,4,53.3
48227,Howard,TX,2532.0,2456.0,2439.0,2453.0,2405.0,2710.0,2992.0,3172.0,-5.0,0.0115,0.0087,0.0046,0.0161,0.0082,0.0156,0.684,0.1157,13,2,50.8
48229,Hudspeth,TX,,,,,,,,,,0.0,0.0,0.0,0.0,0.0,0.0208,,,8,2,
48231,Hunt,TX,2345.0,2281.0,2239.0,2216.0,2251.0,2537.0,2800.0,2968.0,-4.0,0.0088,0.0056,0.0049,0.0072,0.0079,0.0095,0.643,0.0825,11,2,41.1
48233,Hutchinson,TX,2730.0,2653.0,2592.0,2632.0,2720.0,3066.0,3385.0,3588.0,-0.4,0.0078,0.0051,0.0055,0.0087,0.0034,0.0093,0.68,0.1141,13,4,51.5
48235,Irion,TX,2518.0,2474.0,2484.0,2517.0,2519.0,2839.0,3134.0,3322.0,0.0,0.0109,0.0,0.0102,0.0,0.0081,0.032,0.178,0.0565,8,2,41.5
48237,Jack,TX,2664.0,2561.0,2525.0,2563.0,2575.0,2902.0,3204.0,3396.0,-3.3,0.0047,0.0074,0.0023,0.0021,0.0113,0.0145,1.072,0.1262,11,2,51.7
48239,Jackson,TX,2748.0,2680.0,2695.0,2719.0,2763.0,3114.0,3438.0,3644.0,0.5,0.0179,0.0057,0.0036,0.0085,0.0133,0.0125,0.137,0.0326,14,3,39.9
48241,Jasper,TX,2347.0,2289.0,2269.0,2287.0,2285.0,2576.0,2844.0,3014.0,-2.6,0.0096,0.0061,0.0042,0.0067,0.0138,0.0108,0.531,0.0883,23,4,48.2
48243,Jeff Davis,TX,2067.0,1969.0,1940.0,1950.0,1915.0,2158.0,2382.0,2525.0,-7.4,0.0047,0.0046,0.0,0.0082,0.0076,0.0073,0.29,0.0392,14,2,22.3
48245,Jefferson,TX,1952.0,2041.0,2130.0,2161.0,2149.0,2422.0,2674.0,2835.0,10.1,0.0099,0.0086,0.0046,0.0055,0.0079,0.0084,0.373,0.0482,17,3,55.4
48247,Jim Hogg,TX,1825.0,1919.0,1983.0,1995.0,1965.0,2214.0,2445.0,2591.0,7.7,0.0,0.022,0.0,0.01,0.0,0.0145,0.145,0.0342,16,2,50.7
48249,Jim Wells,TX,2506.0,2445.0,2371.0,2367.0,2312.0,2606.0,2877.0,3050.0,-7.7,0.0101,0.0095,0.0029,0.0091,0.0104,0.0099,0.178,0.0362,20,2,25.4
48251,Johnson,TX,2135.0,2150.0,2136.0,2199.0,2290.0,2581.0,2849.0,3020.0,7.3,0.0068,0.0057,0.005,0.0052,0.0049,0.0051,0.581,0.0784,10,2,47.7
48253,Jones,TX,2348.0,2346.0,2380.0,2417.0,2469.0,2782.0,3072.0,3256.0,5.2,0.0042,0.0037,0.0041,0.0074,0.0091,0.0053,0.396,0.0681,17,3,39.7
48255,Karnes,TX,1978.0,2001.0,2003.0,2016.0,2052.0,2313.0,2553.0,2707.0,3.7,0.0106,0.007,0.0132,0.0092,0.0147,0.0262,0.241,0.0517,10,2,47.8
48257,Kaufman,TX,2183.0,2133.0,2102.0,2081.0,2134.0,2405.0,2655.0,2814.0,-2.2,0.006,0.0054,0.0041,0.0043,0.0051,0.0094,0.562,0.0702,12,3,44.1
48259,Kendall,TX,2212.0,2240.0,2270.0,2347.0,2467.0,2780.0,3069.0,3254.0,11.5,0.0076,0.006,0.0059,0.0075,0.0068,0.0091,0.627,0.0841,14,4,69.0
48261,Kenedy,TX,,,,,,,,,,0.0093,0.0063,0.0045,0.0154,0.0122,0.02,,,15,3,
48263,Kent,TX,,,,,,,,,,0.0161,0.0137,0.0137,0.0247,0.0405,0.0,,,10,2,
48265,Kerr,TX,2150.0,2189.0,2221.0,2312.0,2366.0,2666.0,2944.0,3120.0,10.0,0.0077,0.0081,0.0043,0.0072,0.0069,0.0099,0.946,0.1077,11,4,73.9
48267,Kimble,TX,1994.0,2005.0,2009.0,2051.0,2080.0,2344.0,2588.0,2744.0,4.3,0.016,0.0031,0.003,0.0028,0.0028,0.0102,0.509,0.0751,13,4,57.2
48269,King,TX,,,,,,,,,,0.0088,0.013,0.0,0.0087,0.0042,0.0133,,,11,2,
48271,Kinney,TX,1656.0,1700.0,1765.0,1792.0,1744.0,1966.0,2170.0,2300.0,5.3,0.0206,0.0,0.0,0.0072,0.0071,0.0071,1.626,0.1861,8,2,53.9
48273,Kleberg,TX,2073.0,2022.0,2038.0,2015.0,1969.0,2219.0,2450.0,2597.0,-5.0,0.0076,0.0143,0.0018,0.0051,0.0061,0.0048,0.262,0.0316,18,3,18.1
48275,Knox,TX,2914.0,2638.0,2563.0,2500.0,2555.0,2880.0,3179.0,3370.0,-12.3,0.0088,0.013,0.0,0.0087,0.0042,0.0133,0.464,0.0662,11,2,40.1
48277,Lamar,TX,2128.0,2077.0,2037.0,2062.0,2146.0,2418.0,2670.0,2830.0,0.8,0.0044,0.0037,0.0045,0.0035,0.0067,0.0063,0.738,0.0786,14,3,45.9
48279,Lamb,TX,2540.0,2368.0,2309.0,2301.0,2299.0,2591.0,2860.0,3032.0,-9.5,0.0227,0.0119,0.0055,0.0118,0.013,0.0123,0.337,0.0609,10,2,34.4
48281,Lampasas,TX,1789.0,1840.0,1847.0,1957.0,2017.0,2273.0,2509.0,2659.0,12.7,0.0031,0.0052,0.002,0.0049,0.0113,0.0086,0.717,0.1225,12,4,70.3
48283,La Salle,TX,1738.0,1798.0,1698.0,1690.0,1731.0,1951.0,2154.0,2284.0,-0.4,0.0135,0.0145,0.0125,0.0118,0.0426,0.0,0.222,0.0481,12,2,16.2
48285,Lavaca,TX,2186.0,2143.0,2133.0,2177.0,2170.0,2445.0,2700.0,2862.0,-0.7,0.0128,0.0036,0.0084,0.0096,0.006,0.0072,0.126,0.0251,10,3,26.6
48287,Lee,TX,1960.0,1990.0,1993.0,2025.0,2077.0,2341.0,2584.0,2740.0,6.0,0.0132,0.0051,0.0023,0.0063,0.0049,0.0148,0.411,0.0509,15,5,63.8
48289,Leon,TX,1993.0,1970.0,1962.0,1977.0,2047.0,2307.0,2547.0,2700.0,2.7,0.009,0.0066,0.0021,0.0051,0.0081,0.0122,0.481,0.0616,18,5,58.6
48291,Liberty,TX,2526.0,2457.0,2450.0,2438.0,2406.0,2711.0,2993.0,3173.0,-4.8,0.0091,0.0082,0.0045,0.0081,0.0087,0.0091,0.255,0.0432,23,4,31.8
48293,Limestone,TX,1972.0,1942.0,1915.0,1949.0,2019.0,2275.0,2512.0,2662.0,2.4,0.0104,0.0048,0.003,0.0083,0.0098,0.0103,0.388,0.0667,11,4,49.1
48295,Lipscomb,TX,3085.0,2656.0,2496.0,2504.0,2575.0,2902.0,3204.0,3396.0,-16.5,0.0065,0.0,0.0,0.0,0.0175,0.0,0.973,0.1914,7,2,28.4
48297,Live Oak,TX,2516.0,2438.0,2359.0,2333.0,2315.0,2609.0,2881.0,3053.0,-8.0,0.0083,0.0061,0.004,0.011,0.0052,0.0058,0.176,0.0303,15,2,16.8
48299,Llano,TX,2293.0,2313.0,2351.0,2420.0,2511.0,2830.0,3124.0,3312.0,9.5,0.0058,0.0036,0.0036,0.0046,0.0053,0.0076,0.6,0.0641,10,3,60.8
48301,Loving,TX,,,,,,,,,,,,,0.0191,0.0137,0.0069,,,7,2,
48303,Lubbock,TX,2372.0,2387.0,2414.0,2447.0,2504.0,2822.0,3115.0,3302.0,5.6,0.005,0.0052,0.0038,0.0044,0.0037,0.0053,0.735,0.1234,12,2,49.7
48305,Lynn,TX,2731.0,2593.0,2528.0,2614.0,2726.0,3073.0,3392.0,3596.0,-0.2,0.0082,0.0037,0.0034,0.0031,0.0026,0.0024,0.623,0.0928,12,3,35.9
48307,McCulloch,TX,2341.0,2195.0,2137.0,2187.0,2214.0,2495.0,2755.0,2920.0,-5.4,0.0106,0.01,0.0094,0.0044,0.0154,0.0161,0.24,0.0565,13,4,39.2
48309,McLennan,TX,1920.0,1935.0,1929.0,1963.0,2059.0,2321.0,2562.0,2716.0,7.2,0.0062,0.0089,0.004,0.0061,0.0064,0.0085,0.471,0.0778,11,2,53.5
48311,McMullen,TX,,,,,,,,,,0.0,0.0,0.0,0.0,0.0303,0.0058,,,11,2,
48313,Madison,TX,1877.0,1900.0,1911.0,1895.0,1942.0,2189.0,2416.0,2561.0,3.5,0.0127,0.0124,0.0034,0.0076,0.0113,0.0099,0.703,0.0734,18,4,60.4
48315,Marion,TX,2080.0,2091.0,2025.0,2017.0,2134.0,2405.0,2655.0,2814.0,2.6,0.0089,0.005,0.01,0.0116,0.0115,0.0145,0.486,0.0691,14,3,56.9
48317,Martin,TX,2581.0,2525.0,2478.0,2517.0,2559.0,2884.0,3184.0,3375.0,-0.9,0.0054,0.0042,0.0025,0.0022,0.0034,0.0066,0.64,0.1089,9,2,39.5
48319,Mason,TX,1920.0,1906.0,1960.0,2079.0,2201.0,2481.0,2739.0,2903.0,14.6,0.0,0.0063,0.0,0.0051,0.0146,0.0175,0.617,0.075,11,3,78.8
48321,Matagorda,TX,2127.0,2117.0,2112.0,2079.0,1980.0,2232.0,2464.0,2612.0,-6.9,0.0085,0.0071,0.0026,0.0063,0.0087,0.0136,0.284,0.0326,17,3,35.1
48323,Maverick,TX,1499.0,1493.0,1477.0,1441.0,1449.0,1633.0,1803.0,1911.0,-3.3,0.0096,0.0115,0.0082,0.0081,0.0074,0.0112,0.431,0.0672,9,2,38.3
48325,Medina,TX,2024.0,2009.0,1995.0,2042.0,2054.0,2315.0,2556.0,2709.0,1.5,0.0068,0.0064,0.0052,0.0059,0.0069,0.0112,0.829,0.1278,11,2,52.9
48327,Menard,TX,2120.0,1986.0,2000.0,1987.0,1938.0,2184.0,2411.0,2555.0,-8.6,0.0,0.0,0.0,0.0,0.0139,0.0,0.184,0.0254,12,3,13.3
48329,Midland,TX,2383.0,2409.0,2405.0,2452.0,2490.0,2806.0,3098.0,3284.0,4.5,0.0069,0.0051,0.0037,0.0051,0.0038,0.0092,0.677,0.1165,13,2,55.8
48331,Milam,TX,1845.0,1795.0,1853.0,1911.0,1985.0,2237.0,2470.0,2618.0,7.6,0.0084,0.0035,0.0024,0.0124,0.0144,0.0117,0.399,0.0666,15,5,63.2
48333,Mills,TX,2126.0,2068.0,2058.0,2168.0,2137.0,2408.0,2659.0,2818.0,0.5,0.0051,0.0052,0.0,0.0043,0.0118,0.0037,0.891,0.1281,10,3,41.5
48335,Mitchell,TX,2645.0,2398.0,2343.0,2408.0,2387.0,2691.0,2970.0,3149.0,-9.8,0.0207,0.0164,0.013,0.0181,0.0204,0.0143,0.65,0.1274,9,2,47.3
48337,Montague,TX,2647.0,2636.0,2639.0,2711.0,2737.0,3085.0,3406.0,3610.0,3.4,0.0043,0.0049,0.0058,0.0063,0.0078,0.0076,0.386,0.0685,14,3,42.5
48339,Montgomery,TX,2191.0,2209.0,2229.0,2245.0,2318.0,2612.0,2884.0,3057.0,5.8,0.01,0.0069,0.0051,0.0064,0.0071,0.0073,0.519,0.0597,25,5,55.3
48341,Moore,TX,2431.0,2261.0,2264.0,2293.0,2375.0,2676.0,2955.0,3132.0,-2.3,0.0089,0.0099,0.0032,0.005,0.0061,0.0082,0.546,0.0969,10,3,41.7
48343,Morris,TX,2139.0,2101.0,2050.0,2031.0,2065.0,2328.0,2570.0,2724.0,-3.5,0.0151,0.0103,0.0044,0.0064,0.0158,0.0125,0.75,0.139,13,4,54.9
48345,Motley,TX,,,,,,,,,,0.0,0.0204,0.0,0.0,0.0204,0.0,,,11,2,
48347,Nacogdoches,TX,1884.0,1860.0,1867.0,1911.0,1972.0,2222.0,2453.0,2601.0,4.7,0.0064,0.0052,0.0031,0.008,0.0078,0.0085,0.508,0.0705,18,4,55.2
48349,Navarro,TX,2266.0,2209.0,2134.0,2128.0,2193.0,2472.0,2729.0,2892.0,-3.2,0.0093,0.0103,0.0069,0.0092,0.0079,0.0113,0.451,0.0727,16,3,41.9
48351,Newton,TX,2169.0,2105.0,2097.0,2078.0,2048.0,2308.0,2548.0,2701.0,-5.6,0.0067,0.0068,0.004,0.009,0.0312,0.0013,1.177,0.1613,22,4,35.9
48353,Nolan,TX,2567.0,2446.0,2393.0,2401.0,2453.0,2764.0,3052.0,3235.0,-4.4,0.0042,0.0025,0.0057,0.011,0.0086,0.0086,0.394,0.0779,13,2,31.7
48355,Nueces,TX,2165.0,2127.0,2132.0,2121.0,2094.0,2360.0,2605.0,2762.0,-3.3,0.0082,0.0188,0.0028,0.0057,0.01,0.0089,0.336,0.0298,22,3,32.1
48357,Ochiltree,TX,2775.0,2669.0,2682.0,2692.0,2867.0,3231.0,3567.0,3782.0,3.3,0.0167,0.0139,0.0042,0.0041,0.0102,0.0186,0.286,0.0674,8,2,47.5
48359,Oldham,TX,2515.0,2427.0,2543.0,2501.0,2548.0,2872.0,3170.0,3361.0,1.3,0.0,0.0,0.0,0.0,0.0069,0.0184,2.498,0.3443,9,2,62.7
48361,Orange,TX,2881.0,2793.0,2815.0,2859.0,2857.0,3220.0,3555.0,3768.0,-0.8,0.012,0.0059,0.0029,0.0071,0.0057,0.0051,0.663,0.1235,20,3,37.8
48363,Palo Pinto,TX,3361.0,3230.0,3228.0,3244.0,3441.0,3878.0,4282.0,4539.0,2.4,0.0065,0.0044,0.0052,0.0064,0.0147,0.0092,0.325,0.0491,16,2,36.2
48365,Panola,TX,1956.0,1926.0,1945.0,1964.0,2043.0,2303.0,2542.0,2695.0,4.4,0.0096,0.0052,0.0039,0.0064,0.0115,0.0118,0.749,0.0875,15,4,66.8
48367,Parker,TX,2579.0,2589.0,2597.0,2657.0,2731.0,3078.0,3398.0,3602.0,5.9,0.0066,0.0048,0.0035,0.0053,0.0051,0.0056,0.702,0.0915,14,2,50.4
48369,Parmer,TX,2683.0,2562.0,2528.0,2479.0,2521.0,2841.0,3137.0,3325.0,-6.0,0.0053,0.0103,0.005,0.0097,0.0111,0.0107,0.808,0.1483,9,2,44.0
48371,Pecos,TX,2258.0,2146.0,2112.0,2087.0,2113.0,2381.0,2629.0,2787.0,-6.4,0.013,0.0093,0.0087,0.0124,0.016,0.0182,1.081,0.1668,9,2,53.8
48373,Polk,TX,2148.0,2139.0,2152.0,2147.0,2133.0,2404.0,2654.0,2813.0,-0.7,0.0063,0.0064,0.0053,0.0098,0.0113,0.0076,0.725,0.0809,18,4,47.4
48375,Potter,TX,2418.0,2422.0,2425.0,2428.0,2473.0,2788.0,3077.0,3262.0,2.3,0.0082,0.0071,0.0043,0.0067,0.0081,0.0084,0.637,0.1059,15,3,49.7
48377,Presidio,TX,1701.0,1745.0,1751.0,1702.0,1790.0,2018.0,2227.0,2361.0,5.2,0.009,0.0042,0.0038,0.0112,0.0241,0.0087,0.332,0.0242,10,2,44.4
48379,Rains,TX,2235.0,2192.0,2161.0,2145.0,2242.0,2527.0,2790.0,2957.0,0.3,0.005,0.0057,0.0054,0.0083,0.0143,0.0129,0.527,0.0665,10,3,51.5
48381,Randall,TX,2569.0,2546.0,2558.0,2587.0,2646.0,2982.0,3292.0,3489.0,3.0,0.0041,0.0054,0.0032,0.004,0.0041,0.0045,0.675,0.1014,13,3,44.3
48383,Reagan,TX,2292.0,2396.0,2431.0,2472.0,2511.0,2830.0,3124.0,3312.0,9.6,0.0079,0.0081,0.0,0.0,0.02,0.0118,0.147,0.0409,8,2,50.8
48385,Real,TX,1970.0,1985.0,1998.0,2035.0,2031.0,2288.0,2526.0,2678.0,3.1,0.0064,0.0,0.0113,0.0107,0.0228,0.0163,0.285,0.039,12,3,49.2
48387,Red River,TX,1996.0,1919.0,1899.0,1907.0,1957.0,2206.0,2435.0,2581.0,-2.0,0.0024,0.0093,0.0058,0.0091,0.0158,0.0185,0.434,0.0618,16,4,50.6
48389,Reeves,TX,1973.0,1894.0,1883.0,1862.0,1900.0,2141.0,2364.0,2506.0,-3.7,0.0102,0.004,0.0076,0.0183,0.0207,0.0168,0.262,0.0351,9,3,38.0
48391,Refugio,TX,2874.0,2691.0,2538.0,2516.0,2540.0,2862.0,3160.0,3349.0,-11.6,0.012,0.0285,0.0,0.0038,0.0137,0.0117,1.077,0.0326,19,3,49.8
48393,Roberts,TX,3569.0,3149.0,2669.0,2702.0,2900.0,3268.0,3608.0,3824.0,-18.7,0.0208,0.0,0.0435,0.0,0.0,0.0213,1.517,0.142,10,3,54.5
48395,Robertson,TX,1804.0,1778.0,1769.0,1839.0,1920.0,2164.0,2389.0,2533.0,6.4,0.0109,0.0027,0.0052,0.0095,0.0104,0.009,0.904,0.1139,12,5,67.6
48397,Rockwall,TX,2439.0,2511.0,2587.0,2660.0,2787.0,3141.0,3467.0,3675.0,14.3,0.0055,0.0041,0.0021,0.0039,0.0038,0.0062,0.89,0.107,9,3,66.7
48399,Runnels,TX,2261.0,2259.0,2317.0,2275.0,2314.0,2607.0,2879.0,3051.0,2.3,0.0169,0.0054,0.0026,0.015,0.017,0.0119,0.51,0.0856,8,2,50.1
48401,Rusk,TX,2058.0,2016.0,1975.0,2028.0,2072.0,2335.0,2578.0,2732.0,0.7,0.0091,0.0075,0.0053,0.0048,0.0067,0.012,0.578,0.0839,15,4,55.8
48403,Sabine,TX,2069.0,2013.0,2016.0,2019.0,2000.0,2254.0,2488.0,2637.0,-3.3,0.0081,0.01,0.0041,0.0172,0.0089,0.0061,0.649,0.0798,18,4,39.1
48405,San Augustine,TX,1946.0,1863.0,1862.0,1862.0,1840.0,2074.0,2289.0,2427.0,-5.4,0.0095,0.0079,0.0016,0.006,0.0117,0.019,0.376,0.058,18,4,45.8
48407,San Jacinto,TX,2209.0,2206.0,2211.0,2156.0,2177.0,2454.0,2709.0,2871.0,-1.4,0.0077,0.0092,0.0055,0.0092,0.0112,0.0087,0.39,0.0461,20,5,40.2
48409,San Patricio,TX,2090.0,2040.0,2025.0,2018.0,1991.0,2244.0,2478.0,2626.0,-4.7,0.0073,0.0127,0.0054,0.0059,0.0072,0.0073,0.66,0.0325,23,4,41.8
48411,San Saba,TX,1797.0,1756.0,1746.0,1827.0,1881.0,2120.0,2340.0,2480.0,4.7,0.0098,0.019,0.0182,0.0216,0.0044,0.0088,0.261,0.0424,14,4,44.0
48413,Schleicher,TX,2576.0,2388.0,2327.0,2411.0,2437.0,2747.0,3032.0,3214.0,-5.4,0.0081,0.0038,0.007,0.0,0.003,0.0029,0.701,0.0851,9,3,33.3
48415,Scurry,TX,2578.0,2551.0,2515.0,2552.0,2587.0,2916.0,3219.0,3412.0,0.3,0.0076,0.0055,0.0053,0.0083,0.0079,0.0063,0.998,0.1712,10,2,41.3
48417,Shackelford,TX,2704.0,2584.0,2657.0,2770.0,2966.0,3342.0,3690.0,3911.0,9.7,0.0038,0.0145,0.0108,0.0205,0.0159,0.0163,0.306,0.0489,11,2,59.0
48419,Shelby,TX,1885.0,1852.0,1887.0,1895.0,1923.0,2167.0,2392.0,2536.0,2.0,0.0118,0.0063,0.0068,0.012,0.0118,0.0149,0.613,0.0615,17,4,61.5
48421,Sherman,TX,3059.0,2563.0,2540.0,2503.0,2587.0,2916.0,3219.0,3412.0,-15.4,0.0,0.0242,0.0047,0.0,0.0161,0.0166,0.785,0.1386,7,2,48.5
48423,Smith,TX,2125.0,2103.0,2101.0,2114.0,2188.0,2466.0,2723.0,2886.0,3.0,0.0057,0.005,0.0032,0.0054,0.006,0.0064,0.626,0.0873,21,3,46.3
48425,Somervell,TX,2615.0,2529.0,2454.0,2579.0,2698.0,3041.0,3357.0,3558.0,3.2,0.0115,0.0055,0.007,0.0111,0.0015,0.0141,0.452,0.0686,12,3,55.5
48427,Starr,TX,1617.0,1571.0,1514.0,1569.0,1612.0,1817.0,2006.0,2126.0,-0.3,0.0053,0.0139,0.005,0.0073,0.0064,0.0156,0.424,0.056,16,3,48.8
48429,Stephens,TX,2675.0,2426.0,2337.0,2394.0,2390.0,2694.0,2974.0,3153.0,-10.7,0.0099,0.0081,0.0105,0.0145,0.0085,0.0118,1.007,0.13,16,2,48.2
48431,Sterling,TX,2748.0,2290.0,2428.0,2490.0,2478.0,2793.0,3083.0,3268.0,-9.8,0.0,0.0,0.0,0.0,0.0,0.0,0.74,0.0652,9,3,30.0
48433,Stonewall,TX,2630.0,2356.0,2411.0,2540.0,2566.0,2891.0,3192.0,3384.0,-2.4,0.0244,0.0137,0.0128,0.0,0.0204,0.0105,0.456,0.0516,11,2,39.3
48435,Sutton,TX,2341.0,2238.0,2208.0,2249.0,2273.0,2562.0,2829.0,2998.0,-2.9,0.0076,0.0,0.0115,0.0074,0.0115,0.0039,0.297,0.0427,11,3,22.0
48437,Swisher,TX,2480.0,2443.0,2393.0,2440.0,2585.0,2913.0,3216.0,3409.0,4.2,0.01,0.0061,0.0103,0.0102,0.0084,0.0141,0.493,0.0875,9,2,55.5
48439,Tarrant,TX,2413.0,2480.0,2564.0,2643.0,2781.0,3134.0,3460.0,3667.0,15.3,0.0081,0.0063,0.0049,0.0056,0.0053,0.0061,0.677,0.1025,16,2,61.0
48441,Taylor,TX,2226.0,2233.0,2282.0,2366.0,2433.0,2742.0,3028.0,3209.0,9.3,0.0059,0.0042,0.0042,0.0053,0.0056,0.0052,0.361,0.0552,13,3,44.1
48443,Terrell,TX,1931.0,1900.0,1818.0,1849.0,1920.0,2164.0,2389.0,2532.0,-0.6,0.0,0.0169,0.0,0.0312,0.0,0.0143,0.538,0.0749,9,3,53.1
48445,Terry,TX,2486.0,2388.0,2316.0,2376.0,2420.0,2728.0,3011.0,3192.0,-2.7,0.0115,0.0118,0.0094,0.0104,0.0132,0.0147,0.482,0.0978,10,2,45.1
48447,Throckmorton,TX,2764.0,2674.0,2697.0,2689.0,2668.0,3006.0,3319.0,3518.0,-3.5,0.0862,0.0469,0.0154,0.0132,0.0,0.0659,0.722,0.0715,12,2,54.8
48449,Titus,TX,2177.0,2104.0,2072.0,2070.0,2123.0,2393.0,2642.0,2800.0,-2.5,0.0062,0.0087,0.0059,0.0087,0.0094,0.0114,0.883,0.153,14,3,51.7
48451,Tom Green,TX,2174.0,2140.0,2145.0,2174.0,2186.0,2464.0,2720.0,2883.0,0.6,0.0058,0.0047,0.0034,0.0066,0.0046,0.007,0.783,0.134,13,3,45.1
48453,Travis,TX,1956.0,2029.0,2071.0,2139.0,2276.0,2565.0,2831.0,3001.0,16.4,0.0072,0.0059,0.0048,0.0051,0.0057,0.007,0.476,0.0601,28,4,63.7
48455,Trinity,TX,1912.0,1884.0,1816.0,1837.0,1855.0,2091.0,2309.0,2447.0,-3.0,0.0118,0.0079,0.0119,0.018,0.0074,0.0105,0.738,0.0981,17,4,51.1
48457,Tyler,TX,2183.0,2092.0,2064.0,2052.0,2057.0,2318.0,2559.0,2712.0,-5.8,0.012,0.0073,0.0096,0.0132,0.0157,0.014,0.364,0.043,21,4,42.2
48459,Upshur,TX,2017.0,2009.0,1991.0,2002.0,2056.0,2317.0,2558.0,2712.0,1.9,0.0059,0.0071,0.0053,0.0075,0.0095,0.0115,0.661,0.0769,14,3,57.0
48461,Upton,TX,1984.0,2044.0,2079.0,2076.0,2124.0,2394.0,2642.0,2801.0,7.1,0.0099,0.0,0.0,0.0159,0.0278,0.0305,0.598,0.075,8,2,69.8
48463,Uvalde,TX,1958.0,1924.0,1903.0,1988.0,2024.0,2281.0,2518.0,2669.0,3.4,0.0094,0.0088,0.0034,0.0099,0.0166,0.0144,0.442,0.0572,12,3,56.9
48465,Val Verde,TX,1702.0,1714.0,1685.0,1675.0,1680.0,1894.0,2091.0,2216.0,-1.3,0.0089,0.0091,0.0069,0.0117,0.0095,0.0086,1.075,0.1627,10,2,46.2
48467,Van Zandt,TX,2224.0,2228.0,2190.0,2196.0,2269.0,2558.0,2824.0,2993.0,2.0,0.0064,0.0064,0.0035,0.0074,0.0056,0.0067,0.577,0.069,13,3,43.8
48469,Victoria,TX,2848.0,2738.0,2664.0,2670.0,2645.0,2981.0,3291.0,3488.0,-7.1,0.0087,0.0054,0.003,0.0043,0.0061,0.0045,0.277,0.0328,18,3,18.7
48471,Walker,TX,1973.0,1957.0,1970.0,1986.0,2002.0,2257.0,2491.0,2641.0,1.5,0.0124,0.0079,0.0054,0.0066,0.0039,0.0072,0.701,0.0921,27,4,49.8
48473,Waller,TX,2257.0,2232.0,2131.0,2129.0,2147.0,2420.0,2671.0,2832.0,-4.9,0.0068,0.0076,0.0034,0.006,0.0056,0.0095,0.41,0.0504,20,4,38.4
48475,Ward,TX,2124.0,2071.0,2037.0,2066.0,2066.0,2328.0,2571.0,2725.0,-2.7,0.0124,0.0156,0.0046,0.02,0.0113,0.0079,0.288,0.0469,7,2,24.7
48477,Washington,TX,2348.0,2386.0,2507.0,2571.0,2728.0,3074.0,3394.0,3598.0,16.2,0.0146,0.0039,0.0037,0.0055,0.0085,0.0067,0.457,0.0517,14,4,61.3
48479,Webb,TX,1600.0,1582.0,1562.0,1561.0,1555.0,1752.0,1935.0,2051.0,-2.8,0.0109,0.0074,0.0052,0.0067,0.0056,0.0059,0.432,0.0679,16,3,29.1
48481,Wharton,TX,2969.0,2850.0,2816.0,2841.0,2829.0,3188.0,3519.0,3731.0,-4.7,0.0083,0.0044,0.003,0.0105,0.0079,0.007,0.211,0.0377,17,3,23.7
48483,Wheeler,TX,3013.0,2676.0,2670.0,2787.0,2889.0,3256.0,3594.0,3810.0,-4.1,0.0061,0.0293,0.005,0.009,0.0077,0.0114,0.413,0.0971,10,2,37.1
48485,Wichita,TX,2538.0,2573.0,2587.0,2622.0,2665.0,3003.0,3316.0,3515.0,5.0,0.008,0.0058,0.0038,0.0075,0.005,0.0068,0.539,0.1248,14,3,50.2
48487,Wilbarger,TX,2951.0,2837.0,2898.0,2929.0,2966.0,3342.0,3690.0,3911.0,0.5,0.0069,0.0105,0.0066,0.0063,0.0072,0.0119,0.392,0.0896,11,2,44.1
48489,Willacy,TX,2463.0,2379.0,2294.0,2293.0,2166.0,2441.0,2695.0,2857.0,-12.1,0.0093,0.0063,0.0045,0.0154,0.0122,0.02,0.634,0.1188,19,4,53.5
48491,Williamson,TX,1633.0,1660.0,1682.0,1727.0,1811.0,2041.0,2253.0,2388.0,10.9,0.0058,0.0055,0.0044,0.0049,0.0063,0.0065,0.817,0.0921,17,4,65.5
48493,Wilson,TX,1889.0,1894.0,1871.0,1912.0,1950.0,2198.0,2426.0,2572.0,3.2,0.009,0.004,0.005,0.0062,0.0047,0.0066,0.423,0.0555,11,2,39.4
48495,Winkler,TX,2422.0,2290.0,2294.0,2266.0,2273.0,2562.0,2828.0,2998.0,-6.2,0.0078,0.0093,0.0,0.0191,0.0137,0.2224,0.285,0.0638,8,2,39.9
48497,Wise,TX,2522.0,2515.0,2518.0,2577.0,2659.0,2997.0,3308.0,3507.0,5.4,0.0067,0.0053,0.0053,0.0055,0.0069,0.0039,0.806,0.0974,12,2,46.3
48499,Wood,TX,2146.0,2119.0,2119.0,2122.0,2204.0,2484.0,2743.0,2907.0,2.7,0.0071,0.0078,0.0057,0.0057,0.0088,0.0131,0.471,0.0733,12,2,51.9
48501,Yoakum,TX,2901.0,2900.0,2648.0,2593.0,2568.0,2894.0,3195.0,3387.0,-11.5,0.0092,0.0,0.0,0.0184,0.0123,0.0,0.54,0.0583,7,2,24.2
48503,Young,TX,2938.0,2702.0,2636.0,2672.0,2781.0,3134.0,3460.0,3668.0,-5.3,0.0115,0.0056,0.0044,0.0066,0.0065,0.0123,0.426,0.0743,12,2,38.6
48505,Zapata,TX,1680.0,1578.0,1565.0,1571.0,1619.0,1825.0,2015.0,2136.0,-3.6,0.0079,0.0101,0.006,0.0159,0.0158,0.0095,0.607,0.0829,11,2,41.8
48507,Zavala,TX,1766.0,1748.0,1665.0,1704.0,1724.0,1943.0,2146.0,2274.0,-2.4,0.0242,0.0071,0.0164,0.0065,0.0063,0.0133,0.383,0.0509,11,2,39.3
49001,Beaver,UT,825.0,847.0,870.0,900.0,920.0,1036.0,1144.0,1213.0,11.5,0.0103,0.006,0.0029,0.0085,0.0101,0.0111,0.547,0.0348,4,1,62.5
49003,Box Elder,UT,885.0,925.0,997.0,1074.0,1141.0,1286.0,1420.0,1505.0,28.9,0.0086,0.0092,0.0076,0.0089,0.0082,0.0102,0.577,0.0525,4,0,65.3
49005,Cache,UT,865.0,892.0,927.0,982.0,1048.0,1181.0,1303.0,1382.0,21.2,0.0067,0.0072,0.0045,0.0056,0.0051,0.007,0.696,0.0467,3,0,58.6
49007,Carbon,UT,812.0,837.0,881.0,905.0,955.0,1076.0,1188.0,1259.0,17.6,0.0109,0.0114,0.0048,0.0095,0.0137,0.0149,0.482,0.0439,1,0,67.3
49009,Daggett,UT,945.0,877.0,916.0,1033.0,1068.0,1203.0,1328.0,1408.0,13.0,0.0053,0.0156,0.0076,0.005,0.0024,0.0095,0.464,0.0177,3,0,53.2
49011,Davis,UT,972.0,1004.0,1055.0,1108.0,1176.0,1325.0,1463.0,1551.0,21.0,0.0057,0.005,0.0044,0.0051,0.0051,0.0076,1.02,0.0865,5,1,67.8
49013,Duchesne,UT,939.0,951.0,981.0,1008.0,1037.0,1169.0,1291.0,1368.0,10.4,0.0101,0.0159,0.0068,0.0154,0.0129,0.0118,0.686,0.0295,4,0,61.4
49015,Emery,UT,834.0,860.0,894.0,940.0,969.0,1092.0,1205.0,1277.0,16.2,0.0134,0.015,0.0061,0.0072,0.0073,0.0132,0.363,0.0357,2,0,57.5
49017,Garfield,UT,1015.0,1010.0,1031.0,1045.0,1097.0,1237.0,1365.0,1447.0,8.1,0.0098,0.0051,0.0063,0.0107,0.0108,0.0128,0.441,0.0176,3,1,55.0
49019,Grand,UT,952.0,972.0,992.0,1041.0,1060.0,1195.0,1319.0,1398.0,11.3,0.0049,0.0049,0.0028,0.0085,0.0034,0.0096,0.632,0.02,1,0,58.4
49021,Iron,UT,913.0,928.0,972.0,1003.0,1049.0,1182.0,1305.0,1383.0,14.9,0.0059,0.0079,0.0045,0.0072,0.0072,0.0101,0.653,0.0381,4,1,64.8
49023,Juab,UT,843.0,879.0,899.0,954.0,992.0,1118.0,1234.0,1308.0,17.7,0.0089,0.0086,0.0038,0.0124,0.0074,0.0123,0.283,0.0264,4,2,62.8
49025,Kane,UT,975.0,973.0,1025.0,1062.0,1110.0,1251.0,1381.0,1464.0,13.8,0.0065,0.0068,0.0042,0.005,0.0116,0.012,0.445,0.0169,5,0,59.8
49027,Millard,UT,834.0,866.0,897.0,911.0,961.0,1083.0,1196.0,1268.0,15.2,0.0058,0.0118,0.0046,0.0064,0.0085,0.0083,0.441,0.027,5,0,53.5
49029,Morgan,UT,1064.0,1089.0,1144.0,1195.0,1303.0,1469.0,1622.0,1719.0,22.5,0.0051,0.0044,0.0019,0.0054,0.0103,0.0086,0.57,0.039,4,2,69.0
49031,Piute,UT,808.0,819.0,870.0,890.0,931.0,1049.0,1158.0,1228.0,15.2,0.0026,0.0152,0.0152,0.0075,0.0149,0.0051,0.196,0.0226,4,2,43.7
49033,Rich,UT,996.0,1051.0,1034.0,1100.0,1170.0,1319.0,1456.0,1543.0,17.5,0.0109,0.0057,0.0038,0.0078,0.0068,0.0087,0.352,0.02,1,0,52.0
49035,Salt Lake,UT,1013.0,1041.0,1084.0,1129.0,1189.0,1340.0,1479.0,1568.0,17.4,0.0069,0.0065,0.0045,0.0057,0.0068,0.0098,0.566,0.0516,6,2,69.9
49037,San Juan,UT,905.0,950.0,969.0,1025.0,1038.0,1170.0,1292.0,1369.0,14.7,0.0049,0.0106,0.0073,0.0117,0.008,0.0065,1.274,0.1185,3,2,63.8
49039,Sanpete,UT,870.0,892.0,939.0,968.0,985.0,1110.0,1225.0,1299.0,13.2,0.0119,0.0087,0.0065,0.0093,0.0128,0.0153,0.432,0.0267,5,1,65.4
49041,Sevier,UT,791.0,829.0,873.0,915.0,949.0,1069.0,1181.0,1251.0,20.0,0.0097,0.0076,0.0058,0.0071,0.012,0.0082,0.302,0.0277,4,1,51.1
49043,Summit,UT,1933.0,1972.0,2109.0,2238.0,2362.0,2662.0,2939.0,3115.0,22.2,0.0089,0.0051,0.0059,0.0123,0.0211,0.0259,0.343,0.0309,4,1,68.9
49045,Tooele,UT,856.0,906.0,940.0,983.0,1045.0,1178.0,1300.0,1378.0,22.1,0.0068,0.0063,0.005,0.0074,0.0093,0.0115,0.536,0.0371,6,2,74.9
49047,Uintah,UT,882.0,918.0,975.0,1018.0,1047.0,1180.0,1303.0,1381.0,18.7,0.0186,0.0112,0.0107,0.0114,0.0088,0.0132,0.448,0.036,4,0,63.5
49049,Utah,UT,993.0,1017.0,1062.0,1107.0,1167.0,1315.0,1451.0,1538.0,17.5,0.0069,0.0072,0.0043,0.0059,0.0073,0.0108,0.461,0.0383,9,2,68.2
49051,Wasatch,UT,1284.0,1343.0,1412.0,1502.0,1568.0,1768.0,1951.0,2068.0,22.1,0.0073,0.0084,0.0058,0.009,0.0128,0.0193,0.364,0.0264,5,1,67.6
49053,Washington,UT,892.0,928.0,956.0,1003.0,1050.0,1184.0,1307.0,1385.0,17.7,0.0068,0.0063,0.005,0.0052,0.0072,0.0119,0.424,0.0279,10,1,65.8
49055,Wayne,UT,864.0,879.0,900.0,910.0,949.0,1070.0,1181.0,1252.0,9.8,0.0082,0.0026,0.0025,0.0087,0.0086,0.0139,0.272,0.0241,1,0,48.6
49057,Weber,UT,957.0,980.0,1036.0,1094.0,1168.0,1316.0,1453.0,1540.0,22.0,0.0084,0.0076,0.0053,0.006,0.0074,0.0106,0.665,0.0526,5,1,70.8
50001,Addison,VT,1246.0,1245.0,1249.0,1228.0,1215.0,1370.0,1512.0,1603.0,-2.5,0.0072,0.0095,0.0065,0.0045,0.0067,0.0054,0.277,0.0272,20,6,27.8
50003,Bennington,VT,1726.0,1719.0,1737.0,1707.0,1698.0,1914.0,2113.0,2240.0,-1.6,0.0062,0.0078,0.0102,0.0099,0.0153,0.0107,0.332,0.0428,15,5,40.9
50005,Caledonia,VT,1154.0,1142.0,1151.0,1142.0,1146.0,1292.0,1426.0,1512.0,-0.7,0.0095,0.0159,0.011,0.0063,0.0083,0.0083,0.355,0.0251,19,6,39.2
50007,Chittenden,VT,1160.0,1167.0,1162.0,1133.0,1127.0,1270.0,1402.0,1486.0,-2.8,0.005,0.0074,0.0055,0.0039,0.0046,0.005,0.35,0.0337,21,7,30.3
50009,Essex,VT,1074.0,1092.0,1078.0,1073.0,1078.0,1215.0,1341.0,1422.0,0.4,0.0132,0.0083,0.008,0.0069,0.0058,0.0101,0.233,0.0211,23,9,42.8
50011,Franklin,VT,1094.0,1104.0,1104.0,1086.0,1085.0,1223.0,1350.0,1431.0,-0.8,0.0068,0.0099,0.0063,0.0055,0.008,0.0072,0.368,0.0281,19,6,37.4
50013,Grand Isle,VT,1250.0,1254.0,1256.0,1214.0,1210.0,1363.0,1505.0,1596.0,-3.2,0.0057,0.008,0.0042,0.0035,0.0074,0.0058,0.322,0.0267,13,5,27.9
50015,Lamoille,VT,1441.0,1429.0,1438.0,1398.0,1392.0,1569.0,1732.0,1836.0,-3.4,0.0064,0.0108,0.0076,0.0072,0.0058,0.0096,0.332,0.0304,27,9,40.3
50017,Orange,VT,1235.0,1237.0,1229.0,1216.0,1211.0,1364.0,1506.0,1597.0,-1.9,0.0083,0.0107,0.0089,0.0086,0.01,0.0117,0.344,0.0249,23,7,44.7
50019,Orleans,VT,1137.0,1140.0,1159.0,1140.0,1147.0,1293.0,1427.0,1513.0,0.9,0.0095,0.0124,0.0083,0.0077,0.0083,0.0077,0.373,0.025,24,9,43.5
50021,Rutland,VT,1347.0,1338.0,1339.0,1322.0,1314.0,1481.0,1635.0,1733.0,-2.4,0.0078,0.0097,0.0071,0.0067,0.0088,0.0103,0.274,0.0315,15,5,37.1
50023,Washington,VT,1230.0,1240.0,1246.0,1219.0,1213.0,1367.0,1510.0,1600.0,-1.4,0.0062,0.0097,0.0075,0.0046,0.0063,0.008,0.255,0.0307,20,6,34.2
50025,Windham,VT,1516.0,1516.0,1528.0,1510.0,1493.0,1683.0,1857.0,1969.0,-1.5,0.0099,0.0085,0.0126,0.0172,0.0108,0.0122,0.34,0.0312,16,6,45.2
50027,Windsor,VT,1561.0,1560.0,1571.0,1542.0,1523.0,1717.0,1895.0,2009.0,-2.4,0.007,0.01,0.0073,0.0081,0.0085,0.0102,0.313,0.035,17,5,39.5
51001,Accomack,VA,1649.0,1609.0,1551.0,1508.0,1471.0,1657.0,1830.0,1939.0,-10.8,0.008,0.0109,0.0049,0.0092,0.0094,0.0399,0.248,0.0185,10,1,33.6
51003,Albemarle,VA,1352.0,1362.0,1395.0,1422.0,1452.0,1636.0,1807.0,1915.0,7.4,0.0045,0.0033,0.0137,0.0041,0.0035,0.0072,0.321,0.0349,13,3,44.0
51005,Alleghany,VA,896.0,909.0,940.0,956.0,961.0,1083.0,1196.0,1268.0,7.3,0.0114,0.0107,0.0065,0.0056,0.0098,0.0045,0.332,0.0269,9,1,35.1
51007,Amelia,VA,1239.0,1219.0,1259.0,1288.0,1295.0,1459.0,1611.0,1708.0,4.5,0.0095,0.0102,0.005,0.0088,0.0081,0.0078,0.401,0.047,12,4,47.9
51009,Amherst,VA,985.0,990.0,1030.0,1065.0,1068.0,1204.0,1329.0,1409.0,8.4,0.0094,0.0075,0.0045,0.0052,0.0067,0.011,0.495,0.041,8,1,58.6
51011,Appomattox,VA,985.0,985.0,1006.0,1055.0,1048.0,1181.0,1304.0,1382.0,6.4,0.0054,0.0071,0.0039,0.0046,0.0021,0.0047,0.271,0.0292,14,5,40.8
51013,Arlington,VA,1368.0,1401.0,1454.0,1497.0,1526.0,1720.0,1899.0,2012.0,11.5,0.0049,0.0057,0.0038,0.0052,0.0048,0.0074,0.388,0.0418,14,1,48.4
51015,Augusta,VA,949.0,957.0,973.0,993.0,994.0,1121.0,1237.0,1311.0,4.7,0.0075,0.0089,0.0031,0.0044,0.005,0.0073,0.446,0.0349,9,1,40.1
51017,Bath,VA,1392.0,1347.0,1350.0,1398.0,1398.0,1575.0,1739.0,1843.0,0.4,0.0024,0.0096,0.0037,0.0072,0.0058,0.006,0.166,0.018,9,1,20.8
51019,Bedford,VA,1068.0,1095.0,1127.0,1165.0,1191.0,1342.0,1481.0,1570.0,11.5,0.006,0.0056,0.0031,0.0047,0.0052,0.0071,0.395,0.0362,13,5,58.3
51021,Bland,VA,946.0,927.0,931.0,957.0,965.0,1088.0,1201.0,1273.0,2.0,0.0092,0.0119,0.0054,0.008,0.0103,0.008,0.352,0.0211,10,4,39.6
51023,Botetourt,VA,1064.0,1078.0,1101.0,1134.0,1153.0,1299.0,1434.0,1520.0,8.4,0.0042,0.0044,0.003,0.0048,0.0062,0.0077,0.305,0.0334,12,3,48.0
51025,Brunswick,VA,1223.0,1241.0,1267.0,1316.0,1378.0,1553.0,1714.0,1817.0,12.7,0.0054,0.003,0.0046,0.0068,0.017,0.0189,0.57,0.0603,9,2,73.8
51027,Buchanan,VA,996.0,1014.0,1028.0,1053.0,1074.0,1210.0,1336.0,1416.0,7.8,0.0147,0.0154,0.0068,0.0081,0.0096,0.0081,1.004,0.0297,17,6,68.4
51029,Buckingham,VA,1143.0,1152.0,1166.0,1202.0,1217.0,1371.0,1514.0,1604.0,6.5,0.0088,0.0053,0.0045,0.0087,0.0092,0.0088,0.498,0.0343,11,4,59.3
51031,Campbell,VA,932.0,958.0,985.0,1024.0,1034.0,1165.0,1287.0,1364.0,10.9,0.0061,0.0078,0.0075,0.0069,0.0083,0.012,0.341,0.0355,11,3,59.7
51033,Caroline,VA,1251.0,1287.0,1300.0,1306.0,1356.0,1528.0,1687.0,1788.0,8.4,0.009,0.0106,0.0053,0.0087,0.0078,0.0093,0.406,0.0463,14,3,57.0
51035,Carroll,VA,880.0,895.0,918.0,958.0,962.0,1084.0,1197.0,1269.0,9.3,0.0056,0.0071,0.0015,0.0108,0.0065,0.0098,0.595,0.0429,9,4,68.9
51036,Charles City,VA,1344.0,1348.0,1405.0,1441.0,1495.0,1685.0,1860.0,1972.0,11.2,0.0118,0.0085,0.0064,0.0126,0.0145,0.0095,0.27,0.0409,10,1,49.3
51037,Charlotte,VA,1004.0,1050.0,1061.0,1134.0,1145.0,1290.0,1424.0,1510.0,14.0,0.0095,0.0151,0.004,0.013,0.0068,0.011,0.359,0.049,12,5,66.6
51041,Chesterfield,VA,1190.0,1209.0,1240.0,1279.0,1334.0,1503.0,1660.0,1759.0,12.1,0.0068,0.006,0.0042,0.0055,0.0055,0.0092,0.589,0.0602,11,2,64.9
51043,Clarke,VA,1562.0,1519.0,1538.0,1525.0,1535.0,1730.0,1910.0,2025.0,-1.7,0.0058,0.0074,0.0029,0.0064,0.0028,0.0066,0.442,0.0469,11,1,24.7
51045,Craig,VA,943.0,929.0,963.0,957.0,977.0,1101.0,1216.0,1289.0,3.6,0.0089,0.0065,0.0065,0.0106,0.012,0.0072,0.275,0.0307,16,4,38.7
51047,Culpeper,VA,1310.0,1327.0,1359.0,1392.0,1422.0,1603.0,1770.0,1876.0,8.5,0.0078,0.0072,0.0032,0.0045,0.0052,0.0075,0.52,0.0501,12,2,54.3
51049,Cumberland,VA,1143.0,1163.0,1192.0,1222.0,1213.0,1367.0,1509.0,1599.0,6.1,0.008,0.012,0.0072,0.007,0.0081,0.0089,0.415,0.0459,12,4,55.1
51051,Dickenson,VA,906.0,906.0,930.0,978.0,990.0,1116.0,1232.0,1306.0,9.3,0.0068,0.0114,0.0061,0.0134,0.01,0.0067,0.69,0.0203,14,4,62.9
51053,Dinwiddie,VA,1224.0,1236.0,1279.0,1325.0,1373.0,1547.0,1708.0,1810.0,12.2,0.0116,0.0148,0.0074,0.0137,0.0119,0.0175,0.5,0.0564,12,2,70.1
51057,Essex,VA,1351.0,1352.0,1426.0,1431.0,1441.0,1624.0,1793.0,1900.0,6.7,0.0093,0.0031,0.0067,0.0058,0.0091,0.0072,0.384,0.0326,15,3,47.8
51059,Fairfax,VA,1463.0,1487.0,1530.0,1564.0,1604.0,1807.0,1995.0,2115.0,9.6,0.0057,0.0062,0.0044,0.0048,0.0047,0.0078,0.642,0.0712,12,1,54.3
51061,Fauquier,VA,1660.0,1683.0,1743.0,1774.0,1818.0,2049.0,2262.0,2398.0,9.5,0.0052,0.0049,0.0033,0.0047,0.006,0.0071,0.713,0.0646,12,2,59.3
51063,Floyd,VA,1002.0,1027.0,1020.0,1053.0,1103.0,1243.0,1373.0,1455.0,10.1,0.0079,0.0042,0.0016,0.0073,0.0075,0.0069,0.396,0.0296,14,4,53.3
51065,Fluvanna,VA,1151.0,1157.0,1178.0,1205.0,1235.0,1392.0,1537.0,1629.0,7.3,0.0062,0.0047,0.0031,0.0043,0.0055,0.0055,0.373,0.0369,10,2,40.0
51067,Franklin,VA,1078.0,1101.0,1139.0,1174.0,1208.0,1361.0,1503.0,1593.0,12.1,0.0058,0.0058,0.0027,0.004,0.0044,0.0068,0.288,0.0299,10,3,48.4
51069,Frederick,VA,1136.0,1156.0,1182.0,1204.0,1240.0,1398.0,1543.0,1636.0,9.2,0.0048,0.0052,0.0034,0.0033,0.0049,0.0062,0.532,0.0473,11,1,48.0
51071,Giles,VA,914.0,925.0,936.0,971.0,998.0,1125.0,1242.0,1316.0,9.2,0.0053,0.0081,0.0039,0.0086,0.0075,0.0076,0.369,0.0288,11,4,54.2
51073,Gloucester,VA,1415.0,1477.0,1514.0,1535.0,1554.0,1752.0,1934.0,2050.0,9.8,0.005,0.0071,0.0026,0.0043,0.0048,0.007,0.354,0.038,7,1,44.8
51075,Goochland,VA,1525.0,1538.0,1551.0,1589.0,1633.0,1840.0,2031.0,2153.0,7.1,0.0041,0.0043,0.0024,0.0034,0.005,0.0067,0.441,0.0456,8,3,49.0
51077,Grayson,VA,911.0,930.0,956.0,998.0,1019.0,1148.0,1268.0,1344.0,11.9,0.0069,0.0073,0.003,0.0059,0.0092,0.01,0.285,0.0236,11,4,59.4
51079,Greene,VA,1064.0,1061.0,1088.0,1108.0,1137.0,1281.0,1414.0,1499.0,6.9,0.0052,0.0061,0.0023,0.0051,0.0057,0.0066,0.287,0.0335,13,3,42.2
51081,Greensville,VA,1095.0,1137.0,1164.0,1214.0,1255.0,1414.0,1561.0,1655.0,14.6,0.012,0.0104,0.0085,0.0097,0.0144,0.0141,0.618,0.0494,10,2,75.7
51083,Halifax,VA,984.0,1010.0,1048.0,1086.0,1106.0,1247.0,1376.0,1459.0,12.4,0.0068,0.0142,0.0029,0.0093,0.0113,0.0121,0.393,0.0441,14,3,64.2
51085,Hanover,VA,1296.0,1308.0,1333.0,1364.0,1410.0,1589.0,1754.0,1859.0,8.8,0.0057,0.0051,0.0034,0.0042,0.0052,0.006,0.397,0.0476,11,3,47.0
51087,Henrico,VA,1127.0,1144.0,1166.0,1196.0,1239.0,1396.0,1541.0,1634.0,9.9,0.0087,0.0084,0.0051,0.0078,0.0069,0.0118,0.509,0.0583,10,1,59.6
51089,Henry,VA,909.0,929.0,952.0,988.0,1014.0,1143.0,1262.0,1337.0,11.6,0.0088,0.0067,0.0055,0.0108,0.0098,0.0106,0.439,0.045,8,1,59.6
51091,Highland,VA,1138.0,1201.0,1234.0,1291.0,1305.0,1471.0,1624.0,1721.0,14.7,0.0,0.0,0.0,0.007,0.0138,0.0037,0.473,0.0135,13,1,46.4
51093,Isle of Wight,VA,1448.0,1479.0,1508.0,1555.0,1593.0,1795.0,1982.0,2101.0,10.0,0.0047,0.006,0.0034,0.0064,0.0033,0.0065,0.373,0.0338,12,1,44.8
51095,James City,VA,1390.0,1412.0,1440.0,1479.0,1515.0,1707.0,1885.0,1998.0,9.0,0.0044,0.0108,0.0046,0.0057,0.0059,0.0098,0.478,0.0418,10,1,54.3
51097,King and Queen,VA,1213.0,1248.0,1270.0,1338.0,1327.0,1496.0,1652.0,1751.0,9.4,0.0069,0.013,0.0043,0.0076,0.0139,0.0043,0.72,0.0446,15,2,53.1
51099,King George,VA,1368.0,1402.0,1399.0,1399.0,1442.0,1625.0,1794.0,1902.0,5.4,0.0094,0.0095,0.0039,0.005,0.0041,0.0072,0.496,0.0518,15,2,47.2
51101,King William,VA,1184.0,1196.0,1216.0,1236.0,1257.0,1417.0,1564.0,1658.0,6.2,0.0072,0.0074,0.0054,0.0059,0.0051,0.0045,0.384,0.0317,13,3,40.1
51103,Lancaster,VA,2071.0,2176.0,2208.0,2231.0,2290.0,2581.0,2850.0,3021.0,10.6,0.0093,0.0083,0.0094,0.0114,0.0084,0.0109,0.38,0.0415,13,2,58.8
51105,Lee,VA,918.0,939.0,964.0,1005.0,1020.0,1150.0,1270.0,1346.0,11.1,0.0072,0.0125,0.0058,0.0125,0.015,0.0105,0.272,0.0255,12,3,56.7
51107,Loudoun,VA,1583.0,1622.0,1684.0,1695.0,1759.0,1982.0,2188.0,2319.0,11.1,0.0053,0.0052,0.0037,0.004,0.004,0.0063,0.774,0.0855,10,1,57.6
51109,Louisa,VA,1280.0,1299.0,1310.0,1336.0,1387.0,1563.0,1726.0,1829.0,8.4,0.0068,0.0073,0.0036,0.0045,0.0076,0.0079,0.461,0.0381,13,3,55.5
51111,Lunenburg,VA,1027.0,1067.0,1095.0,1154.0,1175.0,1324.0,1462.0,1549.0,14.4,0.0114,0.0088,0.0056,0.0141,0.0156,0.013,0.327,0.0588,13,3,64.8
51113,Madison,VA,1217.0,1228.0,1245.0,1321.0,1304.0,1469.0,1622.0,1719.0,7.1,0.0023,0.005,0.0018,0.0044,0.0082,0.0074,0.307,0.0325,13,3,45.4
51115,Mathews,VA,1865.0,1915.0,1952.0,1966.0,2019.0,2276.0,2513.0,2663.0,8.3,0.0086,0.0048,0.0032,0.0087,0.0107,0.0131,0.32,0.0304,10,1,52.4
51117,Mecklenburg,VA,1123.0,1155.0,1185.0,1220.0,1255.0,1415.0,1562.0,1656.0,11.8,0.0069,0.0057,0.003,0.0069,0.0081,0.0082,0.472,0.0491,10,2,57.5
51119,Middlesex,VA,1676.0,1712.0,1693.0,1687.0,1705.0,1922.0,2122.0,2249.0,1.7,0.0042,0.0054,0.0058,0.0069,0.0027,0.0077,0.395,0.0361,12,2,37.0
51121,Montgomery,VA,980.0,1001.0,1017.0,1054.0,1083.0,1220.0,1347.0,1428.0,10.5,0.0055,0.0029,0.0023,0.0033,0.0033,0.0065,0.303,0.024,13,4,48.3
51125,Nelson,VA,1283.0,1303.0,1335.0,1358.0,1366.0,1539.0,1700.0,1801.0,6.5,0.0041,0.0077,0.0027,0.0074,0.0038,0.0073,0.407,0.0319,14,3,49.0
51127,New Kent,VA,1194.0,1232.0,1260.0,1284.0,1314.0,1481.0,1635.0,1733.0,10.1,0.005,0.005,0.0028,0.0049,0.0043,0.0056,0.265,0.0303,13,2,39.2
51131,Northampton,VA,2040.0,2065.0,2141.0,2076.0,2100.0,2367.0,2613.0,2770.0,2.9,0.0095,0.0043,0.0049,0.0136,0.0062,0.0181,0.176,0.0184,12,1,43.2
51133,Northumberland,VA,1749.0,1817.0,1873.0,1870.0,1901.0,2142.0,2365.0,2507.0,8.7,0.0069,0.0074,0.0056,0.0083,0.0056,0.0095,0.328,0.0362,13,2,50.5
51135,Nottoway,VA,1044.0,1088.0,1120.0,1186.0,1226.0,1382.0,1526.0,1618.0,17.4,0.0107,0.0154,0.0061,0.0127,0.0168,0.0142,0.645,0.0794,12,3,80.4
51137,Orange,VA,1230.0,1234.0,1241.0,1276.0,1315.0,1483.0,1637.0,1735.0,6.9,0.0058,0.0059,0.0041,0.0067,0.0063,0.0076,0.394,0.0417,11,2,46.0
51139,Page,VA,958.0,974.0,994.0,1034.0,1039.0,1171.0,1293.0,1370.0,8.5,0.0077,0.0056,0.0024,0.0053,0.0067,0.0131,0.256,0.023,12,2,52.7
51141,Patrick,VA,925.0,951.0,966.0,994.0,1011.0,1139.0,1257.0,1333.0,9.3,0.0061,0.0056,0.0051,0.0072,0.0061,0.0048,0.342,0.0317,11,3,44.5
51143,Pittsylvania,VA,917.0,936.0,963.0,994.0,1009.0,1137.0,1255.0,1330.0,10.0,0.0079,0.0124,0.0059,0.0094,0.0088,0.0146,0.429,0.047,15,5,70.6
51145,Powhatan,VA,1261.0,1269.0,1290.0,1336.0,1386.0,1562.0,1724.0,1827.0,9.9,0.0054,0.0039,0.0025,0.0037,0.0048,0.0071,0.373,0.0384,12,4,52.2
51147,Prince Edward,VA,1119.0,1117.0,1111.0,1159.0,1192.0,1343.0,1483.0,1572.0,6.5,0.0071,0.0085,0.0063,0.015,0.0068,0.0119,0.341,0.0513,12,4,56.7
51149,Prince George,VA,1190.0,1207.0,1234.0,1298.0,1353.0,1524.0,1683.0,1784.0,13.7,0.0102,0.0096,0.007,0.0095,0.0094,0.0115,0.479,0.0578,10,2,65.1
51153,Prince William,VA,1353.0,1384.0,1409.0,1426.0,1473.0,1660.0,1832.0,1942.0,8.9,0.0072,0.0088,0.0047,0.0048,0.0054,0.009,0.624,0.0807,12,1,56.1
51155,Pulaski,VA,927.0,936.0,965.0,993.0,1022.0,1152.0,1272.0,1348.0,10.2,0.0065,0.0046,0.0045,0.0065,0.0076,0.0078,0.36,0.0269,11,4,54.3
51157,Rappahannock,VA,1578.0,1604.0,1633.0,1696.0,1734.0,1954.0,2158.0,2287.0,9.9,0.0095,0.0067,0.0049,0.0054,0.0064,0.0102,0.452,0.0508,14,2,58.5
51159,Richmond,VA,1258.0,1250.0,1289.0,1330.0,1339.0,1509.0,1666.0,1766.0,6.4,0.0124,0.0149,0.0034,0.0066,0.0075,0.0112,0.277,0.0359,11,2,49.1
51161,Roanoke,VA,985.0,1007.0,1031.0,1063.0,1087.0,1225.0,1352.0,1433.0,10.4,0.0055,0.0063,0.0033,0.0041,0.0057,0.0072,0.374,0.0412,11,2,50.2
51163,Rockbridge,VA,1020.0,1024.0,1038.0,1046.0,1070.0,1206.0,1331.0,1411.0,4.9,0.0088,0.0067,0.0103,0.0095,0.0056,0.0075,0.301,0.0236,9,1,32.9
51165,Rockingham,VA,915.0,920.0,941.0,964.0,971.0,1095.0,1209.0,1281.0,6.1,0.0073,0.0073,0.0038,0.0046,0.0031,0.0053,0.257,0.0206,9,2,33.3
51167,Russell,VA,908.0,907.0,924.0,957.0,984.0,1109.0,1225.0,1298.0,8.4,0.005,0.0092,0.0045,0.0063,0.0109,0.009,0.32,0.0207,14,4,53.9
51169,Scott,VA,866.0,866.0,876.0,917.0,953.0,1074.0,1185.0,1256.0,10.0,0.0043,0.0059,0.0073,0.0061,0.0134,0.0148,0.322,0.024,14,4,63.9
51171,Shenandoah,VA,1029.0,1058.0,1061.0,1101.0,1120.0,1263.0,1394.0,1478.0,8.8,0.0064,0.0063,0.0047,0.0057,0.0062,0.008,0.35,0.0283,13,1,46.0
51173,Smyth,VA,843.0,861.0,885.0,922.0,940.0,1059.0,1169.0,1239.0,11.5,0.0084,0.0106,0.0066,0.0112,0.0122,0.0186,0.421,0.0346,12,4,73.1
51175,Southampton,VA,1170.0,1186.0,1206.0,1268.0,1330.0,1499.0,1655.0,1754.0,13.7,0.0102,0.0094,0.0033,0.0074,0.0069,0.0086,0.4,0.0454,8,1,54.1
51177,Spotsylvania,VA,1270.0,1292.0,1308.0,1295.0,1353.0,1525.0,1683.0,1784.0,6.5,0.0067,0.0072,0.0044,0.0044,0.0047,0.0078,0.544,0.0543,10,2,52.3
51179,Stafford,VA,1304.0,1338.0,1369.0,1385.0,1469.0,1656.0,1828.0,1938.0,12.7,0.0085,0.0083,0.0044,0.0044,0.0052,0.008,0.704,0.0882,11,2,65.6
51181,Surry,VA,1327.0,1274.0,1254.0,1322.0,1363.0,1536.0,1696.0,1798.0,2.7,0.0108,0.0123,0.0095,0.0047,0.0092,0.0124,0.383,0.028,11,1,42.0
51183,Sussex,VA,1171.0,1181.0,1225.0,1260.0,1307.0,1473.0,1626.0,1724.0,11.6,0.0091,0.0115,0.0068,0.0097,0.0097,0.0118,0.203,0.0444,9,1,49.4
51185,Tazewell,VA,930.0,946.0,953.0,986.0,1014.0,1143.0,1262.0,1337.0,9.0,0.0079,0.0078,0.006,0.0087,0.0092,0.0112,0.387,0.0267,18,5,63.4
51187,Warren,VA,1137.0,1146.0,1165.0,1196.0,1232.0,1389.0,1533.0,1625.0,8.4,0.0067,0.0061,0.0045,0.0064,0.0051,0.0116,0.504,0.0428,12,1,57.1
51191,Washington,VA,944.0,952.0,972.0,1028.0,1053.0,1187.0,1311.0,1389.0,11.5,0.0053,0.0058,0.0045,0.0075,0.0094,0.011,0.31,0.0306,10,4,61.5
51193,Westmoreland,VA,1332.0,1349.0,1350.0,1396.0,1432.0,1614.0,1782.0,1889.0,7.5,0.0089,0.0082,0.0066,0.0054,0.0099,0.0104,0.34,0.0403,13,2,51.8
51195,Wise,VA,909.0,932.0,942.0,990.0,1021.0,1151.0,1270.0,1346.0,12.3,0.0071,0.0063,0.004,0.009,0.0135,0.0082,0.251,0.0214,13,4,53.0
51197,Wythe,VA,910.0,917.0,934.0,971.0,981.0,1105.0,1220.0,1294.0,7.8,0.0066,0.0089,0.005,0.0094,0.0123,0.0109,0.304,0.0271,10,4,55.2
51199,York,VA,1605.0,1666.0,1701.0,1713.0,1761.0,1984.0,2191.0,2322.0,9.7,0.005,0.0047,0.0029,0.0041,0.0039,0.0062,0.308,0.043,9,1,39.4
51510,Alexandria city,VA,1413.0,1446.0,1505.0,1543.0,1544.0,1740.0,1921.0,2036.0,9.3,0.0063,0.0061,0.0036,0.0053,0.0044,0.0075,0.425,0.0495,13,1,45.7
51520,Bristol city,VA,827.0,833.0,850.0,898.0,929.0,1046.0,1155.0,1225.0,12.3,0.0073,0.0092,0.0072,0.0112,0.0124,0.0074,0.356,0.0335,8,4,56.4
51530,Buena Vista city,VA,,,,,,,,,,0.007,0.0083,0.0091,0.009,0.0055,0.0125,,,7,1,
51540,Charlottesville city,VA,,,,,,,,,,0.0,0.0033,0.0028,0.0041,0.0035,0.0072,,,7,1,
51550,Chesapeake city,VA,1525.0,1535.0,1548.0,1573.0,1625.0,1831.0,2022.0,2143.0,6.6,0.0074,0.0064,0.0043,0.0057,0.0049,0.0057,0.314,0.0448,9,1,34.0
51570,Colonial Heights city,VA,,,,,,,,,,,,,,,0.0975,,,8,1,
51580,Covington city,VA,,,,,,,,,,0.2,,,,,0.0999,,,8,3,
51590,Danville city,VA,,,,,,,,,,,,,,,,,,12,3,
51595,Emporia city,VA,,,,,,,,,,,,,,0.1667,0.2,,,8,1,
51600,Fairfax city,VA,,,,,,,,,,,,0.1251,0.1251,0.0999,,,,12,1,
51610,Falls Church city,VA,1389.0,1451.0,1502.0,1571.0,1583.0,1785.0,1970.0,2088.0,14.0,0.0041,0.005,0.0018,0.0032,0.0037,0.0047,0.535,0.0498,11,1,51.2
51620,Franklin city,VA,,,,,,,,,,,,,,,0.2856,,,9,1,
51630,Fredericksburg city,VA,1314.0,1328.0,1384.0,1371.0,1410.0,1589.0,1754.0,1860.0,7.3,0.0046,0.0084,0.0039,0.0046,0.0035,0.0094,0.451,0.0608,11,2,53.6
51640,Galax city,VA,,,,,,,,,,,,,0.1111,,,,,10,3,
51650,Hampton city,VA,1552.0,1593.0,1624.0,1653.0,1715.0,1933.0,2134.0,2262.0,10.5,0.0136,0.0086,0.0058,0.0072,0.0084,0.0217,0.341,0.0536,10,1,60.4
51660,Harrisonburg city,VA,,,,,,,,,,,,,,,0.1667,,,6,1,
51670,Hopewell city,VA,,,,,,,,,,,,,,,,,,8,1,
51678,Lexington city,VA,,,,,,,,,,,,,,0.1667,,,,5,1,
51680,Lynchburg city,VA,837.0,857.0,881.0,903.0,922.0,1039.0,1147.0,1216.0,10.2,0.0065,0.0077,0.0037,0.0049,0.0045,0.0056,0.441,0.0429,7,1,43.0
51683,Manassas city,VA,1159.0,1172.0,1205.0,1210.0,1250.0,1409.0,1556.0,1649.0,7.9,0.0088,0.0119,0.0038,0.0048,0.0048,0.0055,0.566,0.0691,11,1,47.4
51685,Manassas Park city,VA,,,,,,,,,,,0.1582,,,,,,,10,1,
51690,Martinsville city,VA,,,,,,,,,,,,,,0.1174,,,,7,1,
51700,Newport News city,VA,1439.0,1498.0,1521.0,1543.0,1565.0,1763.0,1947.0,2063.0,8.8,0.0086,0.0081,0.0059,0.008,0.0065,0.012,0.386,0.0563,12,1,55.3
51710,Norfolk city,VA,1786.0,1789.0,1786.0,1786.0,1818.0,2049.0,2262.0,2397.0,1.8,0.0115,0.0084,0.0067,0.0093,0.0083,0.0211,0.293,0.0411,9,1,43.7
51720,Norton city,VA,,,,,,,,,,,,,,,,,,10,3,
51730,Petersburg city,VA,,,,,,,,,,,,,,,0.5,,,8,1,
51735,Poquoson city,VA,1803.0,1845.0,1895.0,1930.0,1973.0,2224.0,2455.0,2603.0,9.4,0.0066,0.0066,0.0044,0.0077,0.0033,0.0072,0.234,0.033,9,1,39.5
51740,Portsmouth city,VA,1444.0,1433.0,1447.0,1465.0,1496.0,1686.0,1861.0,1973.0,3.6,0.0105,0.0102,0.0057,0.0085,0.0071,0.008,0.328,0.0525,9,1,32.0
51750,Radford city,VA,,,,,,,,,,0.0057,0.0057,0.0028,0.0051,0.0051,0.0041,,,8,3,
51760,Richmond city,VA,1344.0,1366.0,1396.0,1441.0,1483.0,1671.0,1845.0,1955.0,10.3,0.0084,0.0085,0.0052,0.0069,0.0074,0.0094,0.371,0.052,11,1,49.6
51770,Roanoke city,VA,907.0,923.0,943.0,969.0,994.0,1120.0,1237.0,1311.0,9.6,0.0102,0.0101,0.0051,0.0076,0.0087,0.011,0.456,0.0472,10,2,59.7
51775,Salem city,VA,,,,,,,,,,,,,,,0.1111,,,7,1,
51790,Staunton city,VA,,,,,,,,,,0.0085,0.0114,0.0044,0.0048,0.0038,0.004,,,7,1,
51800,Suffolk city,VA,1647.0,1663.0,1703.0,1740.0,1778.0,2004.0,2212.0,2345.0,8.0,0.0099,0.0063,0.0063,0.0065,0.0069,0.009,0.34,0.0422,9,1,44.2
51810,Virginia Beach city,VA,2094.0,2076.0,2095.0,2114.0,2151.0,2424.0,2676.0,2837.0,2.7,0.0069,0.005,0.0054,0.0107,0.0052,0.0173,0.281,0.0451,9,1,41.4
51820,Waynesboro city,VA,,,,,,,,,,,,,0.1111,,0.1111,,,7,1,
51830,Williamsburg city,VA,,,,,,,,,,0.0047,0.005,0.0034,0.0053,0.0049,0.0044,,,9,1,
51840,Winchester city,VA,1050.0,1071.0,1101.0,1099.0,1127.0,1270.0,1402.0,1486.0,7.3,0.0049,0.0049,0.0069,0.0036,0.0046,0.0052,0.458,0.0471,9,1,39.6
53001,Adams,WA,1192.0,1257.0,1310.0,1363.0,1294.0,1458.0,1610.0,1707.0,8.6,0.0065,0.011,0.0086,0.0071,0.0054,0.0076,0.395,0.0307,4,1,44.0
53003,Asotin,WA,1194.0,1226.0,1270.0,1282.0,1297.0,1461.0,1613.0,1710.0,8.6,0.0033,0.0067,0.0045,0.0018,0.0058,0.0079,0.379,0.0309,4,1,46.6
53005,Benton,WA,1121.0,1180.0,1214.0,1225.0,1219.0,1373.0,1516.0,1607.0,8.7,0.0041,0.0085,0.0073,0.0054,0.0059,0.0073,0.563,0.0396,8,1,52.8
53007,Chelan,WA,1361.0,1433.0,1468.0,1519.0,1530.0,1725.0,1904.0,2018.0,12.4,0.0059,0.0083,0.0075,0.0099,0.0157,0.0124,0.345,0.0241,43,6,68.4
53009,Clallam,WA,1097.0,1127.0,1159.0,1220.0,1194.0,1346.0,1486.0,1575.0,8.8,0.0034,0.0049,0.0047,0.0042,0.0046,0.0066,0.452,0.0276,19,7,57.5
53011,Clark,WA,1109.0,1137.0,1165.0,1207.0,1219.0,1374.0,1516.0,1607.0,9.9,0.0038,0.0049,0.0047,0.0042,0.0044,0.0058,0.523,0.0286,8,3,55.3
53013,Columbia,WA,1153.0,1203.0,1238.0,1251.0,1217.0,1372.0,1514.0,1605.0,5.6,0.0,0.0097,0.0084,0.0072,0.0102,0.0072,0.297,0.0167,8,1,36.5
53015,Cowlitz,WA,1125.0,1155.0,1166.0,1202.0,1196.0,1348.0,1488.0,1578.0,6.3,0.0055,0.0057,0.0057,0.0057,0.0052,0.0074,0.469,0.0242,9,4,53.6
53017,Douglas,WA,1283.0,1316.0,1363.0,1420.0,1385.0,1561.0,1723.0,1826.0,8.0,0.0049,0.0079,0.007,0.005,0.0048,0.0064,0.487,0.0229,11,1,46.6
53019,Ferry,WA,1316.0,1353.0,1399.0,1458.0,1415.0,1595.0,1761.0,1866.0,7.5,0.0084,0.0112,0.01,0.012,0.0163,0.013,0.68,0.0236,14,3,70.7
53021,Franklin,WA,1113.0,1163.0,1186.0,1213.0,1204.0,1357.0,1498.0,1588.0,8.2,0.0044,0.0067,0.0063,0.0056,0.0057,0.006,0.343,0.0306,5,2,41.0
53023,Garfield,WA,1251.0,1312.0,1385.0,1744.0,1352.0,1523.0,1682.0,1783.0,8.1,0.0135,0.0095,0.0061,0.0057,0.014,0.0084,0.178,0.0255,7,1,40.7
53025,Grant,WA,1163.0,1200.0,1231.0,1231.0,1218.0,1373.0,1516.0,1607.0,4.7,0.006,0.009,0.0072,0.0064,0.0048,0.0084,0.454,0.0303,7,1,41.5
53027,Grays Harbor,WA,1109.0,1125.0,1157.0,1217.0,1175.0,1324.0,1462.0,1549.0,6.0,0.005,0.0055,0.0044,0.0054,0.0057,0.0068,0.367,0.0198,18,5,47.7
53029,Island,WA,1292.0,1353.0,1379.0,1426.0,1438.0,1621.0,1789.0,1897.0,11.3,0.0045,0.0061,0.0048,0.0044,0.0058,0.0068,0.524,0.0296,14,5,62.3
53031,Jefferson,WA,1144.0,1181.0,1217.0,1267.0,1258.0,1418.0,1565.0,1659.0,10.0,0.0039,0.0041,0.0034,0.0053,0.0045,0.0049,0.285,0.0183,18,7,48.5
53033,King,WA,1493.0,1563.0,1607.0,1652.0,1641.0,1850.0,2042.0,2164.0,9.9,0.0038,0.004,0.0038,0.004,0.0043,0.0061,0.467,0.0325,15,4,55.7
53035,Kitsap,WA,1208.0,1250.0,1284.0,1317.0,1321.0,1488.0,1643.0,1742.0,9.4,0.0044,0.0047,0.0038,0.0035,0.0041,0.0055,0.436,0.0269,4,0,40.0
53037,Kittitas,WA,1394.0,1435.0,1487.0,1565.0,1591.0,1793.0,1980.0,2099.0,14.1,0.0058,0.01,0.0067,0.0103,0.0259,0.0134,0.502,0.023,17,3,72.3
53039,Klickitat,WA,1244.0,1258.0,1312.0,1359.0,1365.0,1538.0,1698.0,1800.0,9.7,0.0065,0.0067,0.0048,0.0043,0.0235,0.0127,0.417,0.0244,18,6,68.4
53041,Lewis,WA,1182.0,1201.0,1232.0,1250.0,1248.0,1406.0,1552.0,1646.0,5.6,0.0044,0.0059,0.0056,0.0054,0.0067,0.0073,0.357,0.0199,19,7,49.5
53043,Lincoln,WA,1348.0,1401.0,1408.0,1569.0,1444.0,1627.0,1797.0,1905.0,7.1,0.0046,0.0085,0.0085,0.0069,0.007,0.0187,0.368,0.0293,9,1,53.4
53045,Mason,WA,1140.0,1187.0,1216.0,1243.0,1239.0,1397.0,1542.0,1635.0,8.7,0.0042,0.0063,0.0059,0.0046,0.0067,0.0085,0.453,0.0273,18,6,62.1
53047,Okanogan,WA,1390.0,1424.0,1452.0,1515.0,1531.0,1726.0,1905.0,2019.0,10.1,0.0076,0.0089,0.0049,0.0096,0.0108,0.0154,0.443,0.0212,33,9,74.8
53049,Pacific,WA,1127.0,1152.0,1165.0,1211.0,1199.0,1351.0,1492.0,1581.0,6.4,0.0043,0.0064,0.0031,0.005,0.0062,0.0084,0.312,0.0184,14,4,48.6
53051,Pend Oreille,WA,1287.0,1330.0,1336.0,1343.0,1350.0,1521.0,1680.0,1780.0,4.9,0.0082,0.0109,0.0084,0.0133,0.0122,0.0256,0.431,0.025,11,3,63.0
53053,Pierce,WA,1246.0,1289.0,1323.0,1334.0,1324.0,1492.0,1647.0,1746.0,6.3,0.0046,0.0061,0.0052,0.005,0.0055,0.0076,0.541,0.0341,10,2,51.5
53055,San Juan,WA,2051.0,2140.0,2156.0,2189.0,2218.0,2499.0,2759.0,2925.0,8.1,0.0031,0.0045,0.0044,0.0034,0.0077,0.0076,0.313,0.0173,6,1,38.8
53057,Skagit,WA,1130.0,1179.0,1201.0,1229.0,1236.0,1393.0,1538.0,1630.0,9.4,0.0037,0.0054,0.0039,0.0038,0.0041,0.0057,0.433,0.026,17,7,55.9
53059,Skamania,WA,1209.0,1242.0,1275.0,1320.0,1340.0,1510.0,1667.0,1767.0,10.8,0.0045,0.0061,0.0045,0.0063,0.0059,0.0098,0.541,0.0272,20,8,71.9
53061,Snohomish,WA,1207.0,1255.0,1286.0,1307.0,1317.0,1485.0,1639.0,1737.0,9.1,0.0037,0.0046,0.0043,0.0039,0.0041,0.0059,0.52,0.0307,20,5,57.8
53063,Spokane,WA,1106.0,1144.0,1171.0,1187.0,1200.0,1353.0,1493.0,1583.0,8.5,0.0047,0.0069,0.0054,0.0042,0.0052,0.0086,0.649,0.0464,17,6,67.5
53065,Stevens,WA,1332.0,1342.0,1379.0,1394.0,1383.0,1559.0,1721.0,1824.0,3.8,0.0068,0.0118,0.009,0.0114,0.0141,0.0167,0.593,0.0275,11,1,58.5
53067,Thurston,WA,1122.0,1156.0,1190.0,1214.0,1217.0,1372.0,1514.0,1605.0,8.5,0.0038,0.0044,0.0041,0.0042,0.0042,0.0051,0.502,0.0312,13,3,51.8
53069,Wahkiakum,WA,1259.0,1242.0,1301.0,1398.0,1339.0,1509.0,1666.0,1766.0,6.4,0.0011,0.0032,0.0061,0.0049,0.0058,0.0067,0.399,0.0176,19,6,51.4
53071,Walla Walla,WA,1097.0,1148.0,1177.0,1215.0,1217.0,1371.0,1514.0,1605.0,10.9,0.0049,0.008,0.0064,0.0059,0.0046,0.0077,0.457,0.0289,6,0,46.1
53073,Whatcom,WA,1100.0,1135.0,1144.0,1150.0,1153.0,1299.0,1434.0,1521.0,4.8,0.0036,0.0041,0.0037,0.0032,0.0041,0.005,0.414,0.0266,13,3,40.2
53075,Whitman,WA,1176.0,1218.0,1279.0,1345.0,1316.0,1483.0,1637.0,1736.0,11.9,0.0047,0.0051,0.0066,0.003,0.0078,0.0072,0.519,0.0253,6,2,56.7
53077,Yakima,WA,1248.0,1281.0,1324.0,1330.0,1321.0,1489.0,1644.0,1743.0,5.8,0.0047,0.0081,0.0053,0.0058,0.0065,0.0072,0.583,0.0371,22,7,59.7
54001,Barbour,WV,1247.0,1226.0,1203.0,1175.0,1163.0,1311.0,1447.0,1534.0,-6.7,0.0047,0.0068,0.002,0.0037,0.0059,0.0095,0.225,0.0287,11,1,19.8
54003,Berkeley,WV,1212.0,1200.0,1183.0,1174.0,1187.0,1337.0,1476.0,1565.0,-2.1,0.0025,0.0039,0.002,0.0029,0.0031,0.0061,0.484,0.0472,10,1,27.0
54005,Boone,WV,1359.0,1368.0,1293.0,1275.0,1265.0,1425.0,1574.0,1668.0,-6.9,0.0038,0.0095,0.0057,0.0071,0.0095,0.01,0.531,0.0246,22,6,46.9
54007,Braxton,WV,1171.0,1156.0,1169.0,1152.0,1131.0,1275.0,1407.0,1492.0,-3.4,0.006,0.0017,0.0042,0.0066,0.0032,0.0071,0.519,0.0263,15,1,31.6
54009,Brooke,WV,1083.0,1077.0,1071.0,1075.0,1080.0,1218.0,1344.0,1425.0,-0.3,0.0048,0.0048,0.0014,0.0045,0.0063,0.0105,1.012,0.0926,12,3,54.6
54011,Cabell,WV,1331.0,1322.0,1315.0,1303.0,1317.0,1484.0,1638.0,1737.0,-1.1,0.0052,0.0047,0.0031,0.0048,0.0038,0.0076,0.488,0.0444,21,4,40.7
54013,Calhoun,WV,1130.0,1086.0,1075.0,1087.0,1126.0,1269.0,1401.0,1485.0,-0.4,0.0021,0.0083,0.0021,0.0019,0.0038,0.0096,0.457,0.0255,16,2,40.7
54015,Clay,WV,1362.0,1326.0,1263.0,1244.0,1269.0,1430.0,1579.0,1674.0,-6.8,0.0029,0.0057,0.0028,0.0027,0.0125,0.0,0.815,0.0318,17,2,28.5
54017,Doddridge,WV,1124.0,1099.0,1058.0,1070.0,1077.0,1214.0,1340.0,1420.0,-4.2,0.007,0.0018,0.0,0.0053,0.0158,0.0071,0.765,0.0219,17,2,38.2
54019,Fayette,WV,1171.0,1143.0,1113.0,1116.0,1108.0,1249.0,1379.0,1462.0,-5.4,0.0073,0.0054,0.0024,0.0052,0.0089,0.0087,0.401,0.0272,17,3,33.2
54021,Gilmer,WV,1142.0,1159.0,1120.0,1116.0,1085.0,1223.0,1350.0,1431.0,-5.0,0.0016,0.0017,0.0016,0.0064,0.0015,0.0031,0.402,0.0206,16,2,21.1
54023,Grant,WV,1117.0,1110.0,1097.0,1109.0,1121.0,1263.0,1394.0,1478.0,0.4,0.0018,0.0047,0.0009,0.0036,0.0068,0.0043,0.691,0.056,12,1,33.7
54025,Greenbrier,WV,1246.0,1237.0,1241.0,1225.0,1227.0,1383.0,1526.0,1618.0,-1.5,0.0071,0.0039,0.0037,0.005,0.0057,0.0074,0.353,0.0238,13,2,28.0
54027,Hampshire,WV,1220.0,1220.0,1253.0,1256.0,1247.0,1406.0,1552.0,1645.0,2.2,0.003,0.0045,0.0013,0.0021,0.0049,0.0062,0.32,0.0268,8,1,24.5
54029,Hancock,WV,1134.0,1110.0,1112.0,1092.0,1096.0,1235.0,1363.0,1445.0,-3.4,0.0041,0.0045,0.0024,0.0048,0.0051,0.0103,0.381,0.0379,11,3,36.4
54031,Hardy,WV,1123.0,1118.0,1158.0,1202.0,1193.0,1344.0,1484.0,1573.0,6.2,0.0037,0.0047,0.002,0.0029,0.0043,0.0052,0.348,0.0201,11,1,34.8
54033,Harrison,WV,1111.0,1109.0,1103.0,1094.0,1091.0,1230.0,1358.0,1440.0,-1.8,0.004,0.0046,0.0027,0.004,0.0051,0.0088,0.306,0.0242,15,2,27.6
54035,Jackson,WV,1207.0,1203.0,1173.0,1167.0,1166.0,1314.0,1450.0,1537.0,-3.4,0.0036,0.0057,0.0037,0.0029,0.0051,0.0047,0.402,0.0308,15,1,21.4
54037,Jefferson,WV,1392.0,1404.0,1419.0,1441.0,1460.0,1646.0,1817.0,1926.0,4.9,0.0029,0.0038,0.003,0.0026,0.0028,0.0045,0.874,0.0816,11,1,43.2
54039,Kanawha,WV,1268.0,1256.0,1220.0,1207.0,1198.0,1350.0,1490.0,1580.0,-5.5,0.0058,0.0049,0.0035,0.004,0.0044,0.009,0.423,0.035,23,5,38.6
54041,Lewis,WV,1162.0,1148.0,1157.0,1131.0,1111.0,1252.0,1382.0,1465.0,-4.4,0.0044,0.002,0.0014,0.0023,0.0077,0.0067,0.431,0.025,17,1,25.7
54043,Lincoln,WV,1375.0,1366.0,1312.0,1228.0,1213.0,1367.0,1510.0,1600.0,-11.8,0.0093,0.0089,0.0019,0.0067,0.0041,0.0041,0.456,0.0224,27,6,30.5
54045,Logan,WV,1516.0,1469.0,1353.0,1295.0,1284.0,1447.0,1597.0,1693.0,-15.3,0.0071,0.0085,0.0056,0.0055,0.0088,0.0137,0.379,0.024,23,3,39.3
54047,McDowell,WV,1320.0,1252.0,1182.0,1130.0,1113.0,1255.0,1385.0,1468.0,-15.7,0.0115,0.0092,0.0015,0.0052,0.0067,0.0123,0.283,0.0162,19,3,32.0
54049,Marion,WV,1096.0,1110.0,1092.0,1078.0,1065.0,1200.0,1325.0,1404.0,-2.8,0.0052,0.0065,0.0022,0.0045,0.0054,0.0077,0.409,0.0242,14,2,28.8
54051,Marshall,WV,1106.0,1097.0,1096.0,1097.0,1074.0,1211.0,1337.0,1417.0,-2.9,0.004,0.0026,0.0017,0.0023,0.0049,0.0068,0.353,0.0271,16,3,27.8
54053,Mason,WV,1193.0,1200.0,1189.0,1185.0,1210.0,1364.0,1505.0,1596.0,1.4,0.0053,0.0039,0.0028,0.0054,0.0065,0.0089,0.502,0.0363,14,2,42.8
54055,Mercer,WV,1219.0,1236.0,1212.0,1181.0,1214.0,1368.0,1510.0,1601.0,-0.4,0.0055,0.0053,0.0049,0.0049,0.0054,0.0092,0.306,0.0277,17,3,33.8
54057,Mineral,WV,1080.0,1079.0,1081.0,1067.0,1053.0,1187.0,1310.0,1389.0,-2.5,0.0019,0.0036,0.0022,0.0025,0.004,0.0068,0.383,0.0293,8,1,23.6
54059,Mingo,WV,1606.0,1545.0,1454.0,1295.0,1272.0,1434.0,1583.0,1678.0,-20.8,0.0044,0.005,0.0036,0.0057,0.0061,0.0092,0.778,0.0244,23,3,43.3
54061,Monongalia,WV,1194.0,1199.0,1195.0,1160.0,1144.0,1289.0,1423.0,1509.0,-4.2,0.0028,0.0039,0.0019,0.0032,0.0029,0.0048,0.303,0.0264,13,1,12.5
54063,Monroe,WV,1106.0,1107.0,1108.0,1096.0,1111.0,1252.0,1382.0,1465.0,0.5,0.0054,0.0014,0.0021,0.0027,0.0052,0.0033,0.322,0.0256,9,2,21.6
54065,Morgan,WV,1278.0,1273.0,1288.0,1285.0,1262.0,1422.0,1570.0,1665.0,-1.3,0.0029,0.0039,0.0013,0.0041,0.005,0.0064,0.259,0.0206,9,1,19.2
54067,Nicholas,WV,1180.0,1170.0,1154.0,1140.0,1135.0,1280.0,1413.0,1497.0,-3.8,0.0075,0.0044,0.0035,0.0043,0.0037,0.0075,0.331,0.0215,15,2,23.5
54069,Ohio,WV,1223.0,1231.0,1224.0,1217.0,1226.0,1382.0,1526.0,1617.0,0.2,0.0041,0.0015,0.0012,0.0026,0.0029,0.0064,0.586,0.0379,14,4,43.4
54071,Pendleton,WV,923.0,941.0,975.0,985.0,972.0,1095.0,1209.0,1282.0,5.3,0.0029,0.0029,0.0007,0.0051,0.0022,0.0029,0.311,0.0186,13,1,29.7
54073,Pleasants,WV,1065.0,1060.0,1018.0,1013.0,979.0,1104.0,1219.0,1292.0,-8.1,0.0038,0.0019,0.0019,0.0027,0.0035,0.0088,0.331,0.0294,9,1,22.8
54075,Pocahontas,WV,1226.0,1203.0,1176.0,1198.0,1189.0,1340.0,1479.0,1568.0,-3.0,0.0034,0.002,0.0019,0.0063,0.0054,0.0076,0.524,0.0217,13,1,30.5
54077,Preston,WV,1156.0,1176.0,1177.0,1167.0,1133.0,1277.0,1409.0,1494.0,-2.0,0.0075,0.0041,0.0033,0.0041,0.0064,0.0064,0.333,0.024,16,2,23.2
54079,Putnam,WV,1222.0,1219.0,1209.0,1194.0,1197.0,1349.0,1490.0,1579.0,-2.0,0.0031,0.0029,0.0022,0.0047,0.0027,0.0053,0.532,0.0503,16,3,34.5
54081,Raleigh,WV,1303.0,1281.0,1251.0,1228.0,1212.0,1366.0,1508.0,1598.0,-7.0,0.0048,0.0055,0.005,0.0044,0.005,0.0124,0.323,0.0262,17,2,32.9
54083,Randolph,WV,1217.0,1206.0,1200.0,1182.0,1163.0,1310.0,1446.0,1533.0,-4.4,0.0057,0.0036,0.0022,0.0028,0.0063,0.0083,0.332,0.0236,12,1,21.8
54085,Ritchie,WV,1065.0,1070.0,1082.0,1098.0,1048.0,1181.0,1304.0,1382.0,-1.6,0.0067,0.0028,0.0,0.0054,0.0044,0.0078,0.436,0.0259,15,1,27.7
54087,Roane,WV,1239.0,1204.0,1158.0,1147.0,1160.0,1307.0,1443.0,1530.0,-6.4,0.0042,0.0087,0.0042,0.002,0.0078,0.0128,0.298,0.0283,19,3,36.0
54089,Summers,WV,1212.0,1187.0,1132.0,1145.0,1120.0,1263.0,1394.0,1478.0,-7.6,0.0057,0.0029,0.0012,0.0068,0.0083,0.0073,0.22,0.0188,14,2,18.3
54091,Taylor,WV,1085.0,1105.0,1107.0,1129.0,1104.0,1244.0,1373.0,1456.0,1.8,0.0065,0.0046,0.0018,0.0058,0.0048,0.0053,0.467,0.0218,14,1,29.0
54093,Tucker,WV,1229.0,1216.0,1221.0,1230.0,1211.0,1365.0,1507.0,1598.0,-1.5,0.0032,0.0033,0.0026,0.0053,0.0039,0.006,0.217,0.0145,15,1,17.1
54095,Tyler,WV,1042.0,1038.0,1042.0,1056.0,1040.0,1172.0,1293.0,1371.0,-0.2,0.0066,0.0033,0.0021,0.002,0.003,0.011,0.733,0.0291,17,3,54.2
54097,Upshur,WV,1075.0,1065.0,1053.0,1066.0,1041.0,1173.0,1295.0,1373.0,-3.2,0.0038,0.0029,0.0017,0.0048,0.0047,0.0079,0.404,0.0257,13,1,26.4
54099,Wayne,WV,1377.0,1361.0,1323.0,1312.0,1308.0,1474.0,1627.0,1725.0,-5.0,0.0041,0.0041,0.0028,0.0036,0.0042,0.0084,0.447,0.0321,22,5,39.9
54101,Webster,WV,1089.0,1104.0,1090.0,1087.0,1084.0,1221.0,1348.0,1429.0,-0.5,0.0107,0.0016,0.0,0.0044,0.0058,0.0073,0.479,0.0283,14,1,30.7
54103,Wetzel,WV,1004.0,1008.0,1011.0,1006.0,993.0,1119.0,1235.0,1310.0,-1.1,0.0028,0.0028,0.0027,0.0039,0.0013,0.0051,0.274,0.0209,18,3,24.4
54105,Wirt,WV,1041.0,1012.0,1000.0,1028.0,1014.0,1143.0,1262.0,1337.0,-2.6,0.0024,0.0,0.0023,0.0011,0.0055,0.0078,0.591,0.0269,14,1,33.9
54107,Wood,WV,1127.0,1115.0,1100.0,1088.0,1073.0,1210.0,1336.0,1416.0,-4.8,0.004,0.0033,0.0018,0.0034,0.0035,0.0068,0.347,0.0332,10,2,22.0
54109,Wyoming,WV,1212.0,1178.0,1115.0,1118.0,1103.0,1244.0,1373.0,1455.0,-9.0,0.0044,0.0063,0.0018,0.0036,0.0049,0.008,0.665,0.0251,19,2,38.2
55001,Adams,WI,1035.0,1048.0,1063.0,1107.0,1113.0,1254.0,1385.0,1468.0,7.5,0.0053,0.0038,0.0054,0.0086,0.0049,0.0065,0.449,0.0314,8,0,39.3
55003,Ashland,WI,1202.0,1205.0,1188.0,1193.0,1185.0,1336.0,1475.0,1563.0,-1.4,0.0048,0.0039,0.006,0.0108,0.004,0.0104,0.485,0.0238,7,0,34.1
55005,Barron,WI,1165.0,1175.0,1243.0,1261.0,1272.0,1433.0,1582.0,1677.0,9.2,0.0066,0.006,0.0062,0.0108,0.0078,0.0082,0.82,0.0663,5,0,53.7
55007,Bayfield,WI,1295.0,1292.0,1317.0,1320.0,1296.0,1461.0,1613.0,1709.0,0.1,0.0062,0.0063,0.0028,0.0056,0.005,0.0051,0.361,0.0247,6,0,19.0
55009,Brown,WI,1002.0,1016.0,1027.0,1067.0,1071.0,1207.0,1332.0,1412.0,6.9,0.0082,0.0048,0.0034,0.0055,0.0046,0.0098,0.466,0.0381,2,0,47.1
55011,Buffalo,WI,1129.0,1152.0,1183.0,1241.0,1265.0,1426.0,1574.0,1669.0,12.0,0.0064,0.0062,0.0046,0.0051,0.0071,0.0073,0.934,0.0725,4,0,56.2
55013,Burnett,WI,1186.0,1202.0,1224.0,1277.0,1292.0,1456.0,1608.0,1704.0,8.9,0.0037,0.0051,0.003,0.004,0.0053,0.0077,0.606,0.0357,6,0,50.5
55015,Calumet,WI,983.0,1000.0,1003.0,1044.0,1051.0,1184.0,1308.0,1386.0,6.9,0.0092,0.0044,0.0037,0.0062,0.0051,0.0073,0.352,0.0275,5,0,36.5
55017,Chippewa,WI,1131.0,1151.0,1186.0,1240.0,1259.0,1419.0,1566.0,1660.0,11.3,0.0066,0.0056,0.0036,0.0061,0.0054,0.0076,0.503,0.0351,5,0,51.0
55019,Clark,WI,1029.0,1031.0,1049.0,1103.0,1103.0,1243.0,1373.0,1455.0,7.2,0.0073,0.0077,0.0033,0.0119,0.0052,0.0074,0.363,0.0272,9,0,36.9
55021,Columbia,WI,1167.0,1196.0,1231.0,1286.0,1336.0,1506.0,1662.0,1762.0,14.5,0.0059,0.006,0.0038,0.0077,0.004,0.0066,0.383,0.0298,6,0,42.2
55023,Crawford,WI,1007.0,1044.0,1110.0,1149.0,1159.0,1306.0,1442.0,1528.0,15.1,0.0064,0.0046,0.0057,0.008,0.0107,0.007,0.459,0.0256,10,0,50.0
55025,Dane,WI,1205.0,1240.0,1272.0,1312.0,1355.0,1528.0,1686.0,1788.0,12.4,0.008,0.005,0.0038,0.0061,0.005,0.0066,0.327,0.0306,9,0,40.7
55027,Dodge,WI,1050.0,1075.0,1089.0,1128.0,1151.0,1297.0,1432.0,1518.0,9.6,0.0047,0.0034,0.0038,0.0082,0.007,0.0071,0.388,0.0326,6,0,39.2
55029,Door,WI,1279.0,1294.0,1271.0,1312.0,1302.0,1467.0,1620.0,1717.0,1.8,0.0033,0.0043,0.004,0.006,0.0049,0.007,0.24,0.0216,2,0,21.5
55031,Douglas,WI,1231.0,1225.0,1246.0,1280.0,1270.0,1431.0,1580.0,1675.0,3.2,0.0074,0.005,0.005,0.0079,0.0077,0.0105,0.446,0.0339,5,0,41.6
55033,Dunn,WI,1181.0,1195.0,1241.0,1284.0,1301.0,1466.0,1619.0,1716.0,10.2,0.0045,0.0065,0.0066,0.0066,0.005,0.005,0.44,0.0274,4,0,39.9
55035,Eau Claire,WI,1085.0,1104.0,1153.0,1213.0,1219.0,1374.0,1517.0,1608.0,12.4,0.0074,0.0062,0.0034,0.0081,0.0051,0.0071,0.454,0.032,2,0,45.0
55037,Florence,WI,1050.0,1067.0,1057.0,1079.0,1039.0,1171.0,1293.0,1370.0,-1.0,0.0066,0.0065,0.0036,0.0078,0.006,0.0053,0.295,0.026,2,0,15.6
55039,Fond du Lac,WI,1045.0,1056.0,1064.0,1111.0,1128.0,1271.0,1403.0,1487.0,7.9,0.0073,0.0054,0.005,0.0074,0.0075,0.0084,0.596,0.0435,4,0,47.9
55041,Forest,WI,956.0,960.0,955.0,965.0,960.0,1081.0,1194.0,1265.0,0.4,0.0031,0.007,0.0049,0.0084,0.0084,0.006,0.369,0.0316,3,0,19.6
55043,Grant,WI,1099.0,1128.0,1163.0,1220.0,1261.0,1421.0,1569.0,1663.0,14.7,0.0074,0.0052,0.007,0.0071,0.006,0.0079,0.315,0.0268,10,0,46.1
55045,Green,WI,1203.0,1236.0,1292.0,1342.0,1378.0,1553.0,1714.0,1817.0,14.5,0.006,0.0068,0.0026,0.0061,0.0044,0.0081,0.366,0.0251,8,0,49.0
55047,Green Lake,WI,1314.0,1327.0,1359.0,1400.0,1390.0,1567.0,1730.0,1833.0,5.8,0.0086,0.005,0.0038,0.0045,0.0085,0.0061,0.253,0.0238,4,0,27.8
55049,Iowa,WI,1207.0,1245.0,1285.0,1329.0,1366.0,1539.0,1699.0,1801.0,13.2,0.0052,0.0048,0.004,0.0043,0.0057,0.0049,0.366,0.0254,8,0,36.6
55051,Iron,WI,1004.0,1015.0,1012.0,1042.0,1035.0,1167.0,1288.0,1365.0,3.1,0.0089,0.0039,0.0049,0.0215,0.0107,0.011,0.394,0.0319,6,0,38.7
55053,Jackson,WI,1111.0,1113.0,1160.0,1202.0,1224.0,1380.0,1524.0,1615.0,10.2,0.0077,0.0063,0.0057,0.0089,0.0106,0.0111,0.514,0.034,7,0,55.7
55055,Jefferson,WI,1095.0,1114.0,1135.0,1179.0,1222.0,1377.0,1520.0,1611.0,11.6,0.0064,0.0055,0.0042,0.0076,0.0064,0.0068,0.609,0.0437,5,0,52.7
55057,Juneau,WI,1145.0,1161.0,1188.0,1235.0,1246.0,1404.0,1551.0,1644.0,8.8,0.0075,0.0055,0.0072,0.0073,0.0076,0.0094,0.369,0.0305,8,0,44.0
55059,Kenosha,WI,1126.0,1138.0,1153.0,1176.0,1187.0,1338.0,1477.0,1565.0,5.4,0.0118,0.0078,0.0042,0.0068,0.0059,0.0063,0.403,0.0339,9,0,32.7
55061,Kewaunee,WI,997.0,1015.0,1047.0,1091.0,1087.0,1225.0,1353.0,1434.0,9.0,0.0045,0.0055,0.0035,0.0059,0.0073,0.0064,0.405,0.0229,2,0,39.6
55063,La Crosse,WI,1091.0,1117.0,1182.0,1247.0,1265.0,1426.0,1574.0,1668.0,15.9,0.006,0.005,0.0058,0.0082,0.0078,0.0073,0.686,0.0619,9,0,56.8
55065,Lafayette,WI,1167.0,1169.0,1207.0,1270.0,1304.0,1470.0,1623.0,1720.0,11.7,0.0045,0.0058,0.0052,0.0051,0.0065,0.0099,0.263,0.024,6,0,43.8
55067,Langlade,WI,951.0,961.0,954.0,1000.0,995.0,1121.0,1238.0,1312.0,4.6,0.0069,0.009,0.0046,0.0061,0.0076,0.0082,0.95,0.066,3,0,47.4
55069,Lincoln,WI,1021.0,1028.0,1042.0,1072.0,1090.0,1229.0,1356.0,1438.0,6.8,0.0059,0.0061,0.0065,0.0078,0.0062,0.0074,0.625,0.0468,2,0,47.2
55071,Manitowoc,WI,969.0,975.0,983.0,1031.0,1027.0,1157.0,1278.0,1354.0,6.0,0.0053,0.005,0.0038,0.0069,0.0064,0.0071,0.406,0.0258,3,0,36.4
55073,Marathon,WI,1063.0,1063.0,1094.0,1132.0,1143.0,1288.0,1422.0,1507.0,7.5,0.0106,0.0078,0.0063,0.011,0.0075,0.0086,0.328,0.0281,5,0,39.3
55075,Marinette,WI,944.0,952.0,955.0,977.0,979.0,1103.0,1218.0,1291.0,3.7,0.0066,0.0071,0.0063,0.0076,0.0054,0.0109,0.499,0.0325,3,0,46.2
55077,Marquette,WI,1074.0,1096.0,1112.0,1145.0,1152.0,1298.0,1433.0,1519.0,7.3,0.0041,0.0037,0.0045,0.0084,0.0052,0.0078,0.52,0.036,4,0,43.1
55078,Menominee,WI,1142.0,1134.0,1137.0,1147.0,1165.0,1313.0,1449.0,1536.0,2.0,0.0039,0.0039,0.0,0.0037,0.0053,0.0056,0.301,0.0301,2,0,18.8
55079,Milwaukee,WI,1177.0,1183.0,1187.0,1221.0,1230.0,1387.0,1531.0,1623.0,4.5,0.0136,0.0081,0.0053,0.0122,0.007,0.0083,0.35,0.0314,10,1,38.8
55081,Monroe,WI,1120.0,1135.0,1196.0,1263.0,1276.0,1437.0,1587.0,1682.0,13.9,0.0093,0.0062,0.006,0.0135,0.0073,0.0074,0.469,0.0338,8,0,50.7
55083,Oconto,WI,972.0,989.0,993.0,1036.0,1039.0,1171.0,1292.0,1370.0,6.9,0.0054,0.0062,0.0058,0.0062,0.0059,0.0055,0.707,0.0492,2,0,44.8
55085,Oneida,WI,1151.0,1152.0,1148.0,1172.0,1177.0,1327.0,1465.0,1553.0,2.3,0.0061,0.0074,0.0039,0.0067,0.0066,0.0082,0.484,0.037,3,0,33.1
55087,Outagamie,WI,1011.0,1024.0,1023.0,1056.0,1059.0,1193.0,1317.0,1396.0,4.7,0.0085,0.0048,0.0033,0.0058,0.0064,0.0087,0.931,0.0899,4,0,49.7
55089,Ozaukee,WI,1314.0,1333.0,1338.0,1359.0,1366.0,1540.0,1700.0,1802.0,4.0,0.0064,0.0047,0.004,0.008,0.0046,0.0099,0.555,0.0465,5,0,43.8
55091,Pepin,WI,1177.0,1221.0,1292.0,1334.0,1371.0,1545.0,1706.0,1808.0,16.5,0.0063,0.0,0.0045,0.0128,0.0073,0.0105,0.648,0.0686,2,0,62.6
55093,Pierce,WI,1341.0,1363.0,1428.0,1478.0,1514.0,1706.0,1883.0,1996.0,12.9,0.0062,0.0067,0.0044,0.0054,0.0053,0.0109,0.918,0.0782,2,0,65.5
55095,Polk,WI,1319.0,1350.0,1385.0,1429.0,1451.0,1635.0,1805.0,1914.0,10.0,0.0088,0.0067,0.0058,0.0081,0.0086,0.0082,1.389,0.1046,5,0,57.1
55097,Portage,WI,1071.0,1076.0,1095.0,1137.0,1155.0,1302.0,1437.0,1523.0,7.8,0.01,0.0055,0.0042,0.0101,0.0049,0.0088,0.476,0.0403,7,0,47.8
55099,Price,WI,1007.0,1016.0,1026.0,1054.0,1060.0,1194.0,1318.0,1397.0,5.3,0.0073,0.0047,0.0028,0.0071,0.0053,0.0067,0.282,0.0244,2,0,29.8
55101,Racine,WI,1131.0,1140.0,1157.0,1174.0,1185.0,1335.0,1474.0,1562.0,4.8,0.011,0.0061,0.0042,0.0085,0.0054,0.0064,0.35,0.0295,9,0,28.2
55103,Richland,WI,1090.0,1115.0,1156.0,1189.0,1186.0,1337.0,1476.0,1564.0,8.8,0.0041,0.0069,0.0033,0.009,0.0072,0.0074,0.747,0.0556,9,0,49.6
55105,Rock,WI,1044.0,1069.0,1094.0,1146.0,1186.0,1337.0,1476.0,1564.0,13.6,0.0077,0.0078,0.0041,0.0079,0.0065,0.0071,0.623,0.0428,6,0,54.5
55107,Rusk,WI,1072.0,1088.0,1111.0,1157.0,1167.0,1315.0,1452.0,1539.0,8.9,0.0043,0.0085,0.0041,0.0074,0.0061,0.0017,0.726,0.0484,5,0,43.0
55109,St. Croix,WI,1385.0,1415.0,1466.0,1522.0,1558.0,1756.0,1939.0,2055.0,12.5,0.0063,0.005,0.0044,0.0062,0.0074,0.0098,1.067,0.0931,4,0,61.8
55111,Sauk,WI,1276.0,1301.0,1345.0,1379.0,1413.0,1593.0,1759.0,1864.0,10.7,0.0075,0.0067,0.004,0.0095,0.0083,0.0081,0.399,0.0349,6,0,45.6
55113,Sawyer,WI,1234.0,1236.0,1264.0,1284.0,1287.0,1450.0,1601.0,1697.0,4.3,0.0042,0.0044,0.0052,0.0088,0.0072,0.0103,0.738,0.0535,4,0,50.8
55115,Shawano,WI,1013.0,1030.0,1043.0,1073.0,1076.0,1213.0,1339.0,1419.0,6.2,0.0063,0.0047,0.0091,0.0048,0.0059,0.0055,0.318,0.0283,4,0,30.0
55117,Sheboygan,WI,1027.0,1036.0,1037.0,1078.0,1071.0,1208.0,1333.0,1413.0,4.3,0.0094,0.0071,0.0049,0.0089,0.0057,0.0068,0.436,0.0342,4,0,33.3
55119,Taylor,WI,1041.0,1033.0,1036.0,1061.0,1071.0,1206.0,1332.0,1412.0,2.9,0.0061,0.0062,0.0048,0.0114,0.0063,0.0079,0.268,0.0232,5,0,24.2
55121,Trempealeau,WI,1115.0,1149.0,1219.0,1306.0,1343.0,1514.0,1671.0,1772.0,20.4,0.0072,0.0043,0.0045,0.0083,0.0083,0.0081,0.968,0.0615,5,0,63.4
55123,Vernon,WI,1099.0,1132.0,1170.0,1240.0,1264.0,1425.0,1573.0,1667.0,15.0,0.0075,0.0068,0.0056,0.0088,0.0034,0.0061,0.367,0.0327,11,0,42.0
55125,Vilas,WI,1278.0,1277.0,1272.0,1290.0,1281.0,1443.0,1593.0,1689.0,0.2,0.0044,0.0042,0.0038,0.0054,0.0053,0.0066,0.468,0.0345,1,0,28.1
55127,Walworth,WI,1400.0,1431.0,1444.0,1476.0,1487.0,1675.0,1850.0,1961.0,6.2,0.0067,0.0059,0.0047,0.0075,0.0051,0.0081,0.627,0.054,7,0,48.8
55129,Washburn,WI,1228.0,1246.0,1274.0,1293.0,1307.0,1474.0,1627.0,1724.0,6.4,0.004,0.0033,0.0046,0.0049,0.0057,0.0083,0.764,0.0525,5,0,49.7
55131,Washington,WI,1173.0,1190.0,1184.0,1228.0,1244.0,1402.0,1548.0,1641.0,6.1,0.0062,0.0044,0.0039,0.0089,0.0052,0.0057,0.485,0.0342,6,1,42.0
55133,Waukesha,WI,1303.0,1321.0,1326.0,1364.0,1379.0,1554.0,1716.0,1819.0,5.8,0.0064,0.0039,0.0033,0.0067,0.0044,0.0068,0.431,0.0369,7,1,41.9
55135,Waupaca,WI,1049.0,1058.0,1061.0,1108.0,1107.0,1247.0,1377.0,1459.0,5.5,0.0079,0.0052,0.0038,0.0086,0.0064,0.0087,0.808,0.0667,5,0,49.8
55137,Waushara,WI,1067.0,1092.0,1084.0,1121.0,1124.0,1267.0,1399.0,1483.0,5.3,0.0059,0.0067,0.0044,0.0074,0.0051,0.0067,0.578,0.0408,4,0,41.2
55139,Winnebago,WI,1028.0,1035.0,1041.0,1080.0,1091.0,1229.0,1357.0,1438.0,6.1,0.0083,0.0043,0.0031,0.0068,0.0056,0.0064,0.38,0.0331,4,0,33.2
55141,Wood,WI,1044.0,1061.0,1075.0,1121.0,1151.0,1297.0,1432.0,1518.0,10.2,0.0096,0.0065,0.0053,0.0101,0.0072,0.0198,0.441,0.0427,7,0,59.2
56001,Albany,WY,1549.0,1569.0,1609.0,1665.0,1713.0,1930.0,2131.0,2259.0,10.6,0.0036,0.0038,0.0029,0.0034,0.0032,0.0065,0.361,0.0322,8,0,40.7
56003,Big Horn,WY,1208.0,1221.0,1272.0,1333.0,1345.0,1516.0,1673.0,1774.0,11.3,0.0084,0.0082,0.008,0.0077,0.005,0.0064,1.442,0.1293,1,0,55.3
56005,Campbell,WY,1877.0,1859.0,1946.0,1978.0,2072.0,2335.0,2578.0,2733.0,10.4,0.0065,0.0136,0.0159,0.0103,0.0056,0.0045,1.2,0.1848,2,1,51.2
56007,Carbon,WY,1293.0,1314.0,1362.0,1366.0,1371.0,1545.0,1706.0,1809.0,6.0,0.0111,0.0137,0.0058,0.0051,0.006,0.0098,0.623,0.0581,3,0,52.3
56009,Converse,WY,1824.0,1854.0,1889.0,1928.0,1973.0,2224.0,2455.0,2602.0,8.2,0.0082,0.0076,0.0094,0.005,0.0076,0.0074,0.529,0.0791,2,0,46.9
56011,Crook,WY,1797.0,1786.0,1895.0,2008.0,2058.0,2320.0,2561.0,2715.0,14.5,0.0037,0.0109,0.0116,0.0053,0.0036,0.0099,1.241,0.1319,4,0,67.1
56013,Fremont,WY,1362.0,1347.0,1341.0,1335.0,1357.0,1530.0,1689.0,1790.0,-0.4,0.0041,0.0047,0.0036,0.0034,0.0022,0.0068,0.327,0.0288,4,0,17.4
56015,Goshen,WY,1894.0,1879.0,1948.0,1990.0,2032.0,2290.0,2528.0,2680.0,7.3,0.0023,0.0046,0.0049,0.0051,0.0029,0.0106,0.376,0.0446,2,0,45.2
56017,Hot Springs,WY,1171.0,1169.0,1274.0,1290.0,1254.0,1413.0,1560.0,1654.0,7.1,0.0013,0.0097,0.007,0.0079,0.0055,0.0069,1.835,0.1936,1,1,53.8
56019,Johnson,WY,1520.0,1518.0,1562.0,1592.0,1645.0,1854.0,2047.0,2170.0,8.2,0.0062,0.0067,0.0039,0.0019,0.0036,0.0076,0.857,0.0937,4,2,60.0
56021,Laramie,WY,1925.0,1969.0,2081.0,2174.0,2261.0,2548.0,2813.0,2982.0,17.5,0.0052,0.0057,0.0029,0.0047,0.0035,0.0078,1.082,0.1346,1,1,67.0
56023,Lincoln,WY,1324.0,1346.0,1383.0,1445.0,1482.0,1670.0,1844.0,1955.0,11.9,0.0044,0.0038,0.0028,0.0035,0.0052,0.0052,0.491,0.0265,2,0,42.9
56025,Natrona,WY,1547.0,1528.0,1554.0,1575.0,1628.0,1835.0,2025.0,2147.0,5.2,0.0057,0.0057,0.0034,0.0038,0.0027,0.0073,0.546,0.0582,5,1,46.2
56027,Niobrara,WY,1675.0,1701.0,1811.0,1940.0,1937.0,2183.0,2410.0,2554.0,15.6,0.0135,0.0068,0.0102,0.0103,0.0094,0.0092,0.555,0.0611,1,0,59.9
56029,Park,WY,1289.0,1284.0,1320.0,1339.0,1393.0,1569.0,1733.0,1837.0,8.1,0.0023,0.0041,0.0029,0.0034,0.0037,0.0089,0.504,0.0355,1,0,49.5
56031,Platte,WY,1950.0,1984.0,2004.0,2062.0,2099.0,2365.0,2611.0,2768.0,7.6,0.0074,0.0099,0.0038,0.0053,0.0078,0.0121,0.692,0.0754,6,1,64.0
56033,Sheridan,WY,1719.0,1718.0,1720.0,1797.0,1820.0,2051.0,2264.0,2400.0,5.9,0.0035,0.003,0.0028,0.0025,0.0033,0.0047,0.4,0.0411,4,1,33.3
56035,Sublette,WY,1478.0,1449.0,1472.0,1446.0,1463.0,1649.0,1820.0,1930.0,-1.0,0.0022,0.0073,0.0029,0.0028,0.0058,0.0086,0.764,0.0322,1,0,36.4
56037,Sweetwater,WY,970.0,981.0,1003.0,1009.0,1001.0,1129.0,1246.0,1321.0,3.2,0.0055,0.0071,0.0051,0.004,0.0046,0.0059,0.364,0.0334,1,0,24.0
56039,Teton,WY,4904.0,5130.0,5546.0,5796.0,6039.0,6806.0,7514.0,7965.0,23.1,0.0025,0.003,0.009,0.0136,0.0267,0.0374,0.135,0.0235,3,0,58.8
56041,Uinta,WY,1231.0,1237.0,1213.0,1226.0,1251.0,1410.0,1556.0,1650.0,1.6,0.0065,0.0079,0.0047,0.0039,0.0069,0.0068,0.425,0.0424,2,0,28.4
56043,Washakie,WY,1460.0,1432.0,1416.0,1460.0,1492.0,1681.0,1856.0,1968.0,2.2,0.0044,0.0051,0.0035,0.0054,0.0033,0.0027,0.289,0.0429,2,0,15.9
56045,Weston,WY,1828.0,1841.0,1884.0,1987.0,2040.0,2299.0,2538.0,2690.0,11.6,0.0121,0.004,0.005,0.0038,0.0092,0.0051,0.368,0.0508,4,0,37.2
