fips,county,state,value_zhvi,value_month,rent_mo,rent_basis,rent_month,tax_rate,tax_rate_source,prem2021_SOURCED,prem2022_SOURCED,prem2025_MODELED,gross_yield_pct,cap_at_2021_ins_pct_MODELED,cap_at_current_ins_pct_MODELED,insurance_drag_bps,ins_pct_of_rent,nonrenew2023_pct
01001,Autauga,AL,263768,2026-05,1855,ZORI,2026-05,0.00285,ACS,1725,1739,2293,8.44,5.56,5.34,22,10.3,0.65
01003,Baldwin,AL,373124,2026-05,1663,ZORI,2026-05,0.00307,ACS,2914,2585,3409,5.35,3.03,2.9,13,17.1,0.93
01005,Barbour,AL,151430,2026-05,1017,FMR3,FY26,0.00378,ACS,1904,1850,2440,8.06,4.57,4.22,35,20.0,0.98
01007,Bibb,AL,219896,2026-05,1583,FMR3,FY26,0.00204,ACS,1831,1793,2364,8.64,5.61,5.37,24,12.4,0.72
01009,Blount,AL,233814,2026-05,1454,ZORI,2026-05,0.00299,ACS,1835,1834,2419,7.46,4.66,4.41,25,13.9,0.76
01011,Bullock,AL,131142,2026-05,930,FMR3,FY26,0.00389,ACS,2136,2013,2654,8.51,4.53,4.14,39,23.8,1.49
01013,Butler,AL,117593,2026-05,1004,FMR3,FY26,0.00343,ACS,1755,1746,2302,10.25,6.05,5.59,47,19.1,0.82
01015,Calhoun,AL,170650,2026-05,1028,ZORI,2026-05,0.00408,ACS,1724,1718,2266,7.23,4.15,3.83,32,18.4,0.81
01017,Chambers,AL,141077,2026-05,1265,FMR3,FY26,0.00382,ACS,1706,1687,2225,10.76,6.69,6.33,37,14.7,0.71
01019,Cherokee,AL,228938,2026-05,1012,FMR3,FY26,0.00388,ACS,1730,1718,2265,5.3,2.94,2.71,23,18.7,0.68
01021,Chilton,AL,223392,2026-05,1480,ZORI,2026-05,0.00336,ACS,1744,1754,2314,7.95,5.01,4.75,26,13.0,0.7
01023,Choctaw,AL,123194,2026-05,1024,FMR3,FY26,0.00178,ACS,1891,1873,2470,9.97,5.97,5.5,47,20.1,1.04
01025,Clarke,AL,140659,2026-05,1034,FMR3,FY26,0.00307,ACS,2030,1995,2631,8.82,5.04,4.61,43,21.2,1.04
01027,Clay,AL,181736,2026-05,1024,FMR3,FY26,0.00225,ACS,1768,1707,2252,6.76,4.01,3.74,27,18.3,0.79
01029,Cleburne,AL,237064,2026-05,1082,FMR3,FY26,0.00289,ACS,1696,1692,2231,5.48,3.21,2.99,23,17.2,1.26
01031,Coffee,AL,184979,2026-05,1413,ZORI,2026-05,0.00341,ACS,1935,1895,2500,9.17,5.67,5.37,31,14.7,0.89
01033,Colbert,AL,202189,2026-05,1076,ZORI,2026-05,0.00374,ACS,1842,1849,2438,6.39,3.63,3.34,29,18.9,0.83
01035,Conecuh,AL,131874,2026-05,1079,FMR3,FY26,0.00324,ACS,1970,1942,2561,9.82,5.74,5.29,45,19.8,0.67
01037,Coosa,AL,186618,2026-05,1079,FMR3,FY26,0.00271,ACS,1772,1784,2353,6.94,4.12,3.81,31,18.2,0.78
01039,Covington,AL,157840,2026-05,999,FMR3,FY26,0.00251,ACS,1974,1967,2594,7.6,4.35,3.95,39,21.6,0.61
01041,Crenshaw,AL,142994,2026-05,930,FMR3,FY26,0.0032,ACS,1735,1723,2272,7.8,4.48,4.1,38,20.4,1.15
01043,Cullman,AL,258586,2026-05,1353,ZORI,2026-05,0.00253,ACS,1938,1931,2547,6.28,3.83,3.59,24,15.7,0.78
01045,Dale,AL,162155,2026-05,1276,ZORI,2026-05,0.0033,ACS,1888,1872,2469,9.44,5.78,5.42,36,16.1,0.94
01047,Dallas,AL,90663,2026-05,1103,FMR3,FY26,0.00424,ACS,1929,1975,2605,14.6,8.69,7.94,75,19.7,1.58
01049,DeKalb,AL,215342,2026-05,992,FMR3,FY26,0.00338,ACS,1745,1764,2327,5.53,3.11,2.84,27,19.5,0.84
01051,Elmore,AL,273065,2026-05,1517,ZORI,2026-05,0.00264,ACS,1782,1787,2356,6.66,4.22,4.01,21,12.9,0.64
01053,Escambia,AL,143998,2026-05,972,FMR3,FY26,0.00395,ACS,2149,2106,2778,8.1,4.35,3.91,44,23.8,0.64
01055,Etowah,AL,184703,2026-05,1221,ZORI,2026-05,0.00364,ACS,1785,1783,2352,7.93,4.78,4.47,31,16.1,0.82
01057,Fayette,AL,146230,2026-05,1079,FMR3,FY26,0.00286,ACS,1954,1933,2549,8.85,5.2,4.79,41,19.7,0.81
01059,Franklin,AL,181065,2026-05,976,FMR3,FY26,0.00337,ACS,1808,1812,2390,6.47,3.64,3.32,32,20.4,0.94
01061,Geneva,AL,166752,2026-05,1288,FMR3,FY26,0.00318,ACS,1949,1913,2523,9.27,5.65,5.31,34,16.3,1.09
01063,Greene,AL,134979,2026-05,1367,FMR3,FY26,0.00488,ACS,2014,1949,2570,12.15,7.38,6.97,41,15.7,0.76
01065,Hale,AL,176951,2026-05,1490,FMR3,FY26,0.00321,ACS,1923,1885,2486,10.1,6.37,6.05,32,13.9,0.88
01067,Henry,AL,196243,2026-05,1078,FMR3,FY26,0.00342,ACS,1907,1878,2476,6.59,3.76,3.47,29,19.1,0.69
01069,Houston,AL,204567,2026-05,1246,ZORI,2026-05,0.003,ACS,2010,1975,2605,7.31,4.35,4.05,29,17.4,0.72
01071,Jackson,AL,192997,2026-05,1004,FMR3,FY26,0.00308,ACS,1856,1863,2457,6.24,3.54,3.23,31,20.4,0.56
01073,Jefferson,AL,218078,2026-05,1391,ZORI,2026-05,0.00596,ACS,1999,2015,2658,7.65,4.38,4.08,30,15.9,0.81
01075,Lamar,AL,134387,2026-05,1024,FMR3,FY26,0.00217,ACS,1774,1791,2362,9.14,5.5,5.07,44,19.2,0.75
01077,Lauderdale,AL,225621,2026-05,1215,ZORI,2026-05,0.00375,ACS,1857,1882,2482,6.46,3.78,3.5,28,17.0,0.69
01079,Lawrence,AL,225499,2026-05,1262,FMR3,FY26,0.00305,ACS,1858,1867,2463,6.72,4.04,3.77,27,16.3,0.59
01081,Lee,AL,349843,2026-05,1757,ZORI,2026-05,0.00496,ACS,1654,1655,2183,6.03,3.67,3.52,15,10.4,0.66
01083,Limestone,AL,322466,2026-05,1518,ZORI,2026-05,0.00307,ACS,1862,1875,2473,5.65,3.47,3.28,19,13.6,0.56
01085,Lowndes,AL,143158,2026-05,1304,FMR3,FY26,0.00408,ACS,2011,1983,2616,10.93,6.6,6.18,42,16.7,1.54
01087,Macon,AL,133165,2026-05,1222,FMR3,FY26,0.00489,ACS,1927,1876,2474,11.01,6.54,6.13,41,16.9,1.31
01089,Madison,AL,314769,2026-05,1375,ZORI,2026-05,0.00404,ACS,1990,2008,2649,5.24,3.0,2.79,21,16.0,0.67
01091,Marengo,AL,135193,2026-05,1018,FMR3,FY26,0.00384,ACS,1867,1818,2398,9.04,5.19,4.8,39,19.6,1.49
01093,Marion,AL,160735,2026-05,1039,FMR3,FY26,0.00295,ACS,1844,1855,2446,7.76,4.53,4.16,37,19.6,1.2
01095,Marshall,AL,243829,2026-05,1581,ZORI,2026-05,0.00381,ACS,1894,1915,2525,7.78,4.83,4.57,26,13.3,1.42
01097,Mobile,AL,198713,2026-05,1323,ZORI,2026-05,0.00481,ACS,2435,2286,3015,7.99,4.44,4.15,29,19.0,1.12
01099,Monroe,AL,141033,2026-05,1079,FMR3,FY26,0.00315,ACS,2140,2122,2798,9.18,5.24,4.77,47,21.6,1.7
01101,Montgomery,AL,166219,2026-05,1333,ZORI,2026-05,0.00374,ACS,1961,1952,2575,9.62,5.86,5.49,37,16.1,1.31
01103,Morgan,AL,234031,2026-05,1080,ZORI,2026-05,0.00349,ACS,1851,1840,2427,5.54,3.12,2.88,25,18.7,0.68
01105,Perry,AL,131457,2026-05,963,FMR3,FY26,0.00371,ACS,1893,1884,2485,8.79,4.96,4.51,45,21.5,2.27
01107,Pickens,AL,141512,2026-05,994,FMR3,FY26,0.00289,ACS,1715,1714,2261,8.43,4.99,4.6,39,19.0,0.88
01109,Pike,AL,165761,2026-05,1089,ZORI,2026-05,0.0027,ACS,1739,1701,2244,7.89,4.75,4.45,30,17.2,0.98
01111,Randolph,AL,207654,2026-05,980,FMR3,FY26,0.00224,ACS,1901,1902,2508,5.66,3.22,2.93,29,21.3,0.66
01113,Russell,AL,199928,2026-05,1353,ZORI,2026-05,0.00414,ACS,1864,1881,2481,8.12,4.91,4.6,31,15.3,1.5
01115,St. Clair,AL,275725,2026-05,1652,ZORI,2026-05,0.00305,ACS,1760,1750,2308,7.19,4.59,4.39,20,11.6,0.57
01117,Shelby,AL,361182,2026-05,1673,ZORI,2026-05,0.0045,ACS,1886,1899,2504,5.56,3.31,3.14,17,12.5,0.49
01119,Sumter,AL,99822,2026-05,1107,FMR3,FY26,0.00353,ACS,1707,1667,2199,13.31,8.18,7.69,49,16.6,1.52
01121,Talladega,AL,182858,2026-05,1299,ZORI,2026-05,0.00369,ACS,1798,1780,2348,8.52,5.21,4.91,30,15.1,0.8
01123,Tallapoosa,AL,271680,2026-05,1030,FMR3,FY26,0.00311,ACS,1938,1956,2579,4.55,2.48,2.24,24,20.9,0.67
01125,Tuscaloosa,AL,231695,2026-05,1485,ZORI,2026-05,0.00323,ACS,1808,1805,2381,7.69,4.82,4.57,25,13.4,0.69
01127,Walker,AL,130396,2026-05,1216,ZORI,2026-05,0.00272,ACS,2018,2004,2643,11.19,6.79,6.32,48,18.1,0.73
01129,Washington,AL,174430,2026-05,1292,FMR3,FY26,0.00234,ACS,2120,2061,2718,8.89,5.4,5.05,34,17.5,0.84
01131,Wilcox,AL,145546,2026-05,1079,FMR3,FY26,0.00367,ACS,2062,1964,2591,8.9,5.07,4.7,36,20.0,1.2
01133,Winston,AL,207362,2026-05,1070,FMR3,FY26,0.00329,ACS,2108,2078,2741,6.19,3.42,3.12,31,21.3,0.68
02020,Anchorage Municipality,AK,431988,2026-05,1756,ZORI,2026-05,0.01294,ACS,1324,1284,1693,4.88,2.15,2.07,9,8.0,0.37
02090,Fairbanks North Star Borough,AK,312161,2026-05,1735,ZORI,2026-05,0.01264,ACS,1357,1360,1794,6.67,3.44,3.3,14,8.6,0.59
02100,Haines Borough,AK,345562,2026-05,1771,FMR3,FY26,0.00802,ACS,1049,1040,1371,6.15,3.63,3.54,9,6.5,0.59
02110,Juneau City and Borough,AK,481002,2026-05,2183,ZORI,2026-05,0.00934,ACS,1023,1007,1328,5.45,3.05,2.98,6,5.1,0.22
02122,Kenai Peninsula Borough,AK,347751,2026-05,1549,ZORI,2026-05,0.00664,ACS,1268,1236,1631,5.35,3.09,2.98,10,8.8,0.45
02130,Ketchikan Gateway Borough,AK,404947,2026-05,2260,FMR3,FY26,0.00683,ACS,1283,1296,1709,6.7,4.16,4.05,11,6.3,0.33
02150,Kodiak Island Borough,AK,409372,2026-05,2488,FMR3,FY26,0.00917,ACS,1294,1248,1645,7.29,4.38,4.3,9,5.5,0.25
02170,Matanuska-Susitna Borough,AK,406699,2026-05,1918,ZORI,2026-05,0.011,ACS,1361,1347,1777,5.66,2.92,2.82,10,7.7,0.46
02220,Sitka City and Borough,AK,485375,2026-05,2178,FMR3,FY26,0.00472,ACS,1171,1151,1519,5.38,3.43,3.36,7,5.8,0.07
02240,Southeast Fairbanks Census Area,AK,292592,2026-05,1826,FMR3,FY26,0.00712,ACS,1863,1819,2400,7.49,4.42,4.23,18,11.0,1.05
04001,Apache,AZ,318553,2026-05,1599,FMR3,FY26,0.00838,ACS,1312,1342,1770,6.02,3.39,3.24,14,9.2,1.13
04003,Cochise,AZ,264806,2026-05,1221,ZORI,2026-05,0.00639,ACS,1038,1085,1432,5.53,3.23,3.08,15,9.8,0.89
04005,Coconino,AZ,628947,2026-05,2081,ZORI,2026-05,0.00486,ACS,1243,1321,1742,3.97,2.37,2.29,8,7.0,0.97
04007,Gila,AZ,389523,2026-05,1904,ZORI,2026-05,0.00539,ACS,1100,1145,1510,5.87,3.7,3.59,11,6.6,1.33
04009,Graham,AZ,306593,2026-05,1754,ZORI,2026-05,0.0054,ACS,1106,1156,1524,6.87,4.39,4.25,14,7.2,0.95
04011,Greenlee,AZ,168028,2026-05,1388,FMR3,FY26,0.00359,ACS,1201,1288,1698,9.91,6.56,6.26,30,10.2,1.09
04012,La Paz,AZ,274143,2026-05,1604,FMR3,FY26,0.00707,ACS,880,891,1175,7.02,4.38,4.27,11,6.1,0.43
04013,Maricopa,AZ,462851,2026-05,1736,ZORI,2026-05,0.00474,ACS,1285,1352,1783,4.5,2.71,2.61,11,8.6,0.78
04015,Mohave,AZ,354414,2026-05,1563,ZORI,2026-05,0.00485,ACS,993,1029,1357,5.29,3.31,3.21,10,7.2,0.69
04017,Navajo,AZ,398115,2026-05,1765,ZORI,2026-05,0.00605,ACS,1203,1275,1682,5.32,3.19,3.07,12,7.9,0.92
04019,Pima,AZ,343579,2026-05,1473,ZORI,2026-05,0.00784,ACS,1028,1084,1430,5.14,2.88,2.76,12,8.1,0.86
04021,Pinal,AZ,364240,2026-05,1845,ZORI,2026-05,0.00517,ACS,989,1033,1363,6.08,3.89,3.79,10,6.2,0.71
04023,Santa Cruz,AZ,279645,2026-05,1561,ZORI,2026-05,0.00642,ACS,1301,1338,1764,6.7,4.05,3.89,17,9.4,1.05
04025,Yavapai,AZ,505184,2026-05,1874,ZORI,2026-05,0.00441,ACS,1171,1222,1612,4.45,2.75,2.67,9,7.2,0.92
04027,Yuma,AZ,281332,2026-05,1464,ZORI,2026-05,0.00655,ACS,786,819,1080,6.24,3.87,3.77,10,6.1,0.59
05001,Arkansas,AR,129625,2026-05,1159,FMR3,FY26,0.00558,ACS,1670,1696,2237,10.73,6.42,5.98,44,16.1,1.58
05003,Ashley,AR,86204,2026-05,1055,FMR3,FY26,0.0061,ACS,1564,1587,2092,14.69,8.88,8.27,61,16.5,1.04
05005,Baxter,AR,235707,2026-05,1274,FMR3,FY26,0.00463,ACS,1650,1660,2190,6.49,3.83,3.6,23,14.3,0.45
05007,Benton,AR,386647,2026-05,1565,ZORI,2026-05,0.00607,ACS,1883,1923,2536,4.86,2.65,2.48,17,13.5,0.45
05009,Boone,AR,232800,2026-05,1224,FMR3,FY26,0.00534,ACS,1736,1765,2328,6.31,3.58,3.32,25,15.8,0.43
05011,Bradley,AR,107935,2026-05,1212,FMR3,FY26,0.00561,ACS,1648,1661,2191,13.47,8.29,7.78,50,15.1,1.12
05013,Calhoun,AR,141231,2026-05,1212,FMR3,FY26,0.00498,ACS,1638,1669,2202,10.3,6.27,5.87,40,15.1,1.29
05015,Carroll,AR,269269,2026-05,1144,FMR3,FY26,0.00526,ACS,1888,1928,2543,5.1,2.7,2.46,24,18.5,0.57
05017,Chicot,AR,102499,2026-05,1150,FMR3,FY26,0.00546,ACS,1920,1911,2521,13.46,7.95,7.36,59,18.3,0.93
05019,Clark,AR,164898,2026-05,1221,FMR3,FY26,0.0057,ACS,1645,1660,2189,8.89,5.27,4.94,33,14.9,1.21
05021,Clay,AR,124119,2026-05,1191,FMR3,FY26,0.00521,ACS,1507,1570,2071,11.51,7.13,6.68,45,14.5,1.07
05023,Cleburne,AR,262216,2026-05,750,ZORI,2026-05,0.00466,ACS,1844,1845,2433,3.43,1.47,1.25,22,27.0,0.57
05025,Cleveland,AR,163537,2026-05,1055,FMR3,FY26,0.0058,ACS,1481,1510,1991,7.74,4.48,4.16,31,15.7,0.36
05027,Columbia,AR,137215,2026-05,1191,FMR3,FY26,0.00482,ACS,1632,1656,2184,10.42,6.35,5.95,40,15.3,0.84
05029,Conway,AR,172334,2026-05,805,ZORI,2026-05,0.00524,ACS,1576,1648,2173,5.61,2.88,2.53,35,22.5,0.85
05031,Craighead,AR,219061,2026-05,1314,ZORI,2026-05,0.00546,ACS,1715,1767,2330,7.2,4.21,3.93,28,14.8,0.86
05033,Crawford,AR,220752,2026-05,1054,ZORI,2026-05,0.00532,ACS,1766,1807,2383,5.73,3.08,2.8,28,18.8,0.4
05035,Crittenden,AR,167207,2026-05,1179,ZORI,2026-05,0.00602,ACS,1967,1994,2630,8.46,4.74,4.34,40,18.6,1.69
05037,Cross,AR,146694,2026-05,1224,FMR3,FY26,0.00552,ACS,1760,1759,2320,10.01,5.96,5.58,38,15.8,0.95
05039,Dallas,AR,107817,2026-05,1207,FMR3,FY26,0.00467,ACS,1556,1617,2133,13.43,8.43,7.9,54,14.7,1.07
05041,Desha,AR,97182,2026-05,1208,FMR3,FY26,0.0058,ACS,1606,1635,2157,14.92,9.25,8.69,57,14.9,1.22
05043,Drew,AR,160929,2026-05,1224,FMR3,FY26,0.00448,ACS,1626,1668,2200,9.13,5.57,5.21,36,15.0,0.46
05045,Faulkner,AR,255907,2026-05,1338,ZORI,2026-05,0.00568,ACS,1725,1749,2307,6.28,3.59,3.36,23,14.4,0.46
05047,Franklin,AR,177212,2026-05,1094,FMR3,FY26,0.00503,ACS,1649,1671,2204,7.41,4.27,3.96,31,16.8,0.78
05049,Fulton,AR,194949,2026-05,1145,FMR3,FY26,0.00461,ACS,1596,1606,2118,7.05,4.15,3.88,27,15.4,0.79
05051,Garland,AR,245318,2026-05,1266,ZORI,2026-05,0.00519,ACS,1861,1884,2485,6.19,3.49,3.24,25,16.4,0.65
05053,Grant,AR,220290,2026-05,1380,ZORI,2026-05,0.00544,ACS,1723,1743,2299,7.52,4.46,4.2,26,13.9,0.56
05055,Greene,AR,193397,2026-05,1090,ZORI,2026-05,0.00488,ACS,1629,1664,2194,6.76,3.88,3.59,29,16.8,0.57
05057,Hempstead,AR,123994,2026-05,1188,FMR3,FY26,0.00502,ACS,1725,1769,2333,11.5,6.96,6.47,49,16.4,1.35
05059,Hot Spring,AR,165728,2026-05,1155,FMR3,FY26,0.00508,ACS,1660,1684,2221,8.36,4.93,4.59,34,16.0,1.01
05061,Howard,AR,162424,2026-05,1059,FMR3,FY26,0.00523,ACS,1643,1684,2221,7.82,4.49,4.13,36,17.5,1.1
05063,Independence,AR,178977,2026-05,881,ZORI,2026-05,0.00545,ACS,1557,1588,2094,5.91,3.13,2.83,30,19.8,0.98
05065,Izard,AR,177673,2026-05,1202,FMR3,FY26,0.00585,ACS,1659,1643,2167,8.12,4.73,4.45,29,15.0,1.09
05067,Jackson,AR,92987,2026-05,1055,FMR3,FY26,0.00564,ACS,1517,1556,2052,13.61,8.29,7.71,58,16.2,1.29
05069,Jefferson,AR,89073,2026-05,844,ZORI,2026-05,0.00629,ACS,1848,1867,2463,11.38,6.06,5.37,69,24.3,1.24
05071,Johnson,AR,184736,2026-05,1083,FMR3,FY26,0.00566,ACS,1639,1681,2217,7.03,3.96,3.65,31,17.1,0.9
05073,Lafayette,AR,98170,2026-05,1055,FMR3,FY26,0.00566,ACS,1464,1477,1948,12.9,7.87,7.38,49,15.4,0.55
05075,Lawrence,AR,135850,2026-05,1089,FMR3,FY26,0.00488,ACS,1516,1555,2051,9.62,5.8,5.41,39,15.7,1.25
05077,Lee,AR,102487,2026-05,1224,FMR3,FY26,0.00525,ACS,1743,1812,2390,14.33,8.81,8.18,63,16.3,2.48
05079,Lincoln,AR,132540,2026-05,1224,FMR3,FY26,0.00539,ACS,1562,1581,2085,11.08,6.82,6.42,39,14.2,0.86
05081,Little River,AR,156782,2026-05,1166,FMR3,FY26,0.00484,ACS,1562,1601,2112,8.92,5.39,5.04,35,15.1,0.88
05083,Logan,AR,164383,2026-05,1224,FMR3,FY26,0.00528,ACS,1553,1565,2064,8.94,5.41,5.1,31,14.1,0.53
05085,Lonoke,AR,230152,2026-05,1341,ZORI,2026-05,0.0064,ACS,1784,1815,2394,6.99,3.97,3.7,27,14.9,0.78
05087,Madison,AR,275108,2026-05,1873,FMR3,FY26,0.00445,ACS,1730,1738,2292,8.17,5.22,5.01,20,10.2,0.58
05089,Marion,AR,225402,2026-05,1132,FMR3,FY26,0.00513,ACS,1656,1666,2197,6.03,3.39,3.15,24,16.2,0.52
05091,Miller,AR,171606,2026-05,1369,FMR3,FY26,0.00618,ACS,1705,1720,2268,9.57,5.76,5.43,33,13.8,0.98
05093,Mississippi,AR,115161,2026-05,1064,ZORI,2026-05,0.00558,ACS,1796,1847,2436,11.08,6.42,5.86,56,19.1,1.46
05095,Monroe,AR,83899,2026-05,1055,FMR3,FY26,0.00493,ACS,1678,1701,2243,15.09,9.13,8.45,67,17.7,0.96
05097,Montgomery,AR,221344,2026-05,1096,FMR3,FY26,0.00384,ACS,1632,1666,2197,5.94,3.45,3.2,26,16.7,0.95
05101,Newton,AR,232557,2026-05,1055,FMR3,FY26,0.00408,ACS,1604,1613,2127,5.44,3.09,2.87,22,16.8,1.13
05103,Ouachita,AR,102929,2026-05,1133,FMR3,FY26,0.00502,ACS,1623,1628,2147,13.21,8.09,7.58,51,15.8,1.17
05105,Perry,AR,190218,2026-05,1540,FMR3,FY26,0.0052,ACS,1601,1642,2165,9.72,6.12,5.82,30,11.7,0.89
05107,Phillips,AR,56147,2026-05,1224,FMR3,FY26,0.00656,ACS,1703,1730,2282,26.16,16.45,15.42,103,15.5,1.45
05109,Pike,AR,184039,2026-05,1224,FMR3,FY26,0.00559,ACS,1693,1714,2260,7.98,4.67,4.36,31,15.4,0.89
05111,Poinsett,AR,134654,2026-05,1161,FMR3,FY26,0.00513,ACS,1601,1671,2204,10.35,6.27,5.82,45,15.8,1.21
05113,Polk,AR,191787,2026-05,1076,FMR3,FY26,0.00441,ACS,1615,1609,2123,6.73,3.9,3.64,26,16.4,0.71
05115,Pope,AR,214200,2026-05,907,ZORI,2026-05,0.00568,ACS,1628,1682,2218,5.08,2.59,2.31,28,20.4,0.5
05117,Prairie,AR,150811,2026-05,1150,FMR3,FY26,0.00616,ACS,1549,1522,2007,9.15,5.4,5.1,30,14.5,0.21
05119,Pulaski,AR,211036,2026-05,1185,ZORI,2026-05,0.00783,ACS,2130,2169,2861,6.74,3.4,3.05,35,20.1,0.84
05121,Randolph,AR,141353,2026-05,1224,FMR3,FY26,0.00439,ACS,1579,1662,2191,10.39,6.44,6.01,43,14.9,1.49
05123,St. Francis,AR,83595,2026-05,1161,FMR3,FY26,0.0054,ACS,1763,1806,2382,16.67,10.18,9.44,74,17.1,1.3
05125,Saline,AR,255882,2026-05,1511,ZORI,2026-05,0.00631,ACS,1815,1844,2432,7.09,4.12,3.88,24,13.4,0.44
05127,Scott,AR,156836,2026-05,1159,FMR3,FY26,0.00411,ACS,1466,1481,1954,8.87,5.48,5.17,31,14.0,1.14
05129,Searcy,AR,195658,2026-05,1224,FMR3,FY26,0.00478,ACS,1721,1733,2286,7.51,4.42,4.13,29,15.6,1.69
05131,Sebastian,AR,206482,2026-05,1048,ZORI,2026-05,0.00651,ACS,1785,1815,2394,6.09,3.17,2.88,29,19.0,0.54
05133,Sevier,AR,176790,2026-05,1097,FMR3,FY26,0.0048,ACS,1557,1580,2083,7.45,4.37,4.08,30,15.8,1.51
05135,Sharp,AR,149609,2026-05,1224,FMR3,FY26,0.00579,ACS,1572,1582,2087,9.82,5.93,5.59,34,14.2,1.18
05137,Stone,AR,205707,2026-05,1264,FMR3,FY26,0.00353,ACS,1588,1584,2090,7.37,4.55,4.31,24,13.8,0.79
05139,Union,AR,129132,2026-05,1111,FMR3,FY26,0.00576,ACS,1739,1749,2307,10.32,6.03,5.59,44,17.3,1.32
05141,Van Buren,AR,173901,2026-05,1186,FMR3,FY26,0.0046,ACS,1684,1735,2289,8.18,4.87,4.53,35,16.1,1.04
05143,Washington,AR,353981,2026-05,1634,ZORI,2026-05,0.00551,ACS,1892,1951,2573,5.54,3.18,2.99,19,13.1,0.63
05145,White,AR,208476,2026-05,1084,ZORI,2026-05,0.00477,ACS,1673,1691,2231,6.24,3.52,3.26,27,17.2,0.75
05147,Woodruff,AR,83393,2026-05,1157,FMR3,FY26,0.00576,ACS,1548,1587,2093,16.65,10.39,9.73,65,15.1,0.99
05149,Yell,AR,167852,2026-05,1224,FMR3,FY26,0.00517,ACS,1511,1545,2038,8.75,5.32,5.01,31,13.9,1.01
06001,Alameda,CA,1084730,2026-05,2866,ZORI,2026-05,0.00762,ACS,1807,1807,2383,3.17,1.51,1.46,5,6.9,1.16
06003,Alpine,CA,518114,2026-05,2126,FMR3,FY26,0.00684,ACS,2439,2520,3323,4.92,2.64,2.47,17,13.0,1.83
06005,Amador,CA,420514,2026-05,1814,ZORI,2026-05,0.00695,ACS,1900,2120,2797,5.18,2.84,2.63,21,12.8,5.42
06007,Butte,CA,401577,2026-05,1601,ZORI,2026-05,0.0069,ACS,1605,1696,2237,4.78,2.59,2.44,16,11.6,3.24
06009,Calaveras,CA,439586,2026-05,2183,ZORI,2026-05,0.00714,ACS,2011,2290,3021,5.96,3.42,3.19,23,11.5,6.77
06011,Colusa,CA,377106,2026-05,1723,FMR3,FY26,0.00661,ACS,1262,1280,1688,5.48,3.23,3.11,11,8.2,1.12
06013,Contra Costa,CA,789696,2026-05,2831,ZORI,2026-05,0.00831,ACS,1888,1939,2557,4.3,2.24,2.16,8,7.5,1.11
06015,Del Norte,CA,368814,2026-05,1905,FMR3,FY26,0.00586,ACS,1424,1592,2100,6.2,3.8,3.62,18,9.2,1.07
06017,El Dorado,CA,661086,2026-05,2607,ZORI,2026-05,0.00704,ACS,2070,2261,2982,4.73,2.63,2.49,14,9.5,5.01
06019,Fresno,CA,409749,2026-05,2020,ZORI,2026-05,0.00746,ACS,1261,1313,1732,5.91,3.5,3.39,11,7.1,1.54
06021,Glenn,CA,365302,2026-05,1369,ZORI,2026-05,0.00647,ACS,1114,1115,1471,4.5,2.51,2.41,10,9.0,0.83
06023,Humboldt,CA,430890,2026-05,1471,ZORI,2026-05,0.00652,ACS,1466,1590,2096,4.1,2.16,2.02,15,11.9,1.9
06025,Imperial,CA,379297,2026-05,1869,ZORI,2026-05,0.0084,ACS,1196,1224,1614,5.91,3.4,3.29,11,7.2,1.13
06027,Inyo,CA,534468,2026-05,1940,FMR3,FY26,0.00707,ACS,1283,1324,1746,4.36,2.41,2.32,9,7.5,3.1
06029,Kern,CA,364263,2026-05,1788,ZORI,2026-05,0.00912,ACS,1188,1243,1639,5.89,3.3,3.17,12,7.6,2.0
06031,Kings,CA,365077,2026-05,1969,ZORI,2026-05,0.00751,ACS,1007,1014,1338,6.47,3.96,3.87,9,5.7,1.49
06033,Lake,CA,308676,2026-05,1669,ZORI,2026-05,0.00724,ACS,1721,2020,2664,6.49,3.71,3.41,31,13.3,7.56
06035,Lassen,CA,234766,2026-05,1050,ZORI,2026-05,0.0072,ACS,1977,2154,2841,5.37,2.57,2.2,37,22.5,4.14
06037,Los Angeles,CA,888357,2026-05,2800,ZORI,2026-05,0.00694,ACS,1879,1893,2497,3.78,2.01,1.94,7,7.4,1.43
06039,Madera,CA,425715,2026-05,2339,ZORI,2026-05,0.007,ACS,1766,1903,2510,6.59,3.96,3.79,17,8.9,2.85
06041,Marin,CA,1507394,2026-05,3705,ZORI,2026-05,0.00719,ACS,2757,2841,3746,2.95,1.37,1.3,7,8.4,1.12
06043,Mariposa,CA,401400,2026-05,2022,FMR3,FY26,0.00681,ACS,2088,2407,3174,6.04,3.45,3.18,27,13.1,6.87
06045,Mendocino,CA,501574,2026-05,1862,ZORI,2026-05,0.00695,ACS,2059,2355,3106,4.45,2.33,2.12,21,13.9,4.12
06047,Merced,CA,419169,2026-05,1975,ZORI,2026-05,0.00675,ACS,1040,1066,1406,5.65,3.43,3.34,9,5.9,0.82
06049,Modoc,CA,196366,2026-05,1434,FMR3,FY26,0.00682,ACS,1304,1354,1786,8.76,5.4,5.16,25,10.4,2.18
06051,Mono,CA,761908,2026-05,3050,ZORI,2026-05,0.00765,ACS,2158,2186,2883,4.8,2.65,2.56,10,7.9,2.72
06053,Monterey,CA,850449,2026-05,2895,ZORI,2026-05,0.00661,ACS,1863,1877,2476,4.08,2.27,2.19,7,7.1,1.25
06055,Napa,CA,890643,2026-05,2818,ZORI,2026-05,0.00696,ACS,2374,2393,3157,3.8,1.96,1.87,9,9.3,1.43
06057,Nevada,CA,619524,2026-05,2645,ZORI,2026-05,0.00741,ACS,2435,2594,3422,5.12,2.81,2.65,16,10.8,6.51
06059,Orange,CA,1197200,2026-05,3155,ZORI,2026-05,0.00666,ACS,1854,1904,2511,3.16,1.61,1.56,5,6.6,1.48
06061,Placer,CA,692435,2026-05,2602,ZORI,2026-05,0.0085,ACS,2083,2188,2885,4.51,2.32,2.21,12,9.2,2.19
06063,Plumas,CA,369695,2026-05,1962,FMR3,FY26,0.00721,ACS,2303,2594,3421,6.37,3.56,3.26,30,14.5,6.6
06065,Riverside,CA,608810,2026-05,2577,ZORI,2026-05,0.00821,ACS,1618,1684,2221,5.08,2.82,2.73,10,7.2,2.29
06067,Sacramento,CA,531727,2026-05,2159,ZORI,2026-05,0.00755,ACS,1259,1292,1704,4.87,2.76,2.68,8,6.6,1.34
06069,San Benito,CA,772130,2026-05,2914,ZORI,2026-05,0.00809,ACS,1735,1873,2470,4.53,2.45,2.36,10,7.1,0.8
06071,San Bernardino,CA,552558,2026-05,2463,ZORI,2026-05,0.00704,ACS,1387,1441,1900,5.35,3.16,3.07,9,6.4,2.38
06073,San Diego,CA,946356,2026-05,2951,ZORI,2026-05,0.007,ACS,1901,2020,2664,3.74,1.98,1.9,8,7.5,2.16
06075,San Francisco,CA,1394147,2026-05,4253,ZORI,2026-05,0.00682,ACS,2972,2809,3705,3.66,1.92,1.87,5,7.3,1.03
06077,San Joaquin,CA,531784,2026-05,2421,ZORI,2026-05,0.00765,ACS,1278,1297,1710,5.46,3.2,3.12,8,5.9,1.52
06079,San Luis Obispo,CA,909704,2026-05,2855,ZORI,2026-05,0.00704,ACS,1398,1459,1924,3.77,2.04,1.98,6,5.6,1.13
06081,San Mateo,CA,1609425,2026-05,3707,ZORI,2026-05,0.00613,ACS,2139,2099,2769,2.76,1.38,1.34,4,6.2,0.88
06083,Santa Barbara,CA,1005298,2026-05,3338,ZORI,2026-05,0.00662,ACS,2063,2104,2775,3.98,2.2,2.13,7,6.9,1.39
06085,Santa Clara,CA,1652163,2026-05,3630,ZORI,2026-05,0.00706,ACS,1591,1601,2111,2.64,1.23,1.2,3,4.8,0.84
06087,Santa Cruz,CA,1157195,2026-05,3599,ZORI,2026-05,0.00621,ACS,1897,1972,2601,3.73,2.09,2.03,6,6.0,2.03
06089,Shasta,CA,375608,2026-05,1604,ZORI,2026-05,0.00703,ACS,1930,2162,2851,5.13,2.73,2.48,25,14.8,4.92
06091,Sierra,CA,332604,2026-05,2126,FMR3,FY26,0.00775,ACS,2220,2315,3054,7.67,4.46,4.21,25,12.0,6.6
06093,Siskiyou,CA,284890,2026-05,1528,ZORI,2026-05,0.00661,ACS,1790,1960,2585,6.44,3.67,3.39,28,14.1,3.18
06095,Solano,CA,576616,2026-05,2400,ZORI,2026-05,0.00748,ACS,1415,1457,1921,5.0,2.85,2.77,9,6.7,1.24
06097,Sonoma,CA,796802,2026-05,2637,ZORI,2026-05,0.00716,ACS,1951,2069,2728,3.97,2.1,2.0,10,8.6,1.39
06099,Stanislaus,CA,468300,2026-05,2052,ZORI,2026-05,0.00709,ACS,1125,1153,1521,5.26,3.1,3.02,8,6.2,1.33
06101,Sutter,CA,439839,2026-05,1838,ZORI,2026-05,0.00779,ACS,1286,1307,1724,5.01,2.79,2.69,10,7.8,0.88
06103,Tehama,CA,323045,2026-05,1656,ZORI,2026-05,0.00632,ACS,1504,1671,2204,6.15,3.64,3.42,22,11.1,5.29
06105,Trinity,CA,262636,2026-05,1636,FMR3,FY26,0.00539,ACS,1899,2136,2817,7.47,4.49,4.14,35,14.3,7.27
06107,Tulare,CA,363067,2026-05,1775,ZORI,2026-05,0.0073,ACS,1122,1164,1535,5.87,3.48,3.36,11,7.2,1.49
06109,Tuolumne,CA,392406,2026-05,1489,ZORI,2026-05,0.00674,ACS,1729,1905,2512,4.55,2.39,2.19,20,14.1,6.1
06111,Ventura,CA,883043,2026-05,2979,ZORI,2026-05,0.00693,ACS,1688,1768,2332,4.05,2.23,2.16,7,6.5,1.93
06113,Yolo,CA,623001,2026-05,2450,ZORI,2026-05,0.00769,ACS,1241,1288,1699,4.72,2.67,2.59,7,5.8,0.83
06115,Yuba,CA,421641,2026-05,1996,ZORI,2026-05,0.00754,ACS,1626,1719,2267,5.68,3.23,3.08,15,9.5,2.32
08001,Adams,CO,486452,2026-05,1857,ZORI,2026-05,0.00604,ACS,2456,2636,3477,4.58,2.42,2.21,21,15.6,0.72
08003,Alamosa,CO,325312,2026-05,1251,ZORI,2026-05,0.00442,ACS,1423,1499,1977,4.61,2.67,2.5,17,13.2,1.21
08005,Arapahoe,CO,516589,2026-05,1811,ZORI,2026-05,0.00526,ACS,2903,3101,4089,4.21,2.15,1.92,23,18.8,0.76
08007,Archuleta,CO,575364,2026-05,1951,ZORI,2026-05,0.00341,ACS,1687,1806,2382,4.07,2.5,2.38,12,10.2,1.44
08011,Bent,CO,122724,2026-05,1417,FMR3,FY26,0.00386,ACS,2406,2501,3298,13.86,8.32,7.6,73,19.4,1.36
08013,Boulder,CO,727957,2026-05,2257,ZORI,2026-05,0.00535,ACS,2886,3228,4257,3.72,1.93,1.74,19,15.7,0.77
08014,Broomfield,CO,629383,2026-05,2000,ZORI,2026-05,0.00616,ACS,2545,2798,3690,3.81,1.92,1.73,18,15.4,0.52
08015,Chaffee,CO,691803,2026-05,2253,ZORI,2026-05,0.00278,ACS,1573,1690,2229,3.91,2.5,2.41,9,8.2,0.76
08017,Cheyenne,CO,192683,2026-05,1343,FMR3,FY26,0.00461,ACS,2592,2616,3451,8.36,4.63,4.19,45,21.4,2.33
08019,Clear Creek,CO,566050,2026-05,2054,ZORI,2026-05,0.00377,ACS,2787,3050,4023,4.35,2.48,2.27,22,16.3,1.51
08021,Conejos,CO,217172,2026-05,1332,FMR3,FY26,0.00404,ACS,1590,1663,2193,7.36,4.53,4.25,28,13.7,1.62
08023,Costilla,CO,182456,2026-05,1353,FMR3,FY26,0.0031,ACS,1612,1671,2203,8.9,5.66,5.33,32,13.6,1.97
08025,Crowley,CO,157005,2026-05,1546,FMR3,FY26,0.00492,ACS,2348,2583,3406,11.82,7.11,6.44,67,18.4,1.54
08027,Custer,CO,417377,2026-05,1333,FMR3,FY26,0.00362,ACS,2035,2131,2810,3.83,2.1,1.92,19,17.6,1.23
08029,Delta,CO,415087,2026-05,1584,ZORI,2026-05,0.0031,ACS,1163,1234,1627,4.58,2.94,2.82,11,8.6,1.31
08031,Denver,CO,547039,2026-05,1867,ZORI,2026-05,0.00442,ACS,2851,3021,3985,4.09,2.19,1.98,21,17.8,0.7
08033,Dolores,CO,301842,2026-05,1423,FMR3,FY26,0.00241,ACS,1227,1295,1708,5.66,3.71,3.55,16,10.0,0.94
08035,Douglas,CO,712658,2026-05,2275,ZORI,2026-05,0.0055,ACS,3335,3595,4741,3.83,1.93,1.73,20,17.4,0.8
08037,Eagle,CO,1305416,2026-05,3436,ZORI,2026-05,0.0041,ACS,4487,4658,6143,3.16,1.68,1.55,13,14.9,1.84
08039,Elbert,CO,680265,2026-05,2734,FMR3,FY26,0.00449,ACS,3158,3315,4372,4.82,2.8,2.62,18,13.3,1.01
08041,El Paso,CO,455934,2026-05,1766,ZORI,2026-05,0.00411,ACS,2598,2806,3700,4.65,2.6,2.36,24,17.5,0.89
08043,Fremont,CO,343236,2026-05,1476,ZORI,2026-05,0.00383,ACS,1814,1900,2505,5.16,3.06,2.86,20,14.1,1.0
08045,Garfield,CO,712937,2026-05,2578,ZORI,2026-05,0.00427,ACS,1614,1701,2243,4.34,2.69,2.6,9,7.3,1.47
08047,Gilpin,CO,550723,2026-05,2734,FMR3,FY26,0.0023,ACS,2354,2600,3430,5.96,3.93,3.73,20,10.5,1.59
08049,Grand,CO,755574,2026-05,3000,ZORI,2026-05,0.00348,ACS,2366,2578,3400,4.76,3.01,2.87,14,9.4,1.56
08051,Gunnison,CO,722032,2026-05,2633,ZORI,2026-05,0.00282,ACS,2346,2437,3214,4.38,2.76,2.64,12,10.2,1.55
08053,Hinsdale,CO,484573,2026-05,1461,FMR3,FY26,0.00293,ACS,1806,1850,2440,3.62,2.12,1.99,13,13.9,1.63
08055,Huerfano,CO,280227,2026-05,1215,FMR3,FY26,0.00275,ACS,2274,2399,3164,5.2,2.92,2.6,32,21.7,2.18
08059,Jefferson,CO,630306,2026-05,1952,ZORI,2026-05,0.00474,ACS,2707,2938,3875,3.72,1.96,1.77,19,16.5,0.73
08061,Kiowa,CO,178026,2026-05,1463,FMR3,FY26,0.0058,ACS,2373,2531,3338,9.86,5.68,5.14,54,19.0,2.5
08063,Kit Carson,CO,241157,2026-05,1311,FMR3,FY26,0.00515,ACS,2777,2975,3924,6.52,3.36,2.88,48,24.9,0.85
08065,Lake,CO,519300,2026-05,1714,FMR3,FY26,0.00385,ACS,1664,1788,2358,3.96,2.34,2.21,13,11.5,1.22
08067,La Plata,CO,683434,2026-05,2062,ZORI,2026-05,0.00264,ACS,1681,1792,2363,3.62,2.28,2.18,10,9.5,1.5
08069,Larimer,CO,556492,2026-05,1928,ZORI,2026-05,0.005,ACS,2042,2215,2921,4.16,2.33,2.18,16,12.6,0.57
08071,Las Animas,CO,248304,2026-05,1216,ZORI,2026-05,0.00244,ACS,2174,2353,3104,5.88,3.4,3.03,37,21.3,1.51
08073,Lincoln,CO,261454,2026-05,1413,FMR3,FY26,0.00382,ACS,2562,2662,3510,6.49,3.63,3.27,36,20.7,1.85
08075,Logan,CO,255489,2026-05,1091,ZORI,2026-05,0.0047,ACS,2559,2791,3681,5.12,2.47,2.04,44,28.1,0.82
08077,Mesa,CO,436551,2026-05,1773,ZORI,2026-05,0.00388,ACS,1140,1188,1567,4.87,3.1,3.01,10,7.4,0.89
08079,Mineral,CO,453224,2026-05,1714,FMR3,FY26,0.00354,ACS,1586,1690,2229,4.54,2.79,2.65,14,10.8,0.94
08081,Moffat,CO,309489,2026-05,1396,FMR3,FY26,0.0043,ACS,1182,1229,1621,5.41,3.36,3.21,14,9.7,0.59
08083,Montezuma,CO,415051,2026-05,1696,ZORI,2026-05,0.00297,ACS,1209,1272,1677,4.9,3.19,3.07,11,8.2,0.72
08085,Montrose,CO,460805,2026-05,2030,ZORI,2026-05,0.00358,ACS,1164,1234,1627,5.29,3.46,3.36,10,6.7,0.85
08087,Morgan,CO,332603,2026-05,1415,ZORI,2026-05,0.00526,ACS,2647,2824,3725,5.11,2.61,2.29,32,21.9,0.8
08089,Otero,CO,160716,2026-05,1303,FMR3,FY26,0.00322,ACS,2267,2448,3229,9.73,5.76,5.16,60,20.7,1.1
08091,Ouray,CO,805538,2026-05,2498,ZORI,2026-05,0.00277,ACS,1905,2029,2676,3.72,2.35,2.26,10,8.9,1.23
08093,Park,CO,524013,2026-05,2754,ZORI,2026-05,0.00343,ACS,2078,2272,2997,6.31,4.12,3.94,18,9.1,1.51
08095,Phillips,CO,264090,2026-05,1345,FMR3,FY26,0.00495,ACS,2750,2835,3738,6.11,3.17,2.8,37,23.2,0.98
08097,Pitkin,CO,2627961,2026-05,13665,ZORI,2026-05,0.00393,ACS,6941,7420,9786,6.24,4.15,4.04,11,6.0,1.84
08099,Prowers,CO,173825,2026-05,1249,FMR3,FY26,0.00327,ACS,2453,2576,3397,8.62,4.9,4.36,54,22.7,0.95
08101,Pueblo,CO,287675,2026-05,1340,ZORI,2026-05,0.00508,ACS,2368,2486,3279,5.59,2.97,2.66,32,20.4,0.9
08103,Rio Blanco,CO,338974,2026-05,1285,FMR3,FY26,0.00344,ACS,1279,1344,1772,4.55,2.78,2.64,15,11.5,1.03
08105,Rio Grande,CO,326923,2026-05,1312,FMR3,FY26,0.00415,ACS,1332,1416,1867,4.82,2.89,2.72,16,11.9,0.74
08107,Routt,CO,1134522,2026-05,3147,ZORI,2026-05,0.00329,ACS,2453,2651,3496,3.33,2.02,1.93,9,9.3,1.31
08109,Saguache,CO,239744,2026-05,1295,FMR3,FY26,0.0034,ACS,1334,1366,1802,6.48,4.1,3.9,20,11.6,1.26
08111,San Juan,CO,553048,2026-05,1509,FMR3,FY26,0.00294,ACS,1308,1450,1913,3.27,1.99,1.88,11,10.6,1.58
08113,San Miguel,CO,1572654,2026-05,2288,FMR3,FY26,0.00261,ACS,4042,4307,5681,1.75,0.83,0.72,10,20.7,3.35
08115,Sedgwick,CO,172386,2026-05,1167,FMR3,FY26,0.0047,ACS,2568,2699,3560,8.12,4.3,3.72,58,25.4,0.68
08117,Summit,CO,988060,2026-05,3166,ZORI,2026-05,0.0031,ACS,3036,3321,4380,3.84,2.34,2.21,14,11.5,1.53
08119,Teller,CO,484621,2026-05,2169,ZORI,2026-05,0.00356,ACS,2382,2568,3387,5.37,3.29,3.08,21,13.0,1.81
08121,Washington,CO,263766,2026-05,1336,FMR3,FY26,0.00408,ACS,2577,2737,3609,6.08,3.3,2.9,39,22.5,0.87
08123,Weld,CO,497294,2026-05,1728,ZORI,2026-05,0.00504,ACS,2405,2597,3425,4.17,2.22,2.02,21,16.5,0.75
08125,Yuma,CO,284196,2026-05,1361,FMR3,FY26,0.00475,ACS,2605,2768,3651,5.75,3.03,2.66,37,22.4,0.9
09001,Fairfield,CT,689906,2026-05,2853,ZORI,2026-05,0.011,MODELED,3232,3240,4273,4.96,2.25,2.1,15,12.5,1.59
09003,Hartford,CT,387023,2026-05,1951,ZORI,2026-05,0.011,MODELED,1763,1760,2321,6.05,3.1,2.96,14,9.9,1.08
09005,Litchfield,CT,424748,2026-05,1773,ZORI,2026-05,0.011,MODELED,2514,2532,3340,5.01,2.16,1.97,19,15.7,1.29
09007,Middlesex,CT,460814,2026-05,2083,ZORI,2026-05,0.011,MODELED,2105,2138,2820,5.42,2.62,2.46,16,11.3,1.01
09009,New Haven,CT,408094,2026-05,2186,ZORI,2026-05,0.011,MODELED,1958,1990,2624,6.43,3.37,3.21,16,10.0,1.57
09011,New London,CT,426271,2026-05,1977,ZORI,2026-05,0.011,MODELED,2049,2068,2727,5.57,2.7,2.55,16,11.5,1.01
09013,Tolland,CT,408084,2026-05,1923,ZORI,2026-05,0.011,MODELED,1783,1786,2356,5.66,2.82,2.68,14,10.2,1.0
09015,Windham,CT,374596,2026-05,1763,ZORI,2026-05,0.011,MODELED,1706,1720,2268,5.65,2.79,2.64,15,10.7,1.22
10001,Kent,DE,372161,2026-05,1713,ZORI,2026-05,0.00458,ACS,1045,1074,1416,5.52,3.51,3.41,10,6.9,0.6
10003,New Castle,DE,372586,2026-05,1919,ZORI,2026-05,0.00741,ACS,1237,1280,1688,6.18,3.69,3.57,12,7.3,0.64
10005,Sussex,DE,489991,2026-05,2166,ZORI,2026-05,0.00331,ACS,1264,1296,1710,5.31,3.5,3.4,9,6.6,0.95
11001,District of Columbia,DC,582072,2026-05,2497,ZORI,2026-05,0.00577,ACS,1882,1870,2466,5.15,3.06,2.96,10,8.2,1.24
12001,Alachua,FL,308496,2026-05,1681,ZORI,2026-05,0.00983,ACS,2217,2214,2920,6.54,3.33,3.11,23,14.5,1.65
12003,Baker,FL,316707,2026-05,1512,FMR3,FY26,0.00627,ACS,2312,2107,2779,5.73,3.05,2.91,15,15.3,1.01
12005,Bay,FL,345836,2026-05,1677,ZORI,2026-05,0.00597,ACS,4944,4312,5687,5.82,2.45,2.24,21,28.3,2.54
12007,Bradford,FL,257301,2026-05,1433,FMR3,FY26,0.00567,ACS,2503,2317,3056,6.68,3.61,3.39,21,17.8,1.71
12009,Brevard,FL,344842,2026-05,1920,ZORI,2026-05,0.00703,ACS,3822,3853,5081,6.68,3.33,2.97,37,22.1,4.48
12011,Broward,FL,423722,2026-05,2515,ZORI,2026-05,0.00949,ACS,7762,7704,10161,7.12,2.7,2.14,57,33.7,3.3
12015,Charlotte,FL,298142,2026-05,1889,ZORI,2026-05,0.00887,ACS,2871,2785,3673,7.6,4.01,3.74,27,16.2,4.71
12017,Citrus,FL,272823,2026-05,1725,ZORI,2026-05,0.00591,ACS,2223,2318,3058,7.59,4.43,4.13,31,14.8,2.17
12019,Clay,FL,336835,2026-05,1863,ZORI,2026-05,0.00739,ACS,2543,2411,3180,6.64,3.62,3.43,19,14.2,1.28
12021,Collier,FL,556356,2026-05,2739,ZORI,2026-05,0.00661,ACS,8614,8132,10725,5.91,2.34,1.96,38,32.6,4.92
12023,Columbia,FL,271232,2026-05,1503,ZORI,2026-05,0.00743,ACS,2242,2146,2831,6.65,3.55,3.33,22,15.7,0.64
12027,DeSoto,FL,252156,2026-05,1663,FMR3,FY26,0.00873,ACS,2864,2847,3755,7.91,4.09,3.73,35,18.8,5.44
12031,Duval,FL,296782,2026-05,1609,ZORI,2026-05,0.00779,ACS,2669,2600,3429,6.51,3.33,3.08,26,17.8,1.9
12033,Escambia,FL,281903,2026-05,1679,ZORI,2026-05,0.006,ACS,6363,6605,8711,7.15,2.65,1.81,83,43.2,2.12
12035,Flagler,FL,349999,2026-05,1929,ZORI,2026-05,0.00788,ACS,3291,3133,4132,6.61,3.36,3.12,24,17.9,4.12
12039,Gadsden,FL,203008,2026-05,1674,FMR3,FY26,0.00552,ACS,2518,2414,3184,9.9,5.83,5.5,33,15.9,1.08
12043,Glades,FL,266330,2026-05,1516,FMR3,FY26,0.01013,ACS,2997,2859,3770,6.83,3.12,2.83,29,20.7,16.23
12053,Hernando,FL,310841,2026-05,1864,ZORI,2026-05,0.0072,ACS,1601,1629,2149,7.19,4.3,4.13,18,9.6,2.94
12055,Highlands,FL,236074,2026-05,1540,ZORI,2026-05,0.00728,ACS,2037,2051,2705,7.83,4.44,4.15,28,14.6,9.14
12057,Hillsborough,FL,379631,2026-05,2021,ZORI,2026-05,0.00836,ACS,3938,3793,5003,6.39,3.04,2.76,28,20.6,2.52
12061,Indian River,FL,365803,2026-05,2173,ZORI,2026-05,0.00727,ACS,8849,8379,11051,7.13,2.34,1.74,60,42.4,4.79
12065,Jefferson,FL,309004,2026-05,1674,FMR3,FY26,0.00678,ACS,3198,2862,3775,6.5,3.29,3.11,19,18.8,1.23
12069,Lake,FL,365241,2026-05,2042,ZORI,2026-05,0.00793,ACS,2114,2056,2711,6.71,3.79,3.63,16,11.1,2.01
12071,Lee,FL,339372,2026-05,1881,ZORI,2026-05,0.00827,ACS,3863,3702,4883,6.65,3.16,2.85,30,21.6,2.53
12073,Leon,FL,296215,2026-05,1525,ZORI,2026-05,0.00824,ACS,2274,2269,2992,6.18,3.16,2.92,24,16.4,0.84
12081,Manatee,FL,409046,2026-05,2077,ZORI,2026-05,0.00793,ACS,2814,2870,3785,6.09,3.21,2.97,24,15.2,3.16
12083,Marion,FL,273317,2026-05,1615,ZORI,2026-05,0.00751,ACS,2197,2095,2763,7.09,3.91,3.7,21,14.3,1.71
12085,Martin,FL,449671,2026-05,2267,ZORI,2026-05,0.00807,ACS,11262,10493,13839,6.05,1.35,0.77,57,50.9,3.68
12086,Miami-Dade,FL,521999,2026-05,2879,ZORI,2026-05,0.00827,ACS,11041,11236,14819,6.62,2.16,1.43,72,42.9,4.29
12087,Monroe,FL,966757,2026-05,3375,ZORI,2026-05,0.00545,ACS,8863,8219,10840,4.19,1.76,1.56,20,26.8,4.28
12089,Nassau,FL,482069,2026-05,2243,ZORI,2026-05,0.00729,ACS,3161,2777,3662,5.58,2.91,2.81,10,13.6,2.7
12091,Okaloosa,FL,355824,2026-05,1988,ZORI,2026-05,0.006,ACS,3708,3450,4550,6.71,3.52,3.29,24,19.1,1.98
12095,Orange,FL,405720,2026-05,1955,ZORI,2026-05,0.0078,ACS,3067,2981,3932,5.78,2.92,2.7,21,16.8,2.3
12097,Osceola,FL,363216,2026-05,2111,ZORI,2026-05,0.00787,ACS,2348,2297,3029,6.98,3.94,3.75,19,12.0,3.96
12099,Palm Beach,FL,471499,2026-05,2661,ZORI,2026-05,0.00884,ACS,10864,10697,14108,6.77,2.03,1.34,69,44.2,3.44
12101,Pasco,FL,332569,2026-05,2017,ZORI,2026-05,0.00763,ACS,2270,2196,2896,7.28,4.16,3.97,19,12.0,2.64
12103,Pinellas,FL,370627,2026-05,2039,ZORI,2026-05,0.00729,ACS,5371,5475,7221,6.6,2.91,2.41,50,29.5,3.7
12105,Polk,FL,298816,2026-05,1849,ZORI,2026-05,0.00737,ACS,2435,2424,3197,7.42,4.16,3.91,26,14.4,4.32
12107,Putnam,FL,220798,2026-05,1315,ZORI,2026-05,0.00812,ACS,2347,2277,3003,7.15,3.63,3.33,30,19.0,1.06
12109,St. Johns,FL,492726,2026-05,2128,ZORI,2026-05,0.00775,ACS,3540,3471,4577,5.18,2.5,2.29,21,17.9,2.36
12111,St. Lucie,FL,372606,2026-05,2367,ZORI,2026-05,0.00946,ACS,2994,2842,3748,7.62,4.12,3.92,20,13.2,2.41
12113,Santa Rosa,FL,352252,2026-05,1998,ZORI,2026-05,0.00599,ACS,3329,3094,4081,6.8,3.7,3.48,21,17.0,1.91
12115,Sarasota,FL,398681,2026-05,2224,ZORI,2026-05,0.00757,ACS,5203,5860,7728,6.69,3.09,2.46,63,29.0,3.5
12117,Seminole,FL,404154,2026-05,1893,ZORI,2026-05,0.00698,ACS,2930,2848,3756,5.62,2.91,2.7,20,16.5,1.94
12119,Sumter,FL,389734,2026-05,1780,ZORI,2026-05,0.00826,ACS,1589,1664,2195,5.48,2.99,2.83,16,10.3,1.51
12127,Volusia,FL,324661,2026-05,1766,ZORI,2026-05,0.00784,ACS,3081,2960,3904,6.53,3.29,3.04,25,18.4,1.93
12131,Walton,FL,656360,2026-05,2077,ZORI,2026-05,0.00454,ACS,9093,8181,10790,3.8,1.08,0.83,26,43.3,2.99
13001,Appling,GA,161060,2026-05,1313,FMR3,FY26,0.00846,ACS,1531,1500,1979,9.78,5.74,5.46,28,12.6,0.9
13003,Atkinson,GA,127134,2026-05,1168,FMR3,FY26,0.00883,ACS,1333,1323,1745,11.02,6.56,6.23,32,12.5,0.9
13005,Bacon,GA,166668,2026-05,1353,FMR3,FY26,0.01022,ACS,1398,1374,1812,9.74,5.64,5.39,25,11.2,0.61
13009,Baldwin,GA,237972,2026-05,1278,ZORI,2026-05,0.00742,ACS,1506,1546,2039,6.45,3.59,3.36,22,13.3,1.05
13011,Banks,GA,346822,2026-05,1493,ZORI,2026-05,0.0063,ACS,1448,1494,1971,5.17,2.93,2.78,15,11.0,0.44
13013,Barrow,GA,351888,2026-05,2067,ZORI,2026-05,0.00832,ACS,1468,1509,1990,7.05,4.18,4.03,15,8.0,0.39
13015,Bartow,GA,326926,2026-05,1683,ZORI,2026-05,0.00725,ACS,1683,1721,2270,6.18,3.52,3.34,18,11.2,0.68
13017,Ben Hill,GA,125828,2026-05,1167,FMR3,FY26,0.01061,ACS,1515,1528,2015,11.13,6.3,5.91,40,14.4,2.11
13019,Berrien,GA,192349,2026-05,1353,FMR3,FY26,0.00989,ACS,1372,1388,1831,8.44,4.8,4.56,24,11.3,0.95
13021,Bibb,GA,172812,2026-05,1218,ZORI,2026-05,0.01101,ACS,1734,1747,2304,8.46,4.41,4.08,33,15.8,1.47
13023,Bleckley,GA,182921,2026-05,1266,FMR3,FY26,0.01082,ACS,1464,1476,1947,8.31,4.51,4.25,26,12.8,0.95
13025,Brantley,GA,180707,2026-05,1550,FMR3,FY26,0.0112,ACS,1403,1420,1873,10.29,6.03,5.77,26,10.1,0.48
13027,Brooks,GA,188691,2026-05,1583,FMR3,FY26,0.01281,ACS,1677,1647,2172,10.07,5.58,5.32,26,11.4,1.01
13029,Bryan,GA,402350,2026-05,2248,ZORI,2026-05,0.00789,ACS,1903,1903,2509,6.7,3.9,3.75,15,9.3,0.52
13031,Bulloch,GA,284099,2026-05,1521,ZORI,2026-05,0.00778,ACS,1630,1661,2190,6.42,3.59,3.4,20,12.0,0.44
13033,Burke,GA,188118,2026-05,1627,FMR3,FY26,0.00907,ACS,1645,1672,2205,10.38,6.21,5.91,30,11.3,1.86
13035,Butts,GA,277797,2026-05,1832,ZORI,2026-05,0.00828,ACS,1577,1614,2128,7.91,4.7,4.5,20,9.7,0.79
13037,Calhoun,GA,93415,2026-05,1353,FMR3,FY26,0.01152,ACS,1592,1607,2120,17.38,10.53,9.96,57,13.1,2.29
13039,Camden,GA,308177,2026-05,1562,ZORI,2026-05,0.00939,ACS,1900,1866,2461,6.08,3.13,2.95,18,13.1,0.42
13043,Candler,GA,227366,2026-05,1353,FMR3,FY26,0.01041,ACS,1603,1610,2123,7.14,3.75,3.52,23,13.1,0.53
13045,Carroll,GA,289826,2026-05,1720,ZORI,2026-05,0.00624,ACS,1586,1630,2150,7.12,4.31,4.12,19,10.4,0.69
13047,Catoosa,GA,295301,2026-05,1511,ZORI,2026-05,0.00689,ACS,1506,1513,1996,6.14,3.53,3.36,17,11.0,0.55
13049,Charlton,GA,215633,2026-05,1242,FMR3,FY26,0.00908,ACS,1434,1431,1888,6.91,3.75,3.54,21,12.7,1.16
13051,Chatham,GA,342046,2026-05,1755,ZORI,2026-05,0.00901,ACS,2493,2529,3335,6.16,3.11,2.86,25,15.8,0.92
13053,Chattahoochee,GA,144094,2026-05,1445,FMR3,FY26,0.0099,ACS,1475,1426,1880,12.03,7.25,6.97,28,10.8,0.76
13055,Chattooga,GA,180934,2026-05,1353,FMR3,FY26,0.00855,ACS,1531,1565,2063,8.97,5.21,4.91,29,12.7,1.14
13057,Cherokee,GA,476648,2026-05,2071,ZORI,2026-05,0.00701,ACS,1728,1792,2363,5.21,2.95,2.82,13,9.5,0.49
13059,Clarke,GA,337133,2026-05,1691,ZORI,2026-05,0.00899,ACS,1504,1530,2017,6.02,3.29,3.14,15,9.9,0.67
13061,Clay,GA,169281,2026-05,1217,FMR3,FY26,0.01044,ACS,1545,1534,2023,8.63,4.69,4.4,28,13.9,1.42
13063,Clayton,GA,231580,2026-05,1588,ZORI,2026-05,0.00893,ACS,1653,1728,2278,8.23,4.73,4.46,27,12.0,1.33
13065,Clinch,GA,122024,2026-05,1353,FMR3,FY26,0.01396,ACS,1497,1535,2025,13.31,7.62,7.19,43,12.5,1.51
13067,Cobb,GA,428984,2026-05,1750,ZORI,2026-05,0.00685,ACS,1834,1913,2523,4.89,2.66,2.5,16,12.0,0.73
13069,Coffee,GA,185723,2026-05,1275,FMR3,FY26,0.00807,ACS,1415,1424,1878,8.24,4.77,4.53,25,12.3,0.81
13071,Colquitt,GA,168788,2026-05,1167,FMR3,FY26,0.00866,ACS,1523,1546,2038,8.3,4.62,4.32,31,14.6,0.6
13073,Columbia,GA,333261,2026-05,1779,ZORI,2026-05,0.00846,ACS,1555,1604,2116,6.41,3.62,3.45,17,9.9,0.74
13075,Cook,GA,171236,2026-05,1315,FMR3,FY26,0.0082,ACS,1516,1431,1888,9.22,5.39,5.17,22,12.0,0.6
13077,Coweta,GA,394004,2026-05,1872,ZORI,2026-05,0.00771,ACS,1726,1788,2358,5.7,3.18,3.02,16,10.5,0.7
13079,Crawford,GA,207659,2026-05,1567,FMR3,FY26,0.00842,ACS,1496,1502,1981,9.06,5.41,5.18,23,10.5,1.62
13081,Crisp,GA,140965,2026-05,1167,FMR3,FY26,0.01156,ACS,1610,1613,2128,9.93,5.35,4.98,37,15.2,1.39
13083,Dade,GA,258788,2026-05,1734,FMR3,FY26,0.00624,ACS,1627,1636,2157,8.04,4.94,4.73,20,10.4,1.33
13085,Dawson,GA,453434,2026-05,2156,ZORI,2026-05,0.00632,ACS,1677,1746,2302,5.7,3.39,3.25,14,8.9,0.51
13087,Decatur,GA,171230,2026-05,1287,FMR3,FY26,0.00925,ACS,1595,1556,2053,9.02,5.09,4.82,27,13.3,1.32
13089,DeKalb,GA,339293,2026-05,1786,ZORI,2026-05,0.00919,ACS,1865,1955,2579,6.32,3.4,3.18,21,12.0,1.11
13091,Dodge,GA,156215,2026-05,1167,FMR3,FY26,0.00954,ACS,1415,1401,1848,8.96,5.04,4.77,28,13.2,0.85
13093,Dooly,GA,138591,2026-05,1283,FMR3,FY26,0.01243,ACS,1599,1648,2174,11.11,6.16,5.74,41,14.1,2.06
13095,Dougherty,GA,126788,2026-05,951,ZORI,2026-05,0.01393,ACS,1635,1663,2193,9.0,4.25,3.81,44,19.2,0.96
13097,Douglas,GA,303523,2026-05,1771,ZORI,2026-05,0.00793,ACS,1710,1773,2338,7.0,4.04,3.83,21,11.0,0.9
13099,Early,GA,128795,2026-05,1238,FMR3,FY26,0.00822,ACS,1706,1732,2284,11.53,6.74,6.29,45,15.4,1.11
13101,Echols,GA,176339,2026-05,1583,FMR3,FY26,0.00986,ACS,1601,1611,2125,10.77,6.4,6.1,30,11.2,0.55
13103,Effingham,GA,337635,2026-05,2104,ZORI,2026-05,0.00956,ACS,1639,1685,2223,7.48,4.32,4.14,17,8.8,0.56
13105,Elbert,GA,181652,2026-05,1288,FMR3,FY26,0.00983,ACS,1451,1498,1976,8.51,4.77,4.48,29,12.8,1.28
13107,Emanuel,GA,135253,2026-05,1239,FMR3,FY26,0.00975,ACS,1520,1559,2056,10.99,6.37,5.97,40,13.8,1.03
13109,Evans,GA,178804,2026-05,1167,FMR3,FY26,0.01032,ACS,1430,1429,1885,7.83,4.2,3.94,25,13.5,1.11
13111,Fannin,GA,506254,2026-05,2250,ZORI,2026-05,0.00349,ACS,1794,1869,2465,5.33,3.4,3.27,13,9.1,0.72
13113,Fayette,GA,522410,2026-05,2282,ZORI,2026-05,0.00781,ACS,2053,2115,2790,5.24,2.86,2.72,14,10.2,0.67
13115,Floyd,GA,235330,2026-05,1290,ZORI,2026-05,0.00804,ACS,1674,1694,2234,6.58,3.55,3.31,24,14.4,0.85
13117,Forsyth,GA,619467,2026-05,2255,ZORI,2026-05,0.00759,ACS,1810,1908,2517,4.37,2.31,2.2,11,9.3,0.53
13119,Franklin,GA,291746,2026-05,1219,FMR3,FY26,0.00767,ACS,1516,1551,2045,5.01,2.57,2.39,18,14.0,1.6
13121,Fulton,GA,422454,2026-05,1874,ZORI,2026-05,0.00892,ACS,2384,2489,3282,5.32,2.64,2.43,21,14.6,1.01
13123,Gilmer,GA,416132,2026-05,1526,ZORI,2026-05,0.00384,ACS,1725,1749,2306,4.4,2.59,2.45,14,12.6,0.94
13125,Glascock,GA,191098,2026-05,1217,FMR3,FY26,0.00989,ACS,1384,1385,1827,7.64,4.17,3.94,23,12.5,0.56
13127,Glynn,GA,364564,2026-05,1646,ZORI,2026-05,0.00638,ACS,4238,4232,5581,5.42,2.37,2.0,37,28.3,1.05
13129,Gordon,GA,279640,2026-05,1635,ZORI,2026-05,0.00705,ACS,1569,1586,2092,7.02,4.14,3.95,19,10.7,0.77
13131,Grady,GA,195391,2026-05,1343,FMR3,FY26,0.00979,ACS,1618,1589,2095,8.25,4.54,4.3,24,13.0,0.86
13133,Greene,GA,638104,2026-05,3232,ZORI,2026-05,0.00685,ACS,2180,2243,2958,6.08,3.65,3.53,12,7.6,0.46
13135,Gwinnett,GA,410908,2026-05,1844,ZORI,2026-05,0.00978,ACS,1732,1821,2402,5.38,2.75,2.58,16,10.9,0.72
13137,Habersham,GA,320769,2026-05,1357,FMR3,FY26,0.00627,ACS,1594,1626,2145,5.08,2.78,2.61,17,13.2,0.82
13139,Hall,GA,393147,2026-05,1716,ZORI,2026-05,0.0076,ACS,1563,1621,2138,5.24,2.88,2.73,15,10.4,0.63
13141,Hancock,GA,221642,2026-05,1252,FMR3,FY26,0.00994,ACS,1507,1501,1980,6.78,3.55,3.33,21,13.2,0.37
13143,Haralson,GA,276209,2026-05,1345,FMR3,FY26,0.00849,ACS,1493,1532,2021,5.84,3.11,2.92,19,12.5,0.9
13145,Harris,GA,374983,2026-05,1445,FMR3,FY26,0.00886,ACS,1839,1883,2484,4.62,2.18,2.01,17,14.3,1.02
13147,Hart,GA,317124,2026-05,1249,FMR3,FY26,0.00539,ACS,1473,1496,1973,4.73,2.64,2.48,16,13.2,0.68
13149,Heard,GA,274715,2026-05,2182,FMR3,FY26,0.0064,ACS,1539,1581,2085,9.53,6.14,5.94,20,8.0,0.93
13151,Henry,GA,322517,2026-05,1867,ZORI,2026-05,0.00922,ACS,1737,1815,2393,6.95,3.89,3.68,20,10.7,0.9
13153,Houston,GA,255960,2026-05,1598,ZORI,2026-05,0.00856,ACS,1517,1530,2018,7.49,4.32,4.13,20,10.5,0.85
13155,Irwin,GA,150957,2026-05,1306,FMR3,FY26,0.01115,ACS,1591,1583,2088,10.38,5.83,5.5,33,13.3,0.94
13157,Jackson,GA,407205,2026-05,2009,ZORI,2026-05,0.00883,ACS,1616,1653,2180,5.92,3.28,3.14,14,9.0,0.46
13159,Jasper,GA,325044,2026-05,2182,FMR3,FY26,0.0089,ACS,1762,1763,2326,8.06,4.77,4.6,17,8.9,1.05
13161,Jeff Davis,GA,151885,2026-05,1167,FMR3,FY26,0.0093,ACS,1434,1451,1914,9.22,5.23,4.91,32,13.7,1.07
13163,Jefferson,GA,121754,2026-05,1167,FMR3,FY26,0.00991,ACS,1524,1569,2069,11.5,6.61,6.17,45,14.8,0.68
13165,Jenkins,GA,158008,2026-05,1353,FMR3,FY26,0.00958,ACS,1451,1533,2022,10.28,6.04,5.67,36,12.5,0.91
13167,Johnson,GA,141293,2026-05,1181,FMR3,FY26,0.00918,ACS,1476,1440,1899,10.03,5.76,5.46,30,13.4,1.12
13169,Jones,GA,252155,2026-05,1706,ZORI,2026-05,0.00958,ACS,1621,1620,2137,8.12,4.65,4.45,20,10.4,1.01
13171,Lamar,GA,287596,2026-05,1353,FMR3,FY26,0.00948,ACS,1526,1526,2012,5.65,2.87,2.7,17,12.4,1.26
13173,Lanier,GA,221311,2026-05,1583,FMR3,FY26,0.01017,ACS,1543,1543,2035,8.58,4.89,4.67,22,10.7,0.66
13175,Laurens,GA,183514,2026-05,1047,ZORI,2026-05,0.00769,ACS,1393,1383,1824,6.84,3.74,3.51,23,14.5,1.0
13177,Lee,GA,266123,2026-05,1704,ZORI,2026-05,0.01002,ACS,1557,1587,2094,7.68,4.33,4.13,20,10.2,0.78
13179,Liberty,GA,247607,2026-05,1721,ZORI,2026-05,0.01053,ACS,1873,1902,2508,8.34,4.61,4.36,26,12.1,0.83
13181,Lincoln,GA,268128,2026-05,1305,FMR3,FY26,0.00883,ACS,1437,1466,1934,5.84,3.08,2.89,19,12.3,1.34
13183,Long,GA,284169,2026-05,1923,ZORI,2026-05,0.00997,ACS,1439,1506,1987,8.12,4.75,4.56,19,8.6,0.56
13185,Lowndes,GA,231762,2026-05,1396,ZORI,2026-05,0.0083,ACS,1535,1556,2052,7.23,4.07,3.85,22,12.3,0.8
13187,Lumpkin,GA,393470,2026-05,2295,ZORI,2026-05,0.00688,ACS,1589,1609,2122,7.0,4.3,4.16,14,7.7,0.91
13189,McDuffie,GA,200644,2026-05,1627,FMR3,FY26,0.00849,ACS,1426,1446,1907,9.73,5.93,5.69,24,9.8,1.03
13191,McIntosh,GA,275823,2026-05,1550,FMR3,FY26,0.00753,ACS,1929,1947,2568,6.74,3.74,3.51,23,13.8,0.7
13193,Macon,GA,109449,2026-05,1167,FMR3,FY26,0.01162,ACS,1501,1580,2083,12.79,7.32,6.79,53,14.9,2.66
13195,Madison,GA,329287,2026-05,1734,FMR3,FY26,0.00809,ACS,1485,1517,2001,6.32,3.61,3.45,16,9.6,0.46
13197,Marion,GA,190251,2026-05,1445,FMR3,FY26,0.00704,ACS,1554,1589,2096,9.11,5.5,5.21,28,12.1,0.41
13199,Meriwether,GA,214906,2026-05,1392,FMR3,FY26,0.00931,ACS,1774,1801,2375,7.77,4.23,3.95,28,14.2,1.48
13201,Miller,GA,161714,2026-05,1353,FMR3,FY26,0.01386,ACS,1619,1645,2170,10.04,5.34,5.0,34,13.4,0.54
13205,Mitchell,GA,158131,2026-05,1275,FMR3,FY26,0.01277,ACS,1637,1667,2198,9.68,5.14,4.78,35,14.4,1.5
13207,Monroe,GA,334495,2026-05,1408,FMR3,FY26,0.00686,ACS,1711,1719,2267,5.05,2.69,2.53,17,13.4,0.78
13209,Montgomery,GA,174808,2026-05,1353,FMR3,FY26,0.00964,ACS,1649,1642,2165,9.29,5.24,4.95,30,13.3,1.66
13211,Morgan,GA,459386,2026-05,2100,ZORI,2026-05,0.00742,ACS,1953,1993,2629,5.49,3.06,2.91,15,10.4,0.87
13213,Murray,GA,249152,2026-05,1300,ZORI,2026-05,0.00641,ACS,1291,1333,1758,6.26,3.66,3.47,19,11.3,0.77
13215,Muscogee,GA,187579,2026-05,1263,ZORI,2026-05,0.00837,ACS,1744,1784,2353,8.08,4.45,4.13,32,15.5,1.58
13217,Newton,GA,296532,2026-05,1849,ZORI,2026-05,0.00914,ACS,1756,1811,2388,7.48,4.25,4.04,21,10.8,1.09
13219,Oconee,GA,558097,2026-05,2249,ZORI,2026-05,0.00719,ACS,1755,1808,2384,4.84,2.69,2.58,11,8.8,0.48
13221,Oglethorpe,GA,318471,2026-05,1734,FMR3,FY26,0.00804,ACS,1537,1573,2074,6.53,3.74,3.58,17,10.0,0.4
13223,Paulding,GA,346132,2026-05,2068,ZORI,2026-05,0.00846,ACS,1519,1580,2083,7.17,4.24,4.07,16,8.4,0.51
13225,Peach,GA,235521,2026-05,1281,ZORI,2026-05,0.01124,ACS,1518,1523,2008,6.53,3.26,3.05,21,13.1,1.0
13227,Pickens,GA,395471,2026-05,2182,FMR3,FY26,0.00661,ACS,1801,1805,2381,6.62,3.98,3.84,15,9.1,0.5
13229,Pierce,GA,228108,2026-05,1249,FMR3,FY26,0.00915,ACS,1504,1502,1981,6.57,3.48,3.28,21,13.2,0.79
13231,Pike,GA,379371,2026-05,2182,FMR3,FY26,0.00924,ACS,1730,1754,2314,6.9,3.93,3.78,15,8.8,0.62
13233,Polk,GA,224170,2026-05,1215,ZORI,2026-05,0.00799,ACS,1585,1616,2131,6.51,3.5,3.26,24,14.6,1.03
13235,Pulaski,GA,183039,2026-05,1280,FMR3,FY26,0.00912,ACS,1603,1613,2127,8.39,4.67,4.39,29,13.8,0.83
13237,Putnam,GA,416165,2026-05,1546,FMR3,FY26,0.00723,ACS,1714,1718,2266,4.46,2.3,2.17,13,12.2,0.82
13239,Quitman,GA,122181,2026-05,1217,FMR3,FY26,0.00844,ACS,1382,1337,1764,11.95,7.23,6.92,31,12.1,1.9
13241,Rabun,GA,407940,2026-05,1825,ZORI,2026-05,0.00537,ACS,2095,2143,2826,5.37,3.08,2.9,18,12.9,0.59
13243,Randolph,GA,102202,2026-05,1233,FMR3,FY26,0.0088,ACS,1666,1632,2153,14.48,8.64,8.16,48,14.6,0.9
13245,Richmond,GA,196579,2026-05,1386,ZORI,2026-05,0.00882,ACS,1522,1554,2049,8.46,4.86,4.59,27,12.3,1.67
13247,Rockdale,GA,305549,2026-05,1734,ZORI,2026-05,0.00718,ACS,1898,2004,2643,6.81,3.9,3.66,24,12.7,1.26
13249,Schley,GA,191604,2026-05,1342,FMR3,FY26,0.00887,ACS,1459,1473,1943,8.4,4.82,4.57,25,12.1,1.16
13251,Screven,GA,188320,2026-05,1222,FMR3,FY26,0.01181,ACS,1649,1632,2152,7.79,3.94,3.67,27,14.7,0.87
13253,Seminole,GA,141752,2026-05,1347,FMR3,FY26,0.0122,ACS,1611,1603,2114,11.4,6.42,6.07,35,13.1,1.11
13255,Spalding,GA,234498,2026-05,1353,ZORI,2026-05,0.00965,ACS,1532,1582,2087,6.92,3.71,3.47,24,12.9,1.13
13257,Stephens,GA,242871,2026-05,1275,FMR3,FY26,0.0083,ACS,1407,1436,1894,6.3,3.44,3.24,20,12.4,1.06
13259,Stewart,GA,80959,2026-05,1293,FMR3,FY26,0.01711,ACS,1570,1597,2106,19.17,11.11,10.44,66,13.6,1.82
13261,Sumter,GA,136878,2026-05,1305,FMR3,FY26,0.01321,ACS,1501,1548,2042,11.44,6.39,6.0,40,13.0,1.49
13263,Talbot,GA,187931,2026-05,1353,FMR3,FY26,0.01088,ACS,1641,1648,2174,8.64,4.69,4.41,28,13.4,1.79
13265,Taliaferro,GA,150189,2026-05,1217,FMR3,FY26,0.01254,ACS,1568,1652,2178,9.72,5.19,4.78,41,14.9,0.0
13267,Tattnall,GA,198077,2026-05,1167,FMR3,FY26,0.01018,ACS,1432,1461,1926,7.07,3.7,3.45,25,13.8,1.05
13269,Taylor,GA,154531,2026-05,1353,FMR3,FY26,0.00897,ACS,1500,1495,1972,10.51,6.22,5.92,31,12.1,1.46
13271,Telfair,GA,115012,2026-05,1215,FMR3,FY26,0.01091,ACS,1415,1484,1957,12.68,7.44,6.97,47,13.4,1.22
13273,Terrell,GA,117002,2026-05,1534,FMR3,FY26,0.01096,ACS,1753,1686,2224,15.73,9.52,9.12,40,12.1,1.4
13275,Thomas,GA,228609,2026-05,1820,ZORI,2026-05,0.00825,ACS,1803,1770,2335,9.55,5.74,5.51,23,10.7,1.15
13277,Tift,GA,210502,2026-05,1372,ZORI,2026-05,0.00936,ACS,1597,1599,2109,7.82,4.33,4.08,24,12.8,0.68
13279,Toombs,GA,173335,2026-05,1250,ZORI,2026-05,0.00962,ACS,1524,1545,2037,8.65,4.82,4.53,30,13.6,0.73
13281,Towns,GA,400447,2026-05,1353,FMR3,FY26,0.00365,ACS,1644,1672,2205,4.05,2.35,2.21,14,13.6,0.69
13283,Treutlen,GA,127138,2026-05,1167,FMR3,FY26,0.00955,ACS,1327,1357,1789,11.01,6.48,6.12,36,12.8,1.18
13285,Troup,GA,238161,2026-05,1370,ZORI,2026-05,0.00972,ACS,1717,1745,2301,6.9,3.62,3.38,25,14.0,1.34
13287,Turner,GA,139863,2026-05,1283,FMR3,FY26,0.01131,ACS,1582,1613,2127,11.01,6.21,5.82,39,13.8,1.37
13289,Twiggs,GA,109741,2026-05,1567,FMR3,FY26,0.00822,ACS,1688,1566,2066,17.13,10.83,10.49,34,11.0,0.97
13291,Union,GA,383194,2026-05,1850,ZORI,2026-05,0.00505,ACS,1595,1619,2136,5.79,3.54,3.4,14,9.6,0.63
13293,Upson,GA,188999,2026-05,1283,FMR3,FY26,0.00886,ACS,1479,1508,1989,8.15,4.6,4.33,27,12.9,1.07
13295,Walker,GA,244032,2026-05,1449,ZORI,2026-05,0.00778,ACS,1605,1629,2148,7.13,4.05,3.83,22,12.4,1.25
13297,Walton,GA,389372,2026-05,1915,ZORI,2026-05,0.00809,ACS,1714,1762,2324,5.9,3.29,3.14,16,10.1,0.62
13299,Ware,GA,146811,2026-05,1236,FMR3,FY26,0.01011,ACS,1510,1510,1991,10.1,5.74,5.41,33,13.4,0.87
13301,Warren,GA,122536,2026-05,1283,FMR3,FY26,0.01031,ACS,1523,1561,2059,12.56,7.4,6.96,44,13.4,1.17
13303,Washington,GA,154565,2026-05,1198,FMR3,FY26,0.01097,ACS,1492,1493,1969,9.3,5.1,4.79,31,13.7,0.82
13305,Wayne,GA,216364,2026-05,1224,FMR3,FY26,0.00796,ACS,1614,1651,2177,6.79,3.68,3.42,26,14.8,0.92
13309,Wheeler,GA,161101,2026-05,1167,FMR3,FY26,0.00753,ACS,1464,1435,1892,8.69,5.03,4.77,27,13.5,1.6
13311,White,GA,326086,2026-05,1321,ZORI,2026-05,0.00661,ACS,1668,1706,2250,4.86,2.57,2.39,18,14.2,0.67
13313,Whitfield,GA,250751,2026-05,1475,ZORI,2026-05,0.00673,ACS,1476,1507,1987,7.06,4.17,3.97,20,11.2,0.83
13315,Wilcox,GA,131176,2026-05,1235,FMR3,FY26,0.01058,ACS,1576,1677,2212,11.3,6.44,5.96,48,14.9,0.88
13317,Wilkes,GA,168361,2026-05,1261,FMR3,FY26,0.01137,ACS,1489,1483,1956,8.99,4.9,4.62,28,12.9,1.24
13319,Wilkinson,GA,147791,2026-05,1353,FMR3,FY26,0.00882,ACS,1490,1482,1955,10.99,6.57,6.25,31,12.0,1.06
13321,Worth,GA,176483,2026-05,1534,FMR3,FY26,0.01086,ACS,1549,1563,2061,10.43,6.07,5.78,29,11.2,0.8
15001,Hawaii,HI,571304,2026-05,2954,ZORI,2026-05,0.00286,ACS,2019,2090,2757,6.21,4.14,4.01,13,7.8,0.71
15003,Honolulu,HI,851187,2026-05,2980,ZORI,2026-05,0.00284,ACS,1962,1984,2616,4.2,2.72,2.64,8,7.3,1.53
15007,Kauai,HI,1023576,2026-05,5241,ZORI,2026-05,0.00225,ACS,2435,2457,3240,6.14,4.27,4.19,8,5.2,1.12
15009,Maui,HI,997364,2026-05,3572,ZORI,2026-05,0.00168,ACS,2004,2079,2742,4.3,2.94,2.87,7,6.4,1.43
16001,Ada,ID,530009,2026-05,1892,ZORI,2026-05,0.00555,ACS,1045,1109,1463,4.28,2.55,2.47,8,6.4,0.58
16003,Adams,ID,519821,2026-05,1353,FMR3,FY26,0.00413,ACS,1348,1414,1865,3.12,1.73,1.63,10,11.5,1.86
16005,Bannock,ID,361188,2026-05,1080,ZORI,2026-05,0.00718,ACS,1101,1173,1547,3.59,1.74,1.62,12,11.9,1.0
16007,Bear Lake,ID,398669,2026-05,1353,FMR3,FY26,0.00453,ACS,1255,1313,1732,4.07,2.37,2.25,12,10.7,1.6
16009,Benewah,ID,334735,2026-05,1469,FMR3,FY26,0.0055,ACS,1141,1163,1534,5.27,3.16,3.05,12,8.7,2.09
16011,Bingham,ID,388268,2026-05,1082,ZORI,2026-05,0.00538,ACS,1187,1243,1639,3.34,1.73,1.61,12,12.6,0.89
16013,Blaine,ID,1083413,2026-05,3136,ZORI,2026-05,0.00386,ACS,3765,3790,4999,3.47,1.94,1.83,11,13.3,2.8
16015,Boise,ID,487189,2026-05,2318,FMR3,FY26,0.0037,ACS,1298,1375,1814,5.71,3.76,3.65,11,6.5,2.87
16017,Bonner,ID,657225,2026-05,1925,ZORI,2026-05,0.00396,ACS,1520,1558,2055,3.51,2.08,2.0,8,8.9,1.4
16019,Bonneville,ID,405997,2026-05,1447,ZORI,2026-05,0.00554,ACS,1222,1291,1703,4.28,2.44,2.32,12,9.8,0.99
16021,Boundary,ID,470198,2026-05,1353,FMR3,FY26,0.00416,ACS,1255,1333,1759,3.45,1.98,1.87,11,10.8,1.57
16025,Camas,ID,394500,2026-05,1490,FMR3,FY26,0.00422,ACS,1372,1364,1798,4.53,2.72,2.61,11,10.1,1.64
16027,Canyon,ID,419004,2026-05,1672,ZORI,2026-05,0.0057,ACS,1007,1039,1370,4.79,2.88,2.79,9,6.8,0.69
16029,Caribou,ID,340214,2026-05,1353,FMR3,FY26,0.00604,ACS,1236,1306,1722,4.77,2.71,2.56,14,10.6,1.1
16031,Cassia,ID,348681,2026-05,1430,FMR3,FY26,0.00443,ACS,1102,1170,1543,4.92,3.03,2.9,13,9.0,0.94
16033,Clark,ID,256231,2026-05,1353,FMR3,FY26,0.00292,ACS,1047,1185,1563,6.34,4.18,3.98,20,9.6,1.25
16035,Clearwater,ID,312794,2026-05,1498,FMR3,FY26,0.00601,ACS,1101,1156,1524,5.75,3.47,3.34,14,8.5,1.31
16037,Custer,ID,397627,2026-05,1501,FMR3,FY26,0.00305,ACS,1764,1769,2333,4.53,2.74,2.6,14,13.0,0.86
16039,Elmore,ID,361002,2026-05,1362,ZORI,2026-05,0.00604,ACS,1042,1083,1428,4.53,2.59,2.49,11,8.7,0.71
16041,Franklin,ID,441823,2026-05,1726,FMR3,FY26,0.00497,ACS,1267,1319,1740,4.69,2.83,2.72,11,8.4,0.94
16043,Fremont,ID,478989,2026-05,1353,FMR3,FY26,0.00483,ACS,1527,1580,2083,3.39,1.81,1.69,12,12.8,1.74
16045,Gem,ID,484335,2026-05,1448,ZORI,2026-05,0.00393,ACS,1083,1136,1498,3.59,2.15,2.06,9,8.6,0.82
16047,Gooding,ID,355895,2026-05,1427,FMR3,FY26,0.00528,ACS,1024,1021,1347,4.81,2.89,2.8,9,7.9,0.85
16049,Idaho,ID,357723,2026-05,1459,FMR3,FY26,0.00342,ACS,1161,1188,1567,4.89,3.1,2.99,11,9.0,1.53
16051,Jefferson,ID,473214,2026-05,1264,ZORI,2026-05,0.0053,ACS,1213,1282,1690,3.21,1.68,1.58,10,11.1,1.12
16053,Jerome,ID,406115,2026-05,1613,ZORI,2026-05,0.00639,ACS,1047,1080,1424,4.77,2.77,2.68,9,7.4,0.7
16055,Kootenai,ID,605487,2026-05,1793,ZORI,2026-05,0.00471,ACS,1289,1335,1760,3.55,2.05,1.97,8,8.2,0.75
16057,Latah,ID,474727,2026-05,1189,ZORI,2026-05,0.00681,ACS,1174,1195,1576,3.01,1.39,1.3,8,11.0,0.59
16059,Lemhi,ID,390457,2026-05,1380,FMR3,FY26,0.00393,ACS,1309,1297,1711,4.24,2.54,2.43,10,10.3,1.34
16061,Lewis,ID,289794,2026-05,1353,FMR3,FY26,0.00666,ACS,1103,1163,1534,5.6,3.27,3.12,15,9.4,0.8
16063,Lincoln,ID,316664,2026-05,1353,FMR3,FY26,0.00479,ACS,1128,1108,1461,5.13,3.11,3.01,11,9.0,0.84
16065,Madison,ID,418856,2026-05,1122,ZORI,2026-05,0.00497,ACS,1237,1271,1676,3.22,1.68,1.58,10,12.4,0.72
16067,Minidoka,ID,329683,2026-05,1421,FMR3,FY26,0.00518,ACS,1003,1039,1370,5.17,3.16,3.05,11,8.0,0.76
16069,Nez Perce,ID,391293,2026-05,1261,ZORI,2026-05,0.00868,ACS,1093,1131,1492,3.87,1.83,1.73,10,9.9,0.87
16071,Oneida,ID,347230,2026-05,1524,FMR3,FY26,0.00513,ACS,1224,1284,1693,5.27,3.19,3.05,14,9.3,1.32
16073,Owyhee,ID,441209,2026-05,2318,FMR3,FY26,0.00481,ACS,1155,1181,1558,6.3,4.11,4.02,9,5.6,1.03
16075,Payette,ID,415682,2026-05,1656,ZORI,2026-05,0.00435,ACS,1112,1138,1501,4.78,2.98,2.88,9,7.6,1.04
16077,Power,ID,269432,2026-05,1353,FMR3,FY26,0.00825,ACS,1095,1159,1528,6.03,3.41,3.25,16,9.4,0.68
16079,Shoshone,ID,283974,2026-05,1352,FMR3,FY26,0.00572,ACS,1031,1063,1402,5.71,3.46,3.33,13,8.6,1.28
16081,Teton,ID,868728,2026-05,2668,ZORI,2026-05,0.00347,ACS,1844,1969,2597,3.69,2.28,2.19,9,8.1,0.89
16083,Twin Falls,ID,383672,2026-05,1583,ZORI,2026-05,0.00667,ACS,1052,1092,1440,4.95,2.87,2.77,10,7.6,0.73
16085,Valley,ID,677936,2026-05,2712,ZORI,2026-05,0.00297,ACS,1624,1753,2312,4.8,3.16,3.06,10,7.1,1.13
16087,Washington,ID,394153,2026-05,1471,FMR3,FY26,0.00526,ACS,1151,1197,1578,4.48,2.63,2.52,11,8.9,0.8
17001,Adams,IL,184885,2026-05,1212,ZORI,2026-05,0.01579,ACS,1451,1498,1975,7.87,3.7,3.41,28,13.6,0.54
17003,Alexander,IL,56199,2026-05,1380,FMR3,FY26,0.01646,ACS,1734,1775,2342,29.47,17.96,16.88,108,14.1,1.69
17005,Bond,IL,167942,2026-05,1154,FMR3,FY26,0.01962,ACS,1522,1530,2018,8.25,3.48,3.19,30,14.6,1.38
17007,Boone,IL,286605,2026-05,1555,FMR3,FY26,0.02269,ACS,1644,1706,2250,6.51,2.17,1.96,21,12.1,0.92
17009,Brown,IL,159030,2026-05,1275,FMR3,FY26,0.0147,ACS,1469,1455,1919,9.62,5.01,4.73,28,12.5,0.78
17011,Bureau,IL,150716,2026-05,1278,FMR3,FY26,0.02069,ACS,1424,1479,1950,10.18,4.82,4.47,35,12.7,0.77
17013,Calhoun,IL,195984,2026-05,1568,FMR3,FY26,0.01474,ACS,1618,1639,2162,9.6,5.09,4.82,28,11.5,0.59
17015,Carroll,IL,160793,2026-05,1211,FMR3,FY26,0.02033,ACS,1372,1436,1894,9.04,4.07,3.75,32,13.0,1.06
17017,Cass,IL,99234,2026-05,1263,FMR3,FY26,0.02102,ACS,1411,1451,1913,15.27,8.24,7.73,51,12.6,0.85
17019,Champaign,IL,238533,2026-05,1320,ZORI,2026-05,0.0207,ACS,1397,1436,1893,6.64,2.46,2.25,21,12.0,0.66
17021,Christian,IL,135139,2026-05,1168,FMR3,FY26,0.01691,ACS,1525,1547,2041,10.37,5.17,4.78,38,14.6,0.79
17023,Clark,IL,146097,2026-05,1245,FMR3,FY26,0.01684,ACS,1535,1579,2082,10.23,5.14,4.77,37,13.9,0.95
17025,Clay,IL,113821,2026-05,1167,FMR3,FY26,0.01615,ACS,1436,1482,1954,12.3,6.6,6.14,46,14.0,1.01
17027,Clinton,IL,221065,2026-05,1012,ZORI,2026-05,0.01859,ACS,1607,1647,2172,5.5,1.65,1.39,26,17.9,0.55
17029,Coles,IL,144833,2026-05,787,ZORI,2026-05,0.02046,ACS,1376,1422,1876,6.52,2.02,1.68,35,19.9,0.9
17031,Cook,IL,334930,2026-05,2334,ZORI,2026-05,0.01983,ACS,1795,1847,2435,8.36,3.92,3.73,19,8.7,0.69
17033,Crawford,IL,133222,2026-05,1241,FMR3,FY26,0.01556,ACS,1464,1503,1982,11.18,5.95,5.56,39,13.3,0.76
17035,Cumberland,IL,172749,2026-05,1098,FMR3,FY26,0.01757,ACS,1409,1453,1917,7.63,3.3,3.01,29,14.5,0.73
17037,DeKalb,IL,297572,2026-05,1287,ZORI,2026-05,0.02539,ACS,1443,1500,1979,5.19,0.97,0.79,18,12.8,0.66
17039,De Witt,IL,159972,2026-05,1242,FMR3,FY26,0.01849,ACS,1469,1506,1987,9.32,4.41,4.08,32,13.3,0.78
17041,Douglas,IL,158063,2026-05,1240,FMR3,FY26,0.01813,ACS,1415,1480,1952,9.41,4.54,4.2,34,13.1,0.73
17043,DuPage,IL,444011,2026-05,2105,ZORI,2026-05,0.02094,ACS,1735,1771,2335,5.69,1.9,1.76,14,9.2,0.74
17045,Edgar,IL,106251,2026-05,1226,FMR3,FY26,0.01544,ACS,1485,1525,2011,13.85,7.72,7.22,50,13.7,0.96
17047,Edwards,IL,127745,2026-05,1098,FMR3,FY26,0.01466,ACS,1469,1535,2024,10.31,5.33,4.89,43,15.4,0.47
17049,Effingham,IL,220106,2026-05,1208,FMR3,FY26,0.01509,ACS,1486,1519,2003,6.59,2.89,2.65,23,13.8,0.51
17051,Fayette,IL,149808,2026-05,1183,FMR3,FY26,0.01517,ACS,1415,1463,1930,9.48,4.84,4.49,34,13.6,0.82
17053,Ford,IL,158339,2026-05,1274,FMR3,FY26,0.02069,ACS,1372,1429,1884,9.66,4.5,4.18,32,12.3,0.94
17055,Franklin,IL,102486,2026-05,1181,FMR3,FY26,0.01501,ACS,1614,1685,2223,13.83,7.57,6.98,59,15.7,1.16
17057,Fulton,IL,103599,2026-05,1274,FMR3,FY26,0.02133,ACS,1407,1448,1909,14.76,7.87,7.39,48,12.5,0.98
17059,Gallatin,IL,92429,2026-05,1098,FMR3,FY26,0.01506,ACS,1641,1682,2219,14.26,7.69,7.07,63,16.8,0.53
17061,Greene,IL,111651,2026-05,1189,FMR3,FY26,0.01657,ACS,1587,1635,2156,12.78,6.76,6.25,51,15.1,0.38
17063,Grundy,IL,322238,2026-05,1356,ZORI,2026-05,0.02029,ACS,1634,1679,2215,5.05,1.35,1.17,18,13.6,0.52
17065,Hamilton,IL,126443,2026-05,1274,FMR3,FY26,0.01351,ACS,1631,1665,2195,12.09,6.67,6.22,45,14.4,1.44
17067,Hancock,IL,115754,2026-05,1111,FMR3,FY26,0.01863,ACS,1468,1536,2026,11.52,5.74,5.25,48,15.2,1.15
17069,Hardin,IL,114025,2026-05,1098,FMR3,FY26,0.01176,ACS,1626,1685,2222,11.56,6.3,5.77,52,16.9,0.85
17071,Henderson,IL,124943,2026-05,1274,FMR3,FY26,0.01676,ACS,1412,1451,1914,12.24,6.62,6.21,40,12.5,0.14
17073,Henry,IL,170732,2026-05,1498,FMR3,FY26,0.0198,ACS,1432,1489,1964,10.53,5.29,4.98,31,10.9,0.83
17075,Iroquois,IL,152309,2026-05,1136,FMR3,FY26,0.01953,ACS,1457,1508,1989,8.95,3.98,3.63,35,14.6,0.92
17077,Jackson,IL,132845,2026-05,797,ZORI,2026-05,0.01908,ACS,1735,1784,2353,7.2,2.33,1.86,47,24.6,0.97
17079,Jasper,IL,183349,2026-05,1119,FMR3,FY26,0.01905,ACS,1496,1557,2053,7.32,2.92,2.61,30,15.3,1.25
17081,Jefferson,IL,144471,2026-05,1248,FMR3,FY26,0.01711,ACS,1587,1609,2122,10.37,5.17,4.8,37,14.2,0.72
17083,Jersey,IL,202482,2026-05,1568,FMR3,FY26,0.01752,ACS,1518,1560,2057,9.29,4.65,4.39,27,10.9,0.69
17085,Jo Daviess,IL,253649,2026-05,1271,FMR3,FY26,0.01745,ACS,1495,1551,2046,6.01,2.3,2.08,22,13.4,0.59
17087,Johnson,IL,204501,2026-05,1159,FMR3,FY26,0.01317,ACS,1728,1789,2359,6.8,3.07,2.77,31,17.0,0.63
17089,Kane,IL,382854,2026-05,2138,ZORI,2026-05,0.02386,ACS,1607,1658,2187,6.7,2.35,2.2,15,8.5,0.66
17091,Kankakee,IL,223735,2026-05,1319,ZORI,2026-05,0.02221,ACS,1460,1503,1982,7.08,2.57,2.34,23,12.5,0.59
17093,Kendall,IL,397038,2026-05,2435,ZORI,2026-05,0.02528,ACS,1574,1628,2147,7.36,2.74,2.6,14,7.3,0.79
17095,Knox,IL,119977,2026-05,861,ZORI,2026-05,0.01949,ACS,1380,1435,1893,8.61,3.53,3.1,43,18.3,0.83
17097,Lake,IL,396803,2026-05,2221,ZORI,2026-05,0.02677,ACS,1881,1917,2529,6.72,2.02,1.86,16,9.5,0.65
17099,LaSalle,IL,194342,2026-05,1235,ZORI,2026-05,0.02154,ACS,1459,1501,1980,7.62,2.97,2.7,27,13.4,0.62
17101,Lawrence,IL,98341,2026-05,1136,FMR3,FY26,0.0121,ACS,1503,1539,2030,13.86,7.93,7.4,54,14.9,0.99
17103,Lee,IL,184555,2026-05,1108,ZORI,2026-05,0.01921,ACS,1435,1478,1950,7.2,2.85,2.57,28,14.7,0.64
17105,Livingston,IL,170420,2026-05,1026,ZORI,2026-05,0.0218,ACS,1473,1519,2003,7.23,2.52,2.21,31,16.3,0.93
17107,Logan,IL,142644,2026-05,1221,FMR3,FY26,0.01839,ACS,1488,1544,2037,10.27,5.03,4.64,38,13.9,0.66
17109,McDonough,IL,100073,2026-05,1231,FMR3,FY26,0.02162,ACS,1399,1461,1927,14.76,7.81,7.28,53,13.0,0.9
17111,McHenry,IL,368900,2026-05,2146,ZORI,2026-05,0.02493,ACS,1575,1641,2164,6.98,2.46,2.3,16,8.4,0.54
17113,McLean,IL,260111,2026-05,1361,ZORI,2026-05,0.02271,ACS,1422,1467,1935,6.28,2.02,1.82,20,11.8,0.39
17115,Macon,IL,126920,2026-05,928,ZORI,2026-05,0.02102,ACS,1437,1477,1948,8.77,3.52,3.12,40,17.5,0.88
17117,Macoupin,IL,141861,2026-05,1145,FMR3,FY26,0.01578,ACS,1621,1664,2195,9.69,4.74,4.33,40,16.0,0.79
17119,Madison,IL,199040,2026-05,1181,ZORI,2026-05,0.01925,ACS,1642,1689,2227,7.12,2.73,2.44,29,15.7,0.6
17121,Marion,IL,123471,2026-05,1190,FMR3,FY26,0.01707,ACS,1494,1525,2011,11.57,5.99,5.57,42,14.1,0.98
17123,Marshall,IL,142377,2026-05,1346,FMR3,FY26,0.01991,ACS,1446,1464,1931,11.34,5.73,5.39,34,12.0,1.0
17125,Mason,IL,100275,2026-05,1274,FMR3,FY26,0.02146,ACS,1421,1448,1910,15.25,8.18,7.69,49,12.5,1.31
17127,Massac,IL,125160,2026-05,1348,FMR3,FY26,0.01499,ACS,1692,1765,2328,12.92,7.1,6.59,51,14.4,1.41
17129,Menard,IL,210211,2026-05,1611,FMR3,FY26,0.01637,ACS,1579,1594,2102,9.2,4.69,4.44,25,10.9,0.37
17131,Mercer,IL,169283,2026-05,1498,FMR3,FY26,0.01945,ACS,1446,1498,1976,10.62,5.38,5.06,31,11.0,0.98
17133,Monroe,IL,327942,2026-05,1285,ZORI,2026-05,0.01703,ACS,1723,1777,2343,4.7,1.39,1.2,19,15.2,0.53
17135,Montgomery,IL,131702,2026-05,1123,FMR3,FY26,0.0172,ACS,1502,1524,2010,10.23,5.02,4.63,39,14.9,0.86
17137,Morgan,IL,136435,2026-05,1138,FMR3,FY26,0.0188,ACS,1435,1461,1926,10.01,4.77,4.42,36,14.1,0.68
17139,Moultrie,IL,188391,2026-05,1274,FMR3,FY26,0.01906,ACS,1441,1468,1936,8.12,3.58,3.31,26,12.7,1.18
17141,Ogle,IL,228072,2026-05,1365,FMR3,FY26,0.0203,ACS,1445,1486,1960,7.18,2.87,2.64,23,12.0,0.73
17143,Peoria,IL,164333,2026-05,1187,ZORI,2026-05,0.02239,ACS,1513,1555,2050,8.67,3.52,3.19,33,14.4,0.69
17145,Perry,IL,114350,2026-05,1148,FMR3,FY26,0.01658,ACS,1561,1598,2108,12.05,6.25,5.78,48,15.3,0.62
17147,Piatt,IL,226545,2026-05,1436,FMR3,FY26,0.01755,ACS,1481,1533,2022,7.61,3.45,3.21,24,11.7,0.71
17149,Pike,IL,118986,2026-05,1114,FMR3,FY26,0.01555,ACS,1493,1510,1992,11.23,5.84,5.42,42,14.9,1.29
17151,Pope,IL,171737,2026-05,1375,FMR3,FY26,0.01021,ACS,1733,1745,2302,9.61,5.37,5.04,33,14.0,0.86
17153,Pulaski,IL,91227,2026-05,1274,FMR3,FY26,0.00825,ACS,1804,1910,2518,16.76,10.1,9.32,78,16.5,2.99
17155,Putnam,IL,188753,2026-05,1212,FMR3,FY26,0.0159,ACS,1429,1486,1959,7.71,3.59,3.31,28,13.5,0.56
17157,Randolph,IL,154117,2026-05,1145,FMR3,FY26,0.014,ACS,1483,1545,2038,8.92,4.5,4.14,36,14.8,0.56
17159,Richland,IL,146795,2026-05,1098,FMR3,FY26,0.01518,ACS,1460,1464,1931,8.98,4.4,4.08,32,14.7,0.87
17161,Rock Island,IL,158998,2026-05,999,ZORI,2026-05,0.0233,ACS,1416,1465,1933,7.54,2.59,2.26,33,16.1,0.86
17163,St. Clair,IL,180517,2026-05,1352,ZORI,2026-05,0.02093,ACS,1708,1774,2339,8.99,3.88,3.53,35,14.4,0.82
17165,Saline,IL,87790,2026-05,1207,FMR3,FY26,0.01555,ACS,1791,1821,2402,16.5,9.11,8.41,70,16.6,1.07
17167,Sangamon,IL,199486,2026-05,1208,ZORI,2026-05,0.01978,ACS,1587,1619,2135,7.26,2.82,2.55,27,14.7,0.52
17169,Schuyler,IL,161209,2026-05,1098,FMR3,FY26,0.01827,ACS,1368,1441,1900,8.17,3.62,3.29,33,14.4,0.49
17171,Scott,IL,91015,2026-05,1098,FMR3,FY26,0.01382,ACS,1479,1511,1993,14.48,8.14,7.57,56,15.1,1.02
17173,Shelby,IL,167765,2026-05,1140,FMR3,FY26,0.01499,ACS,1385,1406,1854,8.15,3.95,3.67,28,13.6,0.74
17175,Stark,IL,137060,2026-05,1346,FMR3,FY26,0.01643,ACS,1475,1564,2063,11.78,6.36,5.93,43,12.8,2.33
17177,Stephenson,IL,158438,2026-05,897,ZORI,2026-05,0.02463,ACS,1331,1382,1823,6.8,1.93,1.62,31,16.9,0.66
17179,Tazewell,IL,190037,2026-05,1102,ZORI,2026-05,0.02116,ACS,1483,1534,2023,6.96,2.46,2.18,28,15.3,0.53
17181,Union,IL,153922,2026-05,1129,FMR3,FY26,0.01405,ACS,1752,1824,2405,8.8,4.23,3.81,42,17.8,0.55
17183,Vermilion,IL,99495,2026-05,891,ZORI,2026-05,0.01793,ACS,1492,1554,2050,10.75,4.98,4.42,56,19.2,0.93
17185,Wabash,IL,130725,2026-05,1274,FMR3,FY26,0.01471,ACS,1579,1608,2121,11.69,6.33,5.91,41,13.9,0.51
17187,Warren,IL,116364,2026-05,1156,FMR3,FY26,0.01896,ACS,1457,1491,1967,11.92,6.03,5.59,44,14.2,1.3
17189,Washington,IL,164461,2026-05,1242,FMR3,FY26,0.01846,ACS,1691,1754,2313,9.06,4.1,3.73,38,15.5,0.95
17191,Wayne,IL,140927,2026-05,1098,FMR3,FY26,0.01527,ACS,1436,1500,1979,9.35,4.65,4.27,39,15.0,1.09
17193,White,IL,116506,2026-05,1209,FMR3,FY26,0.01387,ACS,1553,1556,2052,12.45,6.87,6.44,43,14.1,0.51
17195,Whiteside,IL,146879,2026-05,812,ZORI,2026-05,0.02127,ACS,1309,1359,1792,6.64,2.09,1.76,33,18.4,0.84
17197,Will,IL,375899,2026-05,2309,ZORI,2026-05,0.02347,ACS,1643,1687,2224,7.37,2.89,2.74,15,8.0,0.57
17199,Williamson,IL,158465,2026-05,1045,ZORI,2026-05,0.0171,ACS,1717,1764,2327,7.92,3.3,2.92,38,18.6,0.79
17201,Winnebago,IL,210048,2026-05,1307,ZORI,2026-05,0.02482,ACS,1370,1429,1884,7.47,2.61,2.37,24,12.0,0.74
17203,Woodford,IL,234314,2026-05,1248,ZORI,2026-05,0.0218,ACS,1508,1568,2068,6.39,2.1,1.86,24,13.8,0.64
18001,Adams,IN,251570,2026-05,1227,FMR3,FY26,0.00748,ACS,1203,1214,1601,5.85,3.28,3.12,16,10.9,0.64
18003,Allen,IN,257579,2026-05,1270,ZORI,2026-05,0.00802,ACS,1261,1272,1678,5.92,3.26,3.1,16,11.0,0.97
18005,Bartholomew,IN,277161,2026-05,1359,ZORI,2026-05,0.00722,ACS,1433,1429,1884,5.88,3.29,3.13,16,11.6,0.71
18007,Benton,IN,204008,2026-05,1489,FMR3,FY26,0.00756,ACS,1466,1466,1933,8.76,5.27,5.04,23,10.8,0.66
18009,Blackford,IN,144753,2026-05,1268,FMR3,FY26,0.00806,ACS,1302,1312,1731,10.51,6.39,6.09,30,11.4,1.29
18011,Boone,IN,421934,2026-05,1896,ZORI,2026-05,0.00797,ACS,1682,1700,2242,5.39,2.96,2.82,13,9.9,0.89
18013,Brown,IN,366629,2026-05,1907,FMR3,FY26,0.00471,ACS,1678,1710,2255,6.24,3.88,3.72,16,9.9,0.75
18015,Carroll,IN,236423,2026-05,1219,FMR3,FY26,0.00569,ACS,1450,1448,1909,6.19,3.58,3.39,19,13.1,1.22
18017,Cass,IN,171373,2026-05,1278,FMR3,FY26,0.00694,ACS,1360,1356,1788,8.95,5.4,5.15,25,11.7,0.88
18019,Clark,IN,268975,2026-05,1316,ZORI,2026-05,0.00737,ACS,1425,1435,1893,5.87,3.25,3.08,17,12.0,0.94
18021,Clay,IN,183794,2026-05,1312,FMR3,FY26,0.00457,ACS,1509,1531,2019,8.57,5.32,5.04,28,12.8,1.16
18023,Clinton,IN,226699,2026-05,1328,FMR3,FY26,0.00622,ACS,1410,1402,1849,7.03,4.17,3.97,19,11.6,0.7
18025,Crawford,IN,175828,2026-05,1330,FMR3,FY26,0.00737,ACS,1491,1541,2033,9.08,5.4,5.1,31,12.7,0.67
18027,Daviess,IN,237962,2026-05,1243,FMR3,FY26,0.00681,ACS,1440,1445,1906,6.27,3.54,3.35,20,12.8,2.09
18029,Dearborn,IN,333117,2026-05,1785,FMR3,FY26,0.0076,ACS,1532,1569,2069,6.43,3.73,3.57,16,9.7,0.71
18031,Decatur,IN,260719,2026-05,1284,FMR3,FY26,0.00619,ACS,1392,1418,1870,5.91,3.4,3.21,18,12.1,0.71
18033,DeKalb,IN,255286,2026-05,919,ZORI,2026-05,0.00628,ACS,1329,1325,1748,4.32,2.18,2.01,16,15.9,0.77
18035,Delaware,IN,171824,2026-05,961,ZORI,2026-05,0.00781,ACS,1370,1383,1823,6.71,3.59,3.32,26,15.8,0.83
18037,Dubois,IN,264956,2026-05,1238,ZORI,2026-05,0.0065,ACS,1376,1446,1908,5.6,3.15,2.95,20,12.8,0.39
18039,Elkhart,IN,265740,2026-05,1211,ZORI,2026-05,0.00819,ACS,1286,1300,1715,5.47,2.91,2.75,16,11.8,0.87
18041,Fayette,IN,162416,2026-05,1184,FMR3,FY26,0.00765,ACS,1313,1336,1763,8.75,5.16,4.89,28,12.4,1.66
18043,Floyd,IN,289959,2026-05,1217,ZORI,2026-05,0.00704,ACS,1561,1578,2081,5.04,2.64,2.46,18,14.2,0.99
18045,Fountain,IN,197989,2026-05,1178,FMR3,FY26,0.00616,ACS,1512,1527,2014,7.14,4.12,3.86,25,14.2,1.39
18047,Franklin,IN,301385,2026-05,1473,FMR3,FY26,0.00616,ACS,1497,1499,1977,5.86,3.4,3.24,16,11.2,1.38
18049,Fulton,IN,209164,2026-05,1153,FMR3,FY26,0.00514,ACS,1400,1464,1931,6.61,3.91,3.66,25,14.0,1.1
18051,Gibson,IN,211568,2026-05,1262,FMR3,FY26,0.0073,ACS,1584,1606,2118,7.16,4.03,3.78,25,14.0,1.04
18053,Grant,IN,156401,2026-05,886,ZORI,2026-05,0.00681,ACS,1355,1356,1788,6.8,3.69,3.41,28,16.8,0.88
18055,Greene,IN,198077,2026-05,1206,FMR3,FY26,0.00689,ACS,1508,1521,2006,7.31,4.18,3.92,25,13.9,1.14
18057,Hamilton,IN,468156,2026-05,1856,ZORI,2026-05,0.00881,ACS,1778,1804,2380,4.76,2.4,2.27,13,10.7,1.2
18059,Hancock,IN,331044,2026-05,1702,ZORI,2026-05,0.0068,ACS,1737,1746,2303,6.17,3.54,3.37,17,11.3,0.87
18061,Harrison,IN,269991,2026-05,1625,FMR3,FY26,0.00545,ACS,1503,1529,2017,7.22,4.46,4.27,19,10.3,0.88
18063,Hendricks,IN,344926,2026-05,1862,ZORI,2026-05,0.00833,ACS,1590,1608,2121,6.48,3.7,3.54,15,9.5,0.91
18065,Henry,IN,191370,2026-05,887,ZORI,2026-05,0.00749,ACS,1458,1485,1958,5.56,2.77,2.51,26,18.4,1.02
18067,Howard,IN,194072,2026-05,1000,ZORI,2026-05,0.00733,ACS,1375,1397,1842,6.18,3.32,3.08,24,15.4,0.72
18069,Huntington,IN,211337,2026-05,1239,FMR3,FY26,0.00731,ACS,1379,1395,1839,7.04,4.03,3.82,22,12.4,0.91
18071,Jackson,IN,230157,2026-05,1328,FMR3,FY26,0.00472,ACS,1446,1459,1925,6.92,4.23,4.02,21,12.1,0.97
18073,Jasper,IN,300994,2026-05,1535,FMR3,FY26,0.00488,ACS,1429,1458,1923,6.12,3.75,3.59,16,10.4,0.78
18075,Jay,IN,160263,2026-05,1261,FMR3,FY26,0.00604,ACS,1338,1354,1786,9.44,5.83,5.55,28,11.8,0.94
18077,Jefferson,IN,241012,2026-05,1201,FMR3,FY26,0.00659,ACS,1476,1468,1937,5.98,3.33,3.14,19,13.4,1.11
18079,Jennings,IN,227351,2026-05,1337,FMR3,FY26,0.00584,ACS,1332,1326,1749,7.06,4.26,4.08,18,10.9,1.1
18081,Johnson,IN,317414,2026-05,1636,ZORI,2026-05,0.0072,ACS,1600,1623,2141,6.19,3.54,3.37,17,10.9,0.91
18083,Knox,IN,160117,2026-05,1212,FMR3,FY26,0.00725,ACS,1550,1570,2071,9.08,5.3,4.98,33,14.2,1.17
18085,Kosciusko,IN,289019,2026-05,1126,ZORI,2026-05,0.00598,ACS,1316,1324,1747,4.68,2.55,2.4,15,12.9,0.7
18087,LaGrange,IN,346423,2026-05,1171,FMR3,FY26,0.00542,ACS,1257,1262,1664,4.06,2.22,2.1,12,11.8,0.59
18089,Lake,IN,253012,2026-05,1441,ZORI,2026-05,0.00925,ACS,1452,1450,1912,6.83,3.76,3.58,18,11.1,0.97
18091,LaPorte,IN,258576,2026-05,1174,ZORI,2026-05,0.00794,ACS,1470,1485,1959,5.45,2.83,2.64,19,13.9,0.97
18093,Lawrence,IN,210855,2026-05,1146,FMR3,FY26,0.00604,ACS,1441,1473,1943,6.52,3.73,3.5,24,14.1,1.13
18095,Madison,IN,191719,2026-05,1070,ZORI,2026-05,0.00764,ACS,1370,1375,1813,6.69,3.68,3.45,23,14.1,0.94
18097,Marion,IN,234041,2026-05,1419,ZORI,2026-05,0.00929,ACS,1621,1623,2141,7.27,3.98,3.76,22,12.6,1.31
18099,Marshall,IN,264179,2026-05,998,ZORI,2026-05,0.00683,ACS,1504,1517,2001,4.53,2.24,2.05,19,16.7,0.86
18101,Martin,IN,206119,2026-05,1146,FMR3,FY26,0.00531,ACS,1385,1401,1848,6.67,3.93,3.71,22,13.4,0.78
18103,Miami,IN,163132,2026-05,976,ZORI,2026-05,0.00578,ACS,1396,1407,1856,7.18,4.09,3.81,28,15.8,1.39
18105,Monroe,IN,316294,2026-05,1410,ZORI,2026-05,0.00702,ACS,1469,1512,1994,5.35,2.95,2.79,17,11.8,0.69
18107,Montgomery,IN,224004,2026-05,1012,ZORI,2026-05,0.0063,ACS,1533,1538,2029,5.42,2.86,2.64,22,16.7,0.9
18109,Morgan,IN,300612,2026-05,1677,ZORI,2026-05,0.0048,ACS,1614,1638,2160,6.69,4.14,3.96,18,10.7,1.07
18111,Newton,IN,227841,2026-05,1612,FMR3,FY26,0.00826,ACS,1516,1532,2020,8.49,5.05,4.82,22,10.4,1.24
18113,Noble,IN,253678,2026-05,1159,FMR3,FY26,0.00682,ACS,1300,1309,1726,5.48,3.03,2.86,17,12.4,0.68
18115,Ohio,IN,286599,2026-05,1785,FMR3,FY26,0.00609,ACS,1547,1593,2101,7.47,4.61,4.41,19,9.8,0.83
18117,Orange,IN,185260,2026-05,1330,FMR3,FY26,0.00578,ACS,1457,1480,1952,8.61,5.27,5.0,27,12.2,1.02
18119,Owen,IN,237770,2026-05,1155,FMR3,FY26,0.00672,ACS,1516,1513,1995,5.83,3.18,2.98,20,14.4,0.88
18121,Parke,IN,221607,2026-05,1272,FMR3,FY26,0.00496,ACS,1505,1491,1966,6.89,4.13,3.92,21,12.9,0.85
18123,Perry,IN,188881,2026-05,1200,FMR3,FY26,0.00713,ACS,1398,1403,1850,7.62,4.42,4.18,24,12.8,1.32
18125,Pike,IN,183217,2026-05,1330,FMR3,FY26,0.00813,ACS,1473,1480,1951,8.71,5.09,4.83,26,12.2,1.25
18127,Porter,IN,332829,2026-05,1527,ZORI,2026-05,0.00829,ACS,1560,1572,2073,5.51,2.94,2.79,15,11.3,0.78
18129,Posey,IN,237297,2026-05,794,ZORI,2026-05,0.00628,ACS,1622,1626,2144,4.02,1.78,1.56,22,22.5,0.71
18131,Pulaski,IN,188258,2026-05,1330,FMR3,FY26,0.0048,ACS,1428,1462,1928,8.48,5.29,5.02,27,12.1,0.83
18133,Putnam,IN,272327,2026-05,1050,ZORI,2026-05,0.00475,ACS,1588,1613,2127,4.63,2.5,2.31,20,16.9,0.67
18135,Randolph,IN,162187,2026-05,1261,FMR3,FY26,0.00831,ACS,1356,1383,1824,9.33,5.52,5.23,29,12.1,1.14
18137,Ripley,IN,283704,2026-05,1302,FMR3,FY26,0.00576,ACS,1460,1507,1988,5.51,3.15,2.96,19,12.7,0.58
18139,Rush,IN,217836,2026-05,1146,FMR3,FY26,0.0065,ACS,1484,1532,2021,6.31,3.53,3.28,25,14.7,1.29
18141,St. Joseph,IN,231453,2026-05,1338,ZORI,2026-05,0.00867,ACS,1307,1309,1726,6.93,3.91,3.73,18,10.8,0.91
18143,Scott,IN,204202,2026-05,1348,FMR3,FY26,0.0064,ACS,1475,1519,2003,7.92,4.74,4.48,26,12.4,1.32
18145,Shelby,IN,245339,2026-05,1276,ZORI,2026-05,0.00705,ACS,1549,1548,2042,6.24,3.47,3.27,20,13.3,0.75
18147,Spencer,IN,233992,2026-05,1330,FMR3,FY26,0.00632,ACS,1523,1576,2079,6.82,3.97,3.73,24,13.0,1.17
18149,Starke,IN,222844,2026-05,1151,FMR3,FY26,0.00603,ACS,1442,1457,1921,6.2,3.52,3.31,21,13.9,0.83
18151,Steuben,IN,316958,2026-05,977,ZORI,2026-05,0.00581,ACS,1329,1345,1774,3.7,1.85,1.71,14,15.1,0.65
18153,Sullivan,IN,160834,2026-05,1251,FMR3,FY26,0.00675,ACS,1600,1611,2125,9.33,5.52,5.19,33,14.2,1.51
18155,Switzerland,IN,255845,2026-05,1280,FMR3,FY26,0.00412,ACS,1413,1389,1832,6.0,3.66,3.49,16,11.9,1.15
18157,Tippecanoe,IN,300952,2026-05,1347,ZORI,2026-05,0.00623,ACS,1346,1351,1782,5.37,3.06,2.92,14,11.0,0.67
18159,Tipton,IN,247022,2026-05,1330,FMR3,FY26,0.00644,ACS,1483,1522,2007,6.46,3.73,3.52,21,12.6,0.74
18161,Union,IN,197753,2026-05,1220,FMR3,FY26,0.00705,ACS,1228,1258,1659,7.4,4.37,4.16,22,11.3,0.51
18163,Vanderburgh,IN,203081,2026-05,1034,ZORI,2026-05,0.00824,ACS,1439,1452,1914,6.11,3.17,2.94,23,15.4,0.89
18165,Vermillion,IN,137663,2026-05,1312,FMR3,FY26,0.00721,ACS,1483,1478,1950,11.44,7.01,6.67,34,12.4,1.28
18167,Vigo,IN,161420,2026-05,973,ZORI,2026-05,0.00895,ACS,1473,1493,1969,7.23,3.76,3.46,31,16.9,1.05
18169,Wabash,IN,192733,2026-05,1146,FMR3,FY26,0.00533,ACS,1333,1353,1784,7.14,4.27,4.04,23,13.0,0.85
18171,Warren,IN,234244,2026-05,1330,FMR3,FY26,0.00515,ACS,1456,1504,1984,6.81,4.11,3.88,23,12.4,1.29
18173,Warrick,IN,293165,2026-05,1579,ZORI,2026-05,0.00654,ACS,1588,1608,2121,6.46,3.78,3.6,18,11.2,0.62
18175,Washington,IN,220417,2026-05,1185,FMR3,FY26,0.00651,ACS,1441,1473,1943,6.45,3.66,3.43,23,13.7,1.12
18177,Wayne,IN,173895,2026-05,870,ZORI,2026-05,0.00873,ACS,1296,1307,1724,6.01,3.01,2.76,25,16.5,1.5
18179,Wells,IN,248776,2026-05,1100,ZORI,2026-05,0.00511,ACS,1330,1335,1760,5.31,3.04,2.87,17,13.3,0.73
18181,White,IN,232332,2026-05,1235,FMR3,FY26,0.00531,ACS,1357,1382,1823,6.38,3.8,3.6,20,12.3,0.83
18183,Whitley,IN,283686,2026-05,1381,FMR3,FY26,0.00698,ACS,1312,1339,1766,5.84,3.34,3.18,16,10.7,0.68
19001,Adair,IA,196750,2026-05,1201,FMR3,FY26,0.01321,ACS,1693,1755,2314,7.33,3.46,3.14,32,16.1,2.6
19003,Adams,IA,162646,2026-05,1217,FMR3,FY26,0.01265,ACS,1647,1691,2230,8.98,4.64,4.28,36,15.3,2.05
19005,Allamakee,IA,259545,2026-05,1278,FMR3,FY26,0.01223,ACS,1320,1373,1811,5.91,2.82,2.63,19,11.8,0.7
19007,Appanoose,IA,115770,2026-05,1102,FMR3,FY26,0.01253,ACS,1624,1696,2237,11.42,6.14,5.61,53,16.9,1.46
19009,Audubon,IA,156157,2026-05,1160,FMR3,FY26,0.01226,ACS,1530,1691,2230,8.91,4.66,4.21,45,16.0,1.59
19011,Benton,IA,281943,2026-05,1209,FMR3,FY26,0.01324,ACS,1533,1559,2056,5.15,2.09,1.91,19,14.2,1.09
19013,Black Hawk,IA,189011,2026-05,1043,ZORI,2026-05,0.0153,ACS,1404,1449,1911,6.62,2.83,2.56,27,15.3,0.9
19015,Boone,IA,234809,2026-05,1178,ZORI,2026-05,0.01434,ACS,1649,1677,2212,6.02,2.5,2.26,24,15.7,1.4
19017,Bremer,IA,258914,2026-05,1290,FMR3,FY26,0.01349,ACS,1596,1632,2153,5.98,2.64,2.42,22,13.9,0.93
19019,Buchanan,IA,225895,2026-05,1281,FMR3,FY26,0.01334,ACS,1519,1574,2075,6.8,3.23,2.99,25,13.5,1.71
19021,Buena Vista,IA,190636,2026-05,1240,FMR3,FY26,0.0124,ACS,1786,1826,2408,7.81,3.83,3.51,33,16.2,1.11
19023,Butler,IA,189599,2026-05,1102,FMR3,FY26,0.01379,ACS,1575,1595,2103,6.97,3.16,2.88,28,15.9,1.43
19025,Calhoun,IA,153888,2026-05,1162,FMR3,FY26,0.01316,ACS,1672,1709,2253,9.06,4.57,4.2,38,16.2,1.38
19027,Carroll,IA,211318,2026-05,1162,FMR3,FY26,0.01052,ACS,1625,1674,2207,6.6,3.26,2.98,28,15.8,0.72
19029,Cass,IA,164931,2026-05,1278,FMR3,FY26,0.01428,ACS,1496,1563,2061,9.3,4.82,4.48,34,13.4,0.96
19031,Cedar,IA,251495,2026-05,1259,FMR3,FY26,0.01218,ACS,1435,1473,1943,6.01,2.84,2.63,20,12.9,0.87
19033,Cerro Gordo,IA,203575,2026-05,898,ZORI,2026-05,0.01496,ACS,1577,1636,2157,5.29,1.8,1.52,28,20.0,1.19
19035,Cherokee,IA,163068,2026-05,1278,FMR3,FY26,0.01076,ACS,1533,1590,2097,9.4,5.23,4.88,35,13.7,0.59
19037,Chickasaw,IA,220937,2026-05,1278,FMR3,FY26,0.01097,ACS,1451,1482,1954,6.94,3.59,3.36,23,12.7,1.22
19039,Clarke,IA,196575,2026-05,1222,FMR3,FY26,0.01458,ACS,1595,1643,2168,7.46,3.48,3.18,29,14.8,1.51
19041,Clay,IA,195239,2026-05,1198,FMR3,FY26,0.01183,ACS,1533,1624,2142,7.36,3.7,3.39,31,14.9,0.54
19043,Clayton,IA,272036,2026-05,1127,FMR3,FY26,0.0138,ACS,1400,1479,1951,4.97,1.93,1.73,20,14.4,0.41
19045,Clinton,IA,177935,2026-05,840,ZORI,2026-05,0.01549,ACS,1437,1476,1947,5.66,2.0,1.72,29,19.3,1.18
19047,Crawford,IA,180843,2026-05,1212,FMR3,FY26,0.0132,ACS,1563,1623,2140,8.04,4.01,3.69,32,14.7,0.85
19049,Dallas,IA,356213,2026-05,1558,ZORI,2026-05,0.01454,ACS,1758,1793,2364,5.25,2.09,1.92,17,12.6,0.81
19051,Davis,IA,232372,2026-05,1251,FMR3,FY26,0.01518,ACS,1662,1674,2207,6.46,2.74,2.51,23,14.7,0.63
19053,Decatur,IA,158646,2026-05,1102,FMR3,FY26,0.01695,ACS,1640,1658,2187,8.34,3.69,3.34,34,16.5,2.0
19055,Delaware,IA,240395,2026-05,1102,FMR3,FY26,0.01343,ACS,1435,1456,1920,5.5,2.3,2.09,20,14.5,0.63
19057,Des Moines,IA,149889,2026-05,872,ZORI,2026-05,0.01531,ACS,1434,1460,1925,6.99,2.89,2.56,33,18.4,1.07
19059,Dickinson,IA,385323,2026-05,1314,FMR3,FY26,0.00977,ACS,1899,1933,2550,4.09,1.68,1.51,17,16.2,0.62
19061,Dubuque,IA,279470,2026-05,1123,ZORI,2026-05,0.0126,ACS,1422,1500,1978,4.82,1.94,1.74,20,14.7,0.94
19063,Emmet,IA,155186,2026-05,1222,FMR3,FY26,0.01478,ACS,1567,1566,2065,9.45,4.79,4.47,32,14.1,1.34
19065,Fayette,IA,157531,2026-05,812,ZORI,2026-05,0.01316,ACS,1505,1490,1966,6.19,2.49,2.2,29,20.2,1.09
19067,Floyd,IA,160988,2026-05,1192,FMR3,FY26,0.01391,ACS,1573,1603,2115,8.89,4.47,4.14,34,14.8,0.98
19069,Franklin,IA,156826,2026-05,1168,FMR3,FY26,0.01348,ACS,1502,1590,2097,8.94,4.58,4.2,38,15.0,1.4
19071,Fremont,IA,185936,2026-05,1278,FMR3,FY26,0.013,ACS,1826,1886,2488,8.25,4.07,3.71,36,16.2,1.11
19073,Greene,IA,177462,2026-05,1278,FMR3,FY26,0.01197,ACS,1624,1686,2223,8.64,4.54,4.2,34,14.5,2.24
19075,Grundy,IA,220614,2026-05,1357,FMR3,FY26,0.01069,ACS,1581,1627,2145,7.38,3.9,3.64,26,13.2,0.92
19077,Guthrie,IA,273109,2026-05,1794,FMR3,FY26,0.01325,ACS,1890,1909,2517,7.88,4.05,3.82,23,11.7,1.02
19079,Hamilton,IA,172517,2026-05,1192,FMR3,FY26,0.01366,ACS,1609,1623,2140,8.29,4.09,3.78,31,15.0,1.55
19081,Hancock,IA,185053,2026-05,1170,FMR3,FY26,0.01192,ACS,1597,1615,2130,7.59,3.79,3.5,29,15.2,2.28
19083,Hardin,IA,144532,2026-05,1208,FMR3,FY26,0.01427,ACS,1649,1733,2285,10.03,5.15,4.71,44,15.8,1.31
19085,Harrison,IA,225140,2026-05,1813,FMR3,FY26,0.01339,ACS,1935,1959,2584,9.66,5.24,4.95,29,11.9,1.27
19087,Henry,IA,190974,2026-05,1242,FMR3,FY26,0.01611,ACS,1482,1511,1993,7.8,3.62,3.35,27,13.4,0.89
19089,Howard,IA,203744,2026-05,1278,FMR3,FY26,0.01302,ACS,1491,1484,1957,7.53,3.76,3.53,23,12.8,0.82
19091,Humboldt,IA,165377,2026-05,1278,FMR3,FY26,0.01286,ACS,1556,1551,2045,9.27,4.91,4.62,30,13.3,0.92
19093,Ida,IA,159541,2026-05,1102,FMR3,FY26,0.01064,ACS,1566,1614,2128,8.29,4.34,3.98,35,16.1,1.64
19095,Iowa,IA,232353,2026-05,1278,FMR3,FY26,0.01349,ACS,1624,1593,2101,6.6,3.03,2.83,21,13.7,0.76
19097,Jackson,IA,238904,2026-05,1178,FMR3,FY26,0.01252,ACS,1506,1532,2021,5.92,2.67,2.46,22,14.3,1.03
19099,Jasper,IA,233695,2026-05,951,ZORI,2026-05,0.01424,ACS,1563,1608,2121,4.88,1.67,1.43,24,18.6,1.85
19101,Jefferson,IA,186379,2026-05,744,ZORI,2026-05,0.01487,ACS,1581,1609,2122,4.79,1.36,1.07,29,23.8,1.22
19103,Johnson,IA,311930,2026-05,1397,ZORI,2026-05,0.01565,ACS,1544,1600,2110,5.37,2.08,1.9,18,12.6,0.58
19105,Jones,IA,241885,2026-05,1212,FMR3,FY26,0.01298,ACS,1452,1490,1966,6.01,2.73,2.52,21,13.5,0.56
19107,Keokuk,IA,145534,2026-05,1178,FMR3,FY26,0.01329,ACS,1493,1519,2004,9.71,5.12,4.77,35,14.2,1.92
19109,Kossuth,IA,173419,2026-05,1102,FMR3,FY26,0.01064,ACS,1539,1572,2073,7.63,3.92,3.61,31,15.7,0.85
19111,Lee,IA,125369,2026-05,1270,FMR3,FY26,0.01501,ACS,1497,1533,2022,12.16,6.67,6.25,42,13.3,1.52
19113,Linn,IA,240570,2026-05,1239,ZORI,2026-05,0.01661,ACS,1483,1529,2017,6.18,2.48,2.26,22,13.6,1.01
19115,Louisa,IA,172248,2026-05,1124,FMR3,FY26,0.01273,ACS,1446,1484,1958,7.83,3.92,3.62,30,14.5,0.91
19117,Lucas,IA,178731,2026-05,1250,FMR3,FY26,0.0148,ACS,1515,1582,2086,8.39,4.13,3.81,32,13.9,1.48
19119,Lyon,IA,266791,2026-05,1102,FMR3,FY26,0.0092,ACS,1559,1539,2029,4.96,2.31,2.14,18,15.3,0.44
19121,Madison,IA,338232,2026-05,1794,FMR3,FY26,0.01554,ACS,1851,1921,2534,6.36,2.8,2.6,20,11.8,0.92
19123,Mahaska,IA,203737,2026-05,1135,FMR3,FY26,0.01388,ACS,1563,1566,2065,6.69,2.99,2.75,25,15.2,0.88
19125,Marion,IA,272985,2026-05,1013,ZORI,2026-05,0.01292,ACS,1537,1587,2093,4.45,1.57,1.37,20,17.2,1.04
19127,Marshall,IA,192653,2026-05,933,ZORI,2026-05,0.01514,ACS,1554,1600,2111,5.81,2.15,1.86,29,18.9,1.07
19129,Mills,IA,281570,2026-05,1813,FMR3,FY26,0.01458,ACS,1989,2105,2777,7.73,3.79,3.51,28,12.8,1.43
19131,Mitchell,IA,213681,2026-05,1156,FMR3,FY26,0.01156,ACS,1607,1644,2168,6.49,3.09,2.83,26,15.6,1.46
19133,Monona,IA,162206,2026-05,1145,FMR3,FY26,0.01152,ACS,1683,1766,2329,8.47,4.33,3.93,40,17.0,0.96
19135,Monroe,IA,172065,2026-05,1222,FMR3,FY26,0.01519,ACS,1454,1520,2005,8.52,4.2,3.88,32,13.7,0.77
19137,Montgomery,IA,142069,2026-05,1265,FMR3,FY26,0.01791,ACS,1708,1782,2350,10.68,5.23,4.78,45,15.5,1.0
19139,Muscatine,IA,203173,2026-05,1374,FMR3,FY26,0.01547,ACS,1486,1517,2001,8.12,3.97,3.72,25,12.1,0.96
19141,O'Brien,IA,192409,2026-05,1111,FMR3,FY26,0.00989,ACS,1556,1593,2101,6.93,3.54,3.25,28,15.8,2.18
19143,Osceola,IA,175037,2026-05,1212,FMR3,FY26,0.01052,ACS,1460,1496,1973,8.31,4.51,4.22,29,13.6,1.55
19145,Page,IA,153352,2026-05,1147,FMR3,FY26,0.01434,ACS,1655,1713,2260,8.98,4.4,4.0,39,16.4,0.97
19147,Palo Alto,IA,173766,2026-05,1222,FMR3,FY26,0.01233,ACS,1523,1542,2033,8.44,4.39,4.1,29,13.9,1.34
19149,Plymouth,IA,291359,2026-05,1287,FMR3,FY26,0.01081,ACS,1617,1681,2217,5.3,2.45,2.24,21,14.4,0.58
19151,Pocahontas,IA,106353,2026-05,1125,FMR3,FY26,0.01143,ACS,1428,1469,1937,12.69,7.29,6.81,48,14.3,1.56
19153,Polk,IA,283372,2026-05,1235,ZORI,2026-05,0.01757,ACS,1542,1577,2080,5.23,1.73,1.54,19,14.0,1.2
19155,Pottawattamie,IA,243662,2026-05,1323,ZORI,2026-05,0.01613,ACS,1810,1874,2471,6.52,2.66,2.39,27,15.6,1.17
19157,Poweshiek,IA,223009,2026-05,1303,FMR3,FY26,0.01282,ACS,1610,1615,2130,7.01,3.39,3.16,23,13.6,1.25
19159,Ringgold,IA,181121,2026-05,1125,FMR3,FY26,0.0127,ACS,1895,2023,2668,7.45,3.42,3.0,43,19.8,1.32
19161,Sac,IA,171158,2026-05,1226,FMR3,FY26,0.01028,ACS,1616,1609,2122,8.6,4.65,4.35,30,14.4,0.95
19163,Scott,IA,249709,2026-05,1039,ZORI,2026-05,0.01516,ACS,1478,1531,2019,4.99,1.74,1.52,22,16.2,1.09
19165,Shelby,IA,214890,2026-05,1278,FMR3,FY26,0.01265,ACS,1591,1668,2200,7.14,3.49,3.21,28,14.3,0.21
19167,Sioux,IA,311946,2026-05,1246,FMR3,FY26,0.01155,ACS,1439,1511,1993,4.79,2.07,1.9,18,13.3,0.58
19169,Story,IA,295500,2026-05,1067,ZORI,2026-05,0.01472,ACS,1583,1622,2139,4.33,1.33,1.14,19,16.7,1.05
19171,Tama,IA,174346,2026-05,1174,FMR3,FY26,0.0139,ACS,1554,1570,2070,8.08,3.94,3.64,30,14.7,1.03
19173,Taylor,IA,141961,2026-05,1116,FMR3,FY26,0.01211,ACS,1598,1653,2180,9.43,4.93,4.52,41,16.3,1.58
19175,Union,IA,160629,2026-05,1212,FMR3,FY26,0.01789,ACS,1779,1872,2469,9.05,4.07,3.65,43,17.0,1.53
19177,Van Buren,IA,189669,2026-05,1102,FMR3,FY26,0.01201,ACS,1557,1610,2124,6.97,3.35,3.05,30,16.1,1.62
19179,Wapello,IA,131527,2026-05,833,ZORI,2026-05,0.01642,ACS,1511,1557,2053,7.6,3.06,2.65,41,20.5,1.27
19181,Warren,IA,324169,2026-05,1166,ZORI,2026-05,0.01502,ACS,1574,1625,2143,4.32,1.34,1.16,18,15.3,0.88
19183,Washington,IA,234997,2026-05,1000,ZORI,2026-05,0.01347,ACS,1563,1595,2104,5.11,1.92,1.69,23,17.5,0.73
19185,Wayne,IA,146600,2026-05,1193,FMR3,FY26,0.01346,ACS,1619,1727,2278,9.77,5.07,4.62,45,15.9,1.35
19187,Webster,IA,141820,2026-05,811,ZORI,2026-05,0.01478,ACS,1570,1622,2139,6.87,2.7,2.3,40,22.0,1.11
19189,Winnebago,IA,155753,2026-05,1222,FMR3,FY26,0.01361,ACS,1592,1678,2213,9.41,4.87,4.47,40,15.1,1.62
19191,Winneshiek,IA,321608,2026-05,1212,FMR3,FY26,0.01165,ACS,1486,1544,2036,4.52,1.86,1.68,17,14.0,0.52
19193,Woodbury,IA,208389,2026-05,1229,ZORI,2026-05,0.01478,ACS,1609,1655,2183,7.08,3.2,2.92,28,14.8,1.1
19195,Worth,IA,194104,2026-05,1278,FMR3,FY26,0.01075,ACS,1527,1600,2110,7.9,4.22,3.92,30,13.8,1.56
19197,Wright,IA,138201,2026-05,1102,FMR3,FY26,0.01544,ACS,1537,1584,2089,9.57,4.71,4.31,40,15.8,1.16
20001,Allen,KS,115364,2026-05,1216,FMR3,FY26,0.01652,ACS,1766,1756,2316,12.65,6.56,6.08,48,15.9,0.68
20003,Anderson,KS,193629,2026-05,1146,FMR3,FY26,0.01528,ACS,2120,2025,2670,7.1,2.85,2.56,28,19.4,0.94
20005,Atchison,KS,185428,2026-05,1220,FMR3,FY26,0.01312,ACS,2114,2100,2769,7.9,3.63,3.27,35,18.9,0.56
20007,Barber,KS,90614,2026-05,1103,FMR3,FY26,0.01663,ACS,2415,2457,3240,14.61,6.92,6.01,91,24.5,1.48
20009,Barton,KS,124318,2026-05,820,ZORI,2026-05,0.01662,ACS,2495,2556,3370,7.92,2.43,1.72,70,34.2,0.96
20011,Bourbon,KS,134485,2026-05,1122,FMR3,FY26,0.0167,ACS,2136,2146,2830,10.01,4.45,3.93,52,21.0,0.69
20013,Brown,KS,157379,2026-05,1143,FMR3,FY26,0.01248,ACS,1956,1914,2524,8.72,4.22,3.86,36,18.4,0.9
20015,Butler,KS,251040,2026-05,1461,ZORI,2026-05,0.01462,ACS,2733,2765,3646,6.99,2.83,2.46,36,20.8,0.97
20017,Chase,KS,167366,2026-05,1184,FMR3,FY26,0.01595,ACS,2150,2257,2976,8.49,3.66,3.16,49,20.9,2.7
20019,Chautauqua,KS,89864,2026-05,1108,FMR3,FY26,0.01599,ACS,2390,2294,3025,14.8,7.13,6.43,71,22.8,1.89
20021,Cherokee,KS,131144,2026-05,800,ZORI,2026-05,0.01226,ACS,2099,2095,2763,7.32,2.81,2.3,51,28.8,1.31
20023,Cheyenne,KS,179524,2026-05,1052,FMR3,FY26,0.01402,ACS,2117,2110,2783,7.03,2.83,2.46,37,22.0,2.11
20025,Clark,KS,90662,2026-05,1075,FMR3,FY26,0.02054,ACS,2390,2502,3300,14.23,6.27,5.26,100,25.6,1.14
20027,Clay,KS,170021,2026-05,1253,FMR3,FY26,0.01378,ACS,1969,2018,2661,8.84,4.27,3.87,41,17.7,1.04
20029,Cloud,KS,120817,2026-05,1052,FMR3,FY26,0.01788,ACS,2009,2040,2690,10.45,4.59,4.03,56,21.3,1.67
20031,Coffey,KS,195525,2026-05,1064,FMR3,FY26,0.0116,ACS,2183,2222,2930,6.53,2.75,2.37,38,22.9,1.2
20033,Comanche,KS,96824,2026-05,1144,FMR3,FY26,0.02285,ACS,2276,2291,3021,14.18,6.28,5.51,77,22.0,0.0
20035,Cowley,KS,128339,2026-05,1139,FMR3,FY26,0.01683,ACS,2346,2352,3101,10.65,4.69,4.1,59,22.7,1.15
20037,Crawford,KS,139616,2026-05,891,ZORI,2026-05,0.01123,ACS,2054,2064,2723,7.66,3.3,2.82,48,25.5,0.99
20039,Decatur,KS,109924,2026-05,1220,FMR3,FY26,0.01794,ACS,2038,2049,2703,13.32,6.61,6.0,60,18.5,4.27
20041,Dickinson,KS,169565,2026-05,1153,FMR3,FY26,0.0143,ACS,2285,2336,3081,8.16,3.51,3.04,47,22.3,0.94
20043,Doniphan,KS,171465,2026-05,1363,FMR3,FY26,0.0116,ACS,2035,2028,2675,9.54,5.0,4.62,37,16.4,1.12
20045,Douglas,KS,340690,2026-05,1298,ZORI,2026-05,0.01246,ACS,2216,2238,2951,4.57,1.62,1.41,22,18.9,0.65
20047,Edwards,KS,87556,2026-05,1134,FMR3,FY26,0.01593,ACS,2492,2498,3295,15.54,7.53,6.61,92,24.2,0.97
20049,Elk,KS,99329,2026-05,1132,FMR3,FY26,0.01989,ACS,2433,2417,3188,13.68,6.09,5.33,76,23.5,0.65
20051,Ellis,KS,241353,2026-05,1288,FMR3,FY26,0.01223,ACS,2258,2290,3021,6.4,2.77,2.46,32,19.5,0.81
20053,Ellsworth,KS,145704,2026-05,1052,FMR3,FY26,0.01518,ACS,2106,2123,2800,8.66,3.71,3.23,48,22.2,1.65
20055,Finney,KS,238962,2026-05,1435,FMR3,FY26,0.0143,ACS,2484,2503,3301,7.21,3.08,2.74,34,19.2,0.8
20057,Ford,KS,211374,2026-05,1174,ZORI,2026-05,0.0165,ACS,2564,2612,3445,6.66,2.27,1.85,42,24.5,1.21
20059,Franklin,KS,263068,2026-05,1058,ZORI,2026-05,0.01461,ACS,2237,2263,2985,4.83,1.41,1.12,28,23.5,0.97
20061,Geary,KS,212411,2026-05,1252,ZORI,2026-05,0.01538,ACS,2197,2238,2951,7.07,2.87,2.52,35,19.6,1.19
20063,Gove,KS,146507,2026-05,1157,FMR3,FY26,0.01329,ACS,2145,2130,2809,9.48,4.5,4.05,45,20.2,1.95
20065,Graham,KS,116367,2026-05,1115,FMR3,FY26,0.01732,ACS,2259,2324,3065,11.5,5.18,4.49,69,22.9,1.37
20067,Grant,KS,156421,2026-05,1220,FMR3,FY26,0.01307,ACS,2658,2674,3526,9.36,4.2,3.65,55,24.1,1.05
20069,Gray,KS,245802,2026-05,1090,FMR3,FY26,0.01409,ACS,2836,2737,3610,5.32,1.53,1.22,31,27.6,2.28
20071,Greeley,KS,145325,2026-05,1052,FMR3,FY26,0.0191,ACS,2149,2270,2994,8.69,3.3,2.72,58,23.7,1.03
20073,Greenwood,KS,108131,2026-05,1052,FMR3,FY26,0.01646,ACS,1928,1937,2554,11.67,5.56,4.98,58,20.2,0.81
20075,Hamilton,KS,148941,2026-05,1294,FMR3,FY26,0.01571,ACS,2156,2137,2819,10.43,5.01,4.56,45,18.2,0.0
20077,Harper,KS,99680,2026-05,1093,FMR3,FY26,0.01784,ACS,2438,2460,3245,13.16,5.9,5.09,81,24.7,1.53
20079,Harvey,KS,194156,2026-05,1076,ZORI,2026-05,0.01452,ACS,2384,2400,3165,6.65,2.44,2.04,40,24.5,1.26
20081,Haskell,KS,178881,2026-05,1089,FMR3,FY26,0.01438,ACS,2536,2554,3368,7.31,2.77,2.3,47,25.8,1.47
20083,Hodgeman,KS,161969,2026-05,1220,FMR3,FY26,0.01767,ACS,2374,2475,3264,9.04,3.73,3.18,55,22.3,1.44
20085,Jackson,KS,259149,2026-05,1392,FMR3,FY26,0.0119,ACS,2168,2154,2841,6.45,2.94,2.68,26,17.0,0.91
20087,Jefferson,KS,289605,2026-05,1392,FMR3,FY26,0.01276,ACS,2236,2264,2986,5.77,2.39,2.13,26,17.9,0.61
20089,Jewell,KS,115961,2026-05,1132,FMR3,FY26,0.01968,ACS,1915,1891,2494,11.71,5.4,4.9,50,18.4,0.8
20091,Johnson,KS,465986,2026-05,1801,ZORI,2026-05,0.01153,ACS,2655,2721,3589,4.64,1.85,1.65,20,16.6,0.56
20093,Kearny,KS,192695,2026-05,1710,FMR3,FY26,0.01224,ACS,2301,2323,3064,10.65,5.78,5.39,40,14.9,0.61
20095,Kingman,KS,174438,2026-05,1220,FMR3,FY26,0.01784,ACS,2253,2335,3079,8.39,3.39,2.91,47,21.0,0.73
20097,Kiowa,KS,159987,2026-05,1088,FMR3,FY26,0.01159,ACS,2431,2470,3258,8.16,3.61,3.09,52,25.0,0.85
20099,Labette,KS,97723,2026-05,1052,FMR3,FY26,0.01628,ACS,1903,1857,2449,12.92,6.37,5.81,56,19.4,1.05
20101,Lane,KS,112049,2026-05,1277,FMR3,FY26,0.01435,ACS,2208,2181,2876,13.68,7.12,6.53,60,18.8,2.65
20103,Leavenworth,KS,349673,2026-05,1350,ZORI,2026-05,0.01203,ACS,2372,2392,3155,4.63,1.69,1.46,22,19.5,1.23
20105,Lincoln,KS,131782,2026-05,1073,FMR3,FY26,0.01546,ACS,2239,2294,3025,9.77,4.28,3.68,60,23.5,1.82
20107,Linn,KS,178912,2026-05,1769,FMR3,FY26,0.01094,ACS,2046,2062,2719,11.87,6.9,6.52,38,12.8,1.25
20109,Logan,KS,158116,2026-05,1093,FMR3,FY26,0.01816,ACS,2207,2284,3012,8.3,3.18,2.67,51,23.0,0.89
20111,Lyon,KS,190731,2026-05,814,ZORI,2026-05,0.01598,ACS,2152,2210,2914,5.12,1.22,0.82,40,29.8,1.34
20113,McPherson,KS,225352,2026-05,1004,ZORI,2026-05,0.01401,ACS,2273,2341,3088,5.35,1.71,1.35,36,25.6,0.72
20115,Marion,KS,140490,2026-05,1157,FMR3,FY26,0.01726,ACS,1947,1967,2594,9.88,4.5,4.04,46,18.7,1.43
20117,Marshall,KS,158733,2026-05,1164,FMR3,FY26,0.01279,ACS,2131,2185,2881,8.8,4.15,3.68,47,20.6,1.51
20119,Meade,KS,128958,2026-05,1078,FMR3,FY26,0.01523,ACS,2444,2512,3313,10.03,4.31,3.63,67,25.6,1.06
20121,Miami,KS,378502,2026-05,1929,ZORI,2026-05,0.01227,ACS,2426,2480,3270,6.12,2.84,2.62,22,14.1,0.94
20123,Mitchell,KS,136382,2026-05,1220,FMR3,FY26,0.01901,ACS,1955,1953,2575,10.73,4.93,4.48,45,17.6,0.71
20125,Montgomery,KS,101405,2026-05,862,ZORI,2026-05,0.01696,ACS,2239,2250,2968,10.2,3.95,3.23,72,28.7,1.34
20127,Morris,KS,194229,2026-05,1052,FMR3,FY26,0.01547,ACS,2055,2099,2768,6.5,2.4,2.03,37,21.9,0.99
20129,Morton,KS,101790,2026-05,1052,FMR3,FY26,0.02042,ACS,2151,2102,2773,12.4,5.39,4.78,61,22.0,0.71
20131,Nemaha,KS,246913,2026-05,1132,FMR3,FY26,0.00978,ACS,2012,1949,2571,5.5,2.44,2.22,23,18.9,1.19
20133,Neosho,KS,113216,2026-05,1125,FMR3,FY26,0.01483,ACS,2021,2017,2661,11.92,5.91,5.35,57,19.7,0.79
20135,Ness,KS,106054,2026-05,1163,FMR3,FY26,0.01965,ACS,2460,2431,3206,13.16,5.85,5.14,70,23.0,0.34
20137,Norton,KS,122367,2026-05,1132,FMR3,FY26,0.01491,ACS,2477,2411,3180,11.1,5.03,4.46,57,23.4,1.7
20139,Osage,KS,210508,2026-05,1392,FMR3,FY26,0.01598,ACS,2176,2232,2944,7.94,3.48,3.11,36,17.6,0.93
20141,Osborne,KS,96288,2026-05,1108,FMR3,FY26,0.01612,ACS,2065,2054,2709,13.81,6.88,6.21,67,20.4,0.81
20143,Ottawa,KS,177239,2026-05,1143,FMR3,FY26,0.01615,ACS,2600,2636,3477,7.74,2.88,2.38,49,25.3,1.83
20145,Pawnee,KS,110181,2026-05,1183,FMR3,FY26,0.01789,ACS,2344,2253,2971,12.88,6.0,5.44,57,20.9,1.09
20147,Phillips,KS,119542,2026-05,1185,FMR3,FY26,0.01697,ACS,2457,2471,3259,11.9,5.41,4.74,67,22.9,1.36
20149,Pottawatomie,KS,328112,2026-05,1543,ZORI,2026-05,0.0111,ACS,2316,2341,3088,5.64,2.53,2.29,24,16.7,0.72
20151,Pratt,KS,127552,2026-05,1157,FMR3,FY26,0.01763,ACS,2612,2602,3432,10.88,4.57,3.93,64,24.7,1.56
20153,Rawlins,KS,133998,2026-05,1141,FMR3,FY26,0.01661,ACS,1992,1987,2620,10.22,4.72,4.25,47,19.1,2.21
20155,Reno,KS,156211,2026-05,826,ZORI,2026-05,0.01744,ACS,2362,2402,3168,6.34,1.63,1.11,52,32.0,1.01
20157,Republic,KS,114751,2026-05,1200,FMR3,FY26,0.01697,ACS,2010,2018,2662,12.55,6.21,5.65,57,18.5,1.08
20159,Rice,KS,120788,2026-05,1178,FMR3,FY26,0.01551,ACS,2175,2207,2911,11.7,5.66,5.05,61,20.6,1.44
20161,Riley,KS,274923,2026-05,1222,ZORI,2026-05,0.01435,ACS,2275,2320,3059,5.33,1.85,1.56,29,20.9,1.07
20163,Rooks,KS,123766,2026-05,1052,FMR3,FY26,0.0177,ACS,2500,2664,3513,10.2,4.06,3.25,82,27.8,1.28
20165,Rush,KS,94300,2026-05,1220,FMR3,FY26,0.01897,ACS,2224,2220,2928,15.52,7.7,6.95,75,20.0,1.05
20167,Russell,KS,119237,2026-05,1062,FMR3,FY26,0.01751,ACS,2495,2494,3289,10.69,4.39,3.72,67,25.8,1.17
20169,Saline,KS,180550,2026-05,1052,ZORI,2026-05,0.01328,ACS,2220,2287,3016,6.99,2.83,2.39,44,23.9,0.83
20171,Scott,KS,187909,2026-05,1132,FMR3,FY26,0.01532,ACS,2331,2353,3103,7.23,2.79,2.38,41,22.8,1.56
20173,Sedgwick,KS,227363,2026-05,1198,ZORI,2026-05,0.0123,ACS,2687,2725,3595,6.32,2.46,2.06,40,25.0,0.78
20175,Seward,KS,145625,2026-05,1344,FMR3,FY26,0.01684,ACS,2537,2554,3369,11.08,5.1,4.53,57,20.9,0.86
20177,Shawnee,KS,205885,2026-05,1260,ZORI,2026-05,0.01467,ACS,2238,2262,2983,7.34,3.1,2.74,36,19.7,0.81
20179,Sheridan,KS,226934,2026-05,1052,FMR3,FY26,0.01534,ACS,2479,2615,3449,5.56,1.66,1.23,43,27.3,1.66
20181,Sherman,KS,152550,2026-05,1117,FMR3,FY26,0.01572,ACS,2297,2423,3196,8.79,3.69,3.1,59,23.8,0.73
20183,Smith,KS,109512,2026-05,1134,FMR3,FY26,0.01652,ACS,2402,2405,3171,12.43,5.72,5.02,70,23.3,1.24
20185,Stafford,KS,102331,2026-05,1167,FMR3,FY26,0.01556,ACS,2446,2512,3313,13.69,6.59,5.74,85,23.7,1.0
20187,Stanton,KS,152899,2026-05,1132,FMR3,FY26,0.0247,ACS,2589,2673,3526,8.88,2.68,2.06,61,26.0,0.0
20189,Stevens,KS,172690,2026-05,1100,FMR3,FY26,0.01798,ACS,2805,2773,3657,7.64,2.46,1.97,49,27.7,1.04
20191,Sumner,KS,149837,2026-05,1277,FMR3,FY26,0.01705,ACS,2433,2441,3220,10.23,4.55,4.02,53,21.0,0.95
20193,Thomas,KS,181152,2026-05,1116,FMR3,FY26,0.01321,ACS,2303,2258,2978,7.39,3.1,2.73,37,22.2,1.23
20195,Trego,KS,138350,2026-05,1052,FMR3,FY26,0.01456,ACS,2266,2232,2944,9.12,3.93,3.44,49,23.3,1.79
20197,Wabaunsee,KS,260484,2026-05,1392,FMR3,FY26,0.01274,ACS,2301,2304,3039,6.41,2.78,2.5,28,18.2,1.18
20199,Wallace,KS,146702,2026-05,1220,FMR3,FY26,0.01538,ACS,2252,2262,2984,9.98,4.61,4.11,50,20.4,0.86
20201,Washington,KS,168055,2026-05,1157,FMR3,FY26,0.01462,ACS,2050,2099,2769,8.26,3.68,3.25,43,19.9,0.85
20203,Wichita,KS,162059,2026-05,1220,FMR3,FY26,0.01468,ACS,2252,2207,2911,9.03,4.1,3.69,41,19.9,2.03
20205,Wilson,KS,105273,2026-05,1103,FMR3,FY26,0.01378,ACS,1922,1917,2529,12.57,6.48,5.9,58,19.1,1.29
20207,Woodson,KS,114259,2026-05,1194,FMR3,FY26,0.01811,ACS,1867,1923,2537,12.54,6.21,5.62,59,17.7,1.75
20209,Wyandotte,KS,211061,2026-05,1330,ZORI,2026-05,0.01467,ACS,2051,2059,2715,7.56,3.39,3.07,31,17.0,1.27
21001,Adair,KY,174454,2026-05,1204,FMR3,FY26,0.00684,ACS,1397,1432,1889,8.28,4.89,4.61,28,13.1,1.12
21003,Allen,KY,214378,2026-05,1224,FMR3,FY26,0.00551,ACS,1518,1535,2025,6.85,4.02,3.78,24,13.8,1.07
21005,Anderson,KY,265543,2026-05,1120,ZORI,2026-05,0.00796,ACS,1336,1367,1803,5.06,2.6,2.42,18,13.4,0.77
21007,Ballard,KY,132044,2026-05,1285,FMR3,FY26,0.00803,ACS,1848,1902,2509,11.68,6.79,6.29,50,16.3,1.08
21009,Barren,KY,221900,2026-05,1102,FMR3,FY26,0.00726,ACS,1524,1541,2032,5.96,3.18,2.95,23,15.4,0.64
21011,Bath,KY,181612,2026-05,1124,FMR3,FY26,0.00731,ACS,1343,1341,1768,7.43,4.25,4.01,23,13.1,0.63
21013,Bell,KY,94943,2026-05,1133,FMR3,FY26,0.00743,ACS,1235,1278,1686,14.32,8.98,8.51,48,12.4,0.97
21015,Boone,KY,350971,2026-05,1753,ZORI,2026-05,0.00898,ACS,1465,1493,1969,5.99,3.3,3.16,14,9.4,0.4
21017,Bourbon,KY,256289,2026-05,1062,ZORI,2026-05,0.00739,ACS,1301,1351,1782,4.97,2.58,2.39,19,14.0,3.26
21019,Boyd,KY,137389,2026-05,1249,FMR3,FY26,0.00976,ACS,1424,1427,1882,10.91,6.39,6.05,33,12.6,1.04
21021,Boyle,KY,244465,2026-05,1316,ZORI,2026-05,0.00853,ACS,1452,1485,1958,6.46,3.53,3.32,21,12.4,0.8
21023,Bracken,KY,204195,2026-05,1785,FMR3,FY26,0.00939,ACS,1418,1474,1943,10.49,6.44,6.19,26,9.1,0.51
21025,Breathitt,KY,96061,2026-05,1204,FMR3,FY26,0.00843,ACS,1561,1638,2161,15.04,9.11,8.49,62,15.0,0.54
21027,Breckinridge,KY,174711,2026-05,1204,FMR3,FY26,0.00605,ACS,1437,1458,1923,8.27,4.94,4.66,28,13.3,0.75
21029,Bullitt,KY,299253,2026-05,1457,ZORI,2026-05,0.00853,ACS,1502,1494,1970,5.84,3.14,2.99,16,11.3,0.58
21031,Butler,KY,192027,2026-05,1204,FMR3,FY26,0.00563,ACS,1583,1595,2104,7.52,4.41,4.13,27,14.6,0.5
21033,Caldwell,KY,151863,2026-05,1038,FMR3,FY26,0.00523,ACS,1474,1560,2057,8.2,4.82,4.44,38,16.5,1.47
21035,Calloway,KY,169409,2026-05,1184,ZORI,2026-05,0.00671,ACS,1690,1773,2339,8.39,4.79,4.41,38,16.5,0.8
21037,Campbell,KY,297656,2026-05,1543,ZORI,2026-05,0.01064,ACS,1339,1357,1789,6.22,3.28,3.13,15,9.7,0.74
21039,Carlisle,KY,139060,2026-05,1173,FMR3,FY26,0.00847,ACS,1766,1789,2360,10.12,5.68,5.25,43,16.8,1.47
21041,Carroll,KY,192231,2026-05,1168,FMR3,FY26,0.00757,ACS,1517,1546,2039,7.29,4.07,3.8,27,14.5,0.55
21043,Carter,KY,158950,2026-05,1204,FMR3,FY26,0.00493,ACS,1346,1383,1824,9.09,5.66,5.36,30,12.6,1.18
21045,Casey,KY,165542,2026-05,1038,FMR3,FY26,0.00597,ACS,1440,1453,1916,7.52,4.33,4.04,29,15.4,0.27
21047,Christian,KY,205114,2026-05,1140,ZORI,2026-05,0.00714,ACS,1602,1688,2227,6.67,3.64,3.33,30,16.3,0.74
21049,Clark,KY,256519,2026-05,1200,ZORI,2026-05,0.00732,ACS,1316,1334,1759,5.61,3.08,2.9,17,12.2,0.77
21051,Clay,KY,119643,2026-05,1176,FMR3,FY26,0.00685,ACS,1543,1575,2077,11.8,7.11,6.66,45,14.7,0.85
21053,Clinton,KY,155880,2026-05,1041,FMR3,FY26,0.0055,ACS,1312,1352,1784,8.01,4.78,4.48,30,14.3,0.73
21055,Crittenden,KY,128525,2026-05,1038,FMR3,FY26,0.00562,ACS,1570,1607,2119,9.69,5.68,5.25,43,17.0,1.1
21057,Cumberland,KY,155877,2026-05,1204,FMR3,FY26,0.00611,ACS,1420,1449,1911,9.27,5.61,5.3,31,13.2,0.73
21059,Daviess,KY,219081,2026-05,1119,ZORI,2026-05,0.00858,ACS,1469,1482,1955,6.13,3.19,2.97,22,14.6,0.7
21061,Edmonson,KY,200778,2026-05,1384,FMR3,FY26,0.00582,ACS,1653,1641,2164,8.27,4.96,4.71,25,13.0,0.9
21063,Elliott,KY,163293,2026-05,1081,FMR3,FY26,0.00689,ACS,1385,1438,1896,7.94,4.58,4.27,31,14.6,0.44
21065,Estill,KY,125285,2026-05,1120,FMR3,FY26,0.00691,ACS,1340,1391,1835,10.73,6.5,6.1,40,13.7,0.68
21067,Fayette,KY,334653,2026-05,1538,ZORI,2026-05,0.00891,ACS,1485,1499,1976,5.51,2.91,2.76,15,10.7,0.71
21069,Fleming,KY,180742,2026-05,1142,FMR3,FY26,0.00715,ACS,1223,1277,1684,7.58,4.45,4.19,26,12.3,0.43
21071,Floyd,KY,87982,2026-05,1109,FMR3,FY26,0.00747,ACS,1588,1635,2157,15.13,9.09,8.45,65,16.2,1.35
21073,Franklin,KY,247744,2026-05,1078,ZORI,2026-05,0.00841,ACS,1258,1292,1704,5.22,2.67,2.49,18,13.2,0.78
21075,Fulton,KY,96371,2026-05,1204,FMR3,FY26,0.0072,ACS,1746,1802,2376,14.99,9.01,8.36,65,16.4,0.0
21077,Gallatin,KY,222760,2026-05,1785,FMR3,FY26,0.00808,ACS,1587,1599,2109,9.62,5.88,5.65,23,9.8,1.06
21079,Garrard,KY,256103,2026-05,1156,FMR3,FY26,0.00719,ACS,1460,1475,1945,5.42,2.88,2.69,19,14.0,0.58
21081,Grant,KY,279865,2026-05,1385,FMR3,FY26,0.00722,ACS,1429,1453,1917,5.94,3.34,3.17,17,11.5,0.64
21083,Graves,KY,170807,2026-05,1204,FMR3,FY26,0.00668,ACS,1708,1791,2362,8.46,4.84,4.46,38,16.3,1.14
21085,Grayson,KY,175360,2026-05,1200,FMR3,FY26,0.0056,ACS,1547,1560,2058,8.21,4.88,4.59,29,14.3,1.22
21087,Green,KY,188983,2026-05,1142,FMR3,FY26,0.00632,ACS,1455,1454,1918,7.25,4.18,3.94,24,14.0,1.62
21089,Greenup,KY,156829,2026-05,1249,FMR3,FY26,0.00941,ACS,1291,1282,1691,9.56,5.59,5.34,26,11.3,0.96
21091,Hancock,KY,207120,2026-05,1345,FMR3,FY26,0.0068,ACS,1497,1541,2032,7.79,4.6,4.34,26,12.6,0.84
21093,Hardin,KY,250151,2026-05,1275,ZORI,2026-05,0.00705,ACS,1490,1517,2000,6.12,3.41,3.2,20,13.1,0.74
21095,Harlan,KY,78089,2026-05,1142,FMR3,FY26,0.00988,ACS,1219,1310,1727,17.55,10.96,10.31,65,12.6,1.8
21097,Harrison,KY,247538,2026-05,1204,FMR3,FY26,0.00679,ACS,1283,1347,1777,5.84,3.3,3.1,20,12.3,1.87
21099,Hart,KY,191327,2026-05,1077,FMR3,FY26,0.0075,ACS,1442,1468,1936,6.75,3.7,3.44,26,15.0,0.91
21101,Henderson,KY,205033,2026-05,1220,FMR3,FY26,0.00878,ACS,1692,1717,2265,7.14,3.79,3.52,28,15.5,0.61
21103,Henry,KY,255483,2026-05,1625,FMR3,FY26,0.00821,ACS,1549,1597,2107,7.63,4.45,4.23,22,10.8,1.19
21105,Hickman,KY,126780,2026-05,1142,FMR3,FY26,0.00819,ACS,1752,1833,2417,10.81,6.12,5.6,52,17.6,1.98
21107,Hopkins,KY,147892,2026-05,1163,FMR3,FY26,0.00821,ACS,1674,1772,2337,9.44,5.31,4.87,45,16.7,1.0
21109,Jackson,KY,122151,2026-05,1204,FMR3,FY26,0.00638,ACS,1485,1489,1964,11.83,7.25,6.86,39,13.6,0.95
21111,Jefferson,KY,269403,2026-05,1396,ZORI,2026-05,0.00853,ACS,1634,1619,2135,6.22,3.33,3.14,19,12.7,0.75
21113,Jessamine,KY,329129,2026-05,1500,ZORI,2026-05,0.00771,ACS,1460,1491,1967,5.47,3.0,2.84,15,10.9,0.66
21115,Johnson,KY,138082,2026-05,1154,FMR3,FY26,0.00645,ACS,1655,1664,2194,10.03,5.88,5.49,39,15.8,0.97
21117,Kenton,KY,291131,2026-05,1486,ZORI,2026-05,0.01004,ACS,1350,1365,1801,6.12,3.25,3.09,15,10.1,0.56
21119,Knott,KY,68008,2026-05,1038,FMR3,FY26,0.00718,ACS,1657,1688,2226,18.32,10.95,10.11,84,17.9,1.44
21121,Knox,KY,139509,2026-05,1038,FMR3,FY26,0.00735,ACS,1358,1367,1802,8.93,5.17,4.85,32,14.5,0.88
21123,Larue,KY,226288,2026-05,1469,FMR3,FY26,0.0063,ACS,1449,1472,1941,7.79,4.73,4.51,22,11.0,1.82
21125,Laurel,KY,182166,2026-05,1068,FMR3,FY26,0.00589,ACS,1485,1504,1983,7.04,4.01,3.74,27,15.5,0.57
21127,Lawrence,KY,158749,2026-05,1110,FMR3,FY26,0.00678,ACS,1553,1571,2071,8.39,4.8,4.48,33,15.5,0.54
21129,Lee,KY,141835,2026-05,1126,FMR3,FY26,0.00848,ACS,1643,1726,2276,9.53,5.33,4.88,45,16.8,2.04
21131,Leslie,KY,83567,2026-05,1204,FMR3,FY26,0.00718,ACS,1586,1688,2226,17.29,10.7,9.93,77,15.4,1.08
21133,Letcher,KY,72728,2026-05,1166,FMR3,FY26,0.00932,ACS,1398,1454,1918,19.24,11.96,11.24,71,13.7,1.69
21135,Lewis,KY,118215,2026-05,1136,FMR3,FY26,0.00648,ACS,1187,1231,1623,11.53,7.23,6.86,37,11.9,1.13
21137,Lincoln,KY,187053,2026-05,1038,FMR3,FY26,0.00732,ACS,1341,1357,1790,6.66,3.68,3.44,24,14.4,1.31
21139,Livingston,KY,149605,2026-05,1388,FMR3,FY26,0.00629,ACS,1585,1586,2092,11.13,6.88,6.55,34,12.6,1.5
21141,Logan,KY,200563,2026-05,1178,FMR3,FY26,0.00624,ACS,1588,1594,2102,7.05,4.01,3.76,26,14.9,0.98
21143,Lyon,KY,180172,2026-05,1204,FMR3,FY26,0.00553,ACS,1806,1846,2435,8.02,4.62,4.27,35,16.9,0.45
21145,McCracken,KY,192185,2026-05,1255,ZORI,2026-05,0.00734,ACS,1898,1936,2553,7.84,4.31,3.97,34,16.9,0.78
21147,McCreary,KY,104533,2026-05,1069,FMR3,FY26,0.00734,ACS,1382,1395,1840,12.27,7.39,6.96,44,14.3,1.0
21149,McLean,KY,155774,2026-05,1466,FMR3,FY26,0.00676,ACS,1460,1542,2034,11.29,7.08,6.71,37,11.6,1.18
21151,Madison,KY,287320,2026-05,1157,ZORI,2026-05,0.00739,ACS,1356,1375,1814,4.83,2.51,2.35,16,13.1,0.75
21153,Magoffin,KY,147942,2026-05,1038,FMR3,FY26,0.00728,ACS,1610,1666,2197,8.42,4.67,4.27,40,17.6,1.03
21155,Marion,KY,239771,2026-05,1093,FMR3,FY26,0.00708,ACS,1327,1355,1786,5.47,2.95,2.76,19,13.6,1.11
21157,Marshall,KY,204272,2026-05,1191,FMR3,FY26,0.00717,ACS,1822,1897,2502,7.0,3.78,3.45,33,17.5,0.8
21159,Martin,KY,110743,2026-05,1081,FMR3,FY26,0.00774,ACS,2418,2255,2974,11.71,6.06,5.56,50,22.9,1.68
21161,Mason,KY,172936,2026-05,1111,FMR3,FY26,0.00634,ACS,1121,1153,1521,7.71,4.65,4.42,23,11.4,0.8
21163,Meade,KY,283452,2026-05,1463,FMR3,FY26,0.00711,ACS,1454,1500,1978,6.19,3.55,3.36,18,11.3,0.94
21165,Menifee,KY,144908,2026-05,1110,FMR3,FY26,0.005,ACS,1352,1386,1828,9.19,5.64,5.32,33,13.7,1.02
21167,Mercer,KY,242435,2026-05,1204,FMR3,FY26,0.00819,ACS,1385,1411,1861,5.96,3.2,3.0,20,12.9,1.21
21169,Metcalfe,KY,174015,2026-05,1081,FMR3,FY26,0.00721,ACS,1363,1394,1838,7.45,4.24,3.96,27,14.2,0.66
21171,Monroe,KY,152496,2026-05,1204,FMR3,FY26,0.00767,ACS,1513,1552,2047,9.47,5.54,5.19,35,14.2,0.46
21173,Montgomery,KY,231697,2026-05,1091,ZORI,2026-05,0.00746,ACS,1310,1330,1754,5.65,3.04,2.85,19,13.4,0.64
21175,Morgan,KY,138108,2026-05,1204,FMR3,FY26,0.00757,ACS,1466,1471,1940,10.46,6.24,5.89,34,13.4,0.86
21177,Muhlenberg,KY,132697,2026-05,1038,FMR3,FY26,0.00694,ACS,1552,1643,2167,9.39,5.36,4.9,46,17.4,1.23
21179,Nelson,KY,267187,2026-05,1147,ZORI,2026-05,0.00795,ACS,1420,1451,1913,5.15,2.64,2.45,18,13.9,0.49
21181,Nicholas,KY,207483,2026-05,1204,FMR3,FY26,0.00568,ACS,1391,1422,1876,6.96,4.12,3.89,23,13.0,2.89
21183,Ohio,KY,159196,2026-05,1043,FMR3,FY26,0.00613,ACS,1481,1504,1984,7.86,4.51,4.19,32,15.9,0.96
21185,Oldham,KY,452107,2026-05,1773,ZORI,2026-05,0.00921,ACS,2042,2075,2736,4.71,2.25,2.1,15,12.9,0.55
21187,Owen,KY,181409,2026-05,1329,FMR3,FY26,0.00746,ACS,1517,1578,2081,8.79,5.19,4.88,31,13.0,0.27
21189,Owsley,KY,140765,2026-05,1115,FMR3,FY26,0.00703,ACS,1732,1749,2306,9.51,5.39,4.98,41,17.2,0.0
21191,Pendleton,KY,241843,2026-05,1785,FMR3,FY26,0.00775,ACS,1358,1394,1838,8.86,5.48,5.29,20,8.6,0.91
21193,Perry,KY,100297,2026-05,1150,FMR3,FY26,0.00729,ACS,1567,1662,2192,13.76,8.3,7.68,62,15.9,0.41
21195,Pike,KY,101219,2026-05,1171,FMR3,FY26,0.00727,ACS,1567,1605,2117,13.88,8.41,7.87,54,15.1,1.44
21197,Powell,KY,151696,2026-05,1204,FMR3,FY26,0.00582,ACS,1353,1390,1833,9.52,5.86,5.54,32,12.7,0.99
21199,Pulaski,KY,183896,2026-05,1277,ZORI,2026-05,0.00646,ACS,1452,1483,1956,8.33,4.98,4.71,27,12.8,0.77
21201,Robertson,KY,206708,2026-05,1081,FMR3,FY26,0.00671,ACS,1287,1311,1729,6.28,3.54,3.32,21,13.3,0.96
21203,Rockcastle,KY,152156,2026-05,1126,FMR3,FY26,0.00481,ACS,1392,1376,1815,8.88,5.44,5.16,28,13.4,0.58
21205,Rowan,KY,188384,2026-05,1202,ZORI,2026-05,0.00553,ACS,1226,1283,1692,7.66,4.69,4.44,25,11.7,0.69
21207,Russell,KY,155965,2026-05,1038,FMR3,FY26,0.00588,ACS,1366,1386,1828,7.99,4.69,4.39,30,14.7,0.48
21209,Scott,KY,343403,2026-05,1560,ZORI,2026-05,0.00681,ACS,1416,1445,1906,5.45,3.1,2.96,14,10.2,0.59
21211,Shelby,KY,328713,2026-05,1562,ZORI,2026-05,0.0081,ACS,1630,1691,2231,5.7,3.09,2.9,18,11.9,0.83
21213,Simpson,KY,255573,2026-05,1353,ZORI,2026-05,0.00637,ACS,1469,1505,1985,6.35,3.68,3.48,20,12.2,1.06
21215,Spencer,KY,378789,2026-05,1625,FMR3,FY26,0.00712,ACS,1581,1598,2108,5.15,2.83,2.7,14,10.8,0.36
21217,Taylor,KY,212573,2026-05,1204,FMR3,FY26,0.00717,ACS,1292,1307,1723,6.8,3.91,3.71,20,11.9,0.77
21219,Todd,KY,218746,2026-05,1151,FMR3,FY26,0.00553,ACS,1385,1480,1951,6.31,3.68,3.42,26,14.1,1.12
21221,Trigg,KY,156888,2026-05,1871,FMR3,FY26,0.00555,ACS,1650,1727,2277,14.31,9.41,9.01,40,10.1,0.64
21223,Trimble,KY,249559,2026-05,1320,FMR3,FY26,0.0068,ACS,1635,1644,2169,6.35,3.55,3.34,21,13.7,1.35
21225,Union,KY,140718,2026-05,1092,FMR3,FY26,0.00787,ACS,1679,1716,2264,9.31,5.19,4.77,42,17.3,0.63
21227,Warren,KY,294094,2026-05,1283,ZORI,2026-05,0.00642,ACS,1595,1635,2156,5.24,2.85,2.66,19,14.0,0.76
21229,Washington,KY,256909,2026-05,1226,FMR3,FY26,0.00716,ACS,1509,1548,2042,5.73,3.11,2.9,21,13.9,1.44
21231,Wayne,KY,170201,2026-05,1204,FMR3,FY26,0.00578,ACS,1435,1438,1896,8.49,5.12,4.84,27,13.1,0.58
21233,Webster,KY,145096,2026-05,1115,FMR3,FY26,0.00985,ACS,1783,1834,2419,9.22,4.89,4.45,44,18.1,1.1
21235,Whitley,KY,148725,2026-05,1038,FMR3,FY26,0.00657,ACS,1401,1424,1878,8.38,4.85,4.53,32,15.1,0.65
21237,Wolfe,KY,228422,2026-05,1081,FMR3,FY26,0.00589,ACS,1543,1749,2306,5.68,3.11,2.77,33,17.8,0.99
21239,Woodford,KY,357721,2026-05,1788,ZORI,2026-05,0.00741,ACS,1488,1532,2021,6.0,3.46,3.31,15,9.4,0.77
22001,Acadia,LA,156514,2026-05,1055,FMR3,FY26,0.00304,ACS,2352,2403,3169,8.09,4.42,3.9,52,25.0,1.18
22003,Allen,LA,119006,2026-05,1048,FMR3,FY26,0.0018,ACS,2164,2165,2856,10.57,6.14,5.56,58,22.7,0.91
22005,Ascension,LA,305941,2026-05,1720,ZORI,2026-05,0.00535,ACS,2483,2508,3308,6.75,3.85,3.58,27,16.0,2.0
22007,Assumption,LA,178317,2026-05,1345,FMR3,FY26,0.00431,ACS,2692,2773,3657,9.05,5.03,4.49,54,22.7,2.61
22009,Avoyelles,LA,126659,2026-05,1087,FMR3,FY26,0.00203,ACS,1916,2004,2643,10.3,6.21,5.64,57,20.3,0.83
22011,Beauregard,LA,194969,2026-05,1178,ZORI,2026-05,0.00331,ACS,2078,2171,2863,7.25,4.19,3.79,40,20.2,0.74
22013,Bienville,LA,111766,2026-05,1160,FMR3,FY26,0.00319,ACS,1710,1769,2333,12.45,7.74,7.18,56,16.8,0.94
22015,Bossier,LA,243918,2026-05,1498,ZORI,2026-05,0.00642,ACS,1803,1838,2424,7.37,4.29,4.04,25,13.5,0.88
22017,Caddo,LA,155220,2026-05,1123,ZORI,2026-05,0.00615,ACS,1839,1899,2505,8.68,4.89,4.46,43,18.6,1.17
22019,Calcasieu,LA,201335,2026-05,1202,ZORI,2026-05,0.00444,ACS,2681,2760,3640,7.16,3.74,3.26,48,25.2,1.08
22021,Caldwell,LA,133020,2026-05,1072,FMR3,FY26,0.00322,ACS,1838,1841,2427,9.67,5.74,5.3,44,18.9,0.75
22023,Cameron,LA,237601,2026-05,1459,FMR3,FY26,0.00444,ACS,3815,4093,5398,7.37,3.62,2.96,67,30.8,1.13
22025,Catahoula,LA,119006,2026-05,1139,FMR3,FY26,0.00292,ACS,1860,1920,2532,11.49,6.99,6.42,56,18.5,1.1
22027,Claiborne,LA,100391,2026-05,1000,FMR3,FY26,0.00369,ACS,1657,1663,2194,11.95,7.18,6.65,53,18.3,1.98
22029,Concordia,LA,120942,2026-05,1139,FMR3,FY26,0.00384,ACS,1790,1824,2406,11.3,6.84,6.33,51,17.6,1.23
22031,De Soto,LA,203001,2026-05,1458,FMR3,FY26,0.0031,ACS,1802,1838,2424,8.62,5.44,5.13,31,13.9,0.64
22033,East Baton Rouge,LA,235619,2026-05,1378,ZORI,2026-05,0.0064,ACS,2456,2524,3329,7.02,3.72,3.35,37,20.1,1.84
22035,East Carroll,LA,63828,2026-05,1139,FMR3,FY26,0.00287,ACS,1933,2113,2786,21.41,13.17,11.84,134,20.4,0.99
22037,East Feliciana,LA,222834,2026-05,1511,FMR3,FY26,0.00153,ACS,2410,2500,3297,8.14,5.03,4.63,40,18.2,0.71
22039,Evangeline,LA,102561,2026-05,1085,FMR3,FY26,0.00273,ACS,1983,2048,2701,12.69,7.57,6.87,70,20.7,0.64
22041,Franklin,LA,116966,2026-05,1067,FMR3,FY26,0.00323,ACS,1889,2015,2658,10.95,6.49,5.83,66,20.8,1.02
22043,Grant,LA,163706,2026-05,1342,FMR3,FY26,0.00636,ACS,1760,1797,2370,9.84,5.86,5.49,37,14.7,0.48
22045,Iberia,LA,144364,2026-05,1361,ZORI,2026-05,0.00351,ACS,2559,2669,3520,11.32,6.59,5.92,67,21.5,1.26
22047,Iberville,LA,177153,2026-05,1204,FMR3,FY26,0.00328,ACS,2547,2575,3396,8.16,4.51,4.03,48,23.5,1.14
22049,Jackson,LA,119089,2026-05,1160,FMR3,FY26,0.0033,ACS,1855,1973,2602,11.69,7.11,6.49,63,18.7,0.74
22051,Jefferson,LA,269193,2026-05,1516,ZORI,2026-05,0.0052,ACS,3436,3609,4760,6.76,3.41,2.91,49,26.2,3.61
22053,Jefferson Davis,LA,150023,2026-05,1201,FMR3,FY26,0.00282,ACS,2500,2640,3481,9.61,5.45,4.79,65,24.2,0.85
22055,Lafayette,LA,238610,2026-05,1373,ZORI,2026-05,0.00567,ACS,2442,2409,3177,6.9,3.73,3.42,31,19.3,1.19
22057,Lafourche,LA,190643,2026-05,1358,ZORI,2026-05,0.00498,ACS,3045,3255,4293,8.55,4.49,3.83,65,26.3,3.64
22059,LaSalle,LA,145878,2026-05,1073,FMR3,FY26,0.00421,ACS,1762,1791,2362,8.83,5.17,4.76,41,18.3,0.47
22061,Lincoln,LA,224317,2026-05,1328,ZORI,2026-05,0.00499,ACS,1924,2004,2643,7.1,4.11,3.79,32,16.6,0.79
22063,Livingston,LA,254221,2026-05,1473,ZORI,2026-05,0.00493,ACS,2359,2420,3192,6.95,3.93,3.61,33,18.1,1.62
22065,Madison,LA,80225,2026-05,1100,FMR3,FY26,0.0023,ACS,1904,2014,2656,16.45,10.07,9.13,94,20.1,1.66
22067,Morehouse,LA,98604,2026-05,1143,FMR3,FY26,0.0043,ACS,1852,2084,2748,13.91,8.4,7.49,91,20.0,0.87
22069,Natchitoches,LA,176764,2026-05,1146,FMR3,FY26,0.0047,ACS,1901,1978,2609,7.78,4.45,4.04,40,19.0,1.12
22071,Orleans,LA,246507,2026-05,1689,ZORI,2026-05,0.00819,ACS,4656,4603,6071,8.22,3.62,3.05,57,29.9,3.78
22073,Ouachita,LA,182006,2026-05,1235,ZORI,2026-05,0.00555,ACS,1953,2125,2802,8.14,4.64,4.17,47,18.9,1.0
22075,Plaquemines,LA,281087,2026-05,1675,ZORI,2026-05,0.00462,ACS,4178,4353,5740,7.15,3.56,3.0,56,28.6,4.39
22077,Pointe Coupee,LA,187286,2026-05,1511,FMR3,FY26,0.00281,ACS,2443,2467,3254,9.68,5.87,5.44,43,17.9,1.12
22079,Rapides,LA,172639,2026-05,1188,ZORI,2026-05,0.00572,ACS,1835,1876,2474,8.26,4.72,4.35,37,17.4,0.86
22081,Red River,LA,153009,2026-05,1073,FMR3,FY26,0.00538,ACS,1846,1896,2501,8.42,4.74,4.31,43,19.4,0.58
22083,Richland,LA,172099,2026-05,1132,FMR3,FY26,0.00352,ACS,1984,2153,2839,7.89,4.57,4.08,50,20.9,0.66
22085,Sabine,LA,200780,2026-05,1065,FMR3,FY26,0.00383,ACS,1736,1753,2313,6.37,3.65,3.37,29,18.1,0.56
22087,St. Bernard,LA,208026,2026-05,1560,ZORI,2026-05,0.00508,ACS,3062,3018,3980,9.0,4.95,4.51,44,21.3,5.36
22089,St. Charles,LA,268740,2026-05,1486,ZORI,2026-05,0.00574,ACS,3019,3233,4264,6.64,3.41,2.95,46,23.9,3.58
22091,St. Helena,LA,178395,2026-05,1511,FMR3,FY26,0.00421,ACS,2377,2471,3259,10.16,6.07,5.58,49,18.0,0.4
22093,St. James,LA,211852,2026-05,1281,FMR3,FY26,0.00527,ACS,2840,2921,3853,7.26,3.72,3.24,48,25.1,2.22
22095,St. John the Baptist,LA,197184,2026-05,1647,ZORI,2026-05,0.00451,ACS,2883,2973,3921,10.02,5.81,5.28,53,19.8,3.86
22097,St. Landry,LA,133551,2026-05,1012,ZORI,2026-05,0.00297,ACS,2134,2220,2928,9.1,5.11,4.52,59,24.1,0.8
22099,St. Martin,LA,175895,2026-05,1301,FMR3,FY26,0.00404,ACS,2336,2383,3143,8.88,5.1,4.64,46,20.1,1.07
22101,St. Mary,LA,117133,2026-05,1244,FMR3,FY26,0.00402,ACS,3188,3259,4298,12.74,6.69,5.74,95,28.8,2.87
22103,St. Tammany,LA,286357,2026-05,1524,ZORI,2026-05,0.00737,ACS,3099,3137,4137,6.39,3.1,2.74,36,22.6,1.94
22105,Tangipahoa,LA,225251,2026-05,1354,ZORI,2026-05,0.00434,ACS,2480,2551,3365,7.21,4.02,3.62,39,20.7,2.4
22107,Tensas,LA,124552,2026-05,1160,FMR3,FY26,0.00289,ACS,2262,2507,3306,11.18,6.5,5.66,84,23.8,1.37
22109,Terrebonne,LA,182695,2026-05,1303,ZORI,2026-05,0.00451,ACS,2849,3144,4147,8.56,4.58,3.87,71,26.5,3.39
22111,Union,LA,165607,2026-05,1319,FMR3,FY26,0.00407,ACS,1774,1872,2469,9.56,5.88,5.46,42,15.6,0.69
22113,Vermilion,LA,161498,2026-05,1100,FMR3,FY26,0.00337,ACS,2581,2687,3544,8.17,4.36,3.76,60,26.8,4.36
22115,Vernon,LA,162266,2026-05,1152,ZORI,2026-05,0.00541,ACS,1888,1899,2505,8.52,4.86,4.48,38,18.1,0.76
22117,Washington,LA,137498,2026-05,1160,FMR3,FY26,0.0035,ACS,2390,2459,3243,10.12,5.71,5.09,62,23.3,1.21
22119,Webster,LA,120915,2026-05,967,ZORI,2026-05,0.00381,ACS,1671,1730,2282,9.59,5.62,5.12,51,19.7,1.08
22121,West Baton Rouge,LA,250471,2026-05,1361,ZORI,2026-05,0.00591,ACS,2292,2344,3091,6.52,3.51,3.19,32,18.9,1.72
22123,West Carroll,LA,130750,2026-05,1088,FMR3,FY26,0.00204,ACS,1729,1821,2401,9.99,6.16,5.65,51,18.4,0.9
22125,West Feliciana,LA,377999,2026-05,1511,FMR3,FY26,0.00516,ACS,2611,2643,3485,4.8,2.49,2.26,23,19.2,0.88
22127,Winn,LA,111904,2026-05,1160,FMR3,FY26,0.00315,ACS,2022,2015,2657,12.44,7.46,6.89,57,19.1,1.66
23001,Androscoggin,ME,333847,2026-05,1550,ZORI,2026-05,0.01256,ACS,1074,1104,1456,5.57,2.71,2.6,11,7.8,0.67
23003,Aroostook,ME,167058,2026-05,1122,ZORI,2026-05,0.01223,ACS,1010,1034,1364,8.06,4.38,4.17,21,10.1,0.95
23005,Cumberland,ME,564926,2026-05,2429,ZORI,2026-05,0.01113,ACS,1358,1375,1814,5.16,2.62,2.54,8,6.2,0.57
23007,Franklin,ME,293175,2026-05,1750,FMR3,FY26,0.01074,ACS,1116,1143,1508,7.16,4.06,3.93,13,7.2,0.57
23009,Hancock,ME,418223,2026-05,1538,ZORI,2026-05,0.00878,ACS,1699,1719,2267,4.41,2.11,1.98,14,12.3,0.56
23011,Kennebec,ME,320059,2026-05,1494,ZORI,2026-05,0.01141,ACS,1109,1137,1500,5.6,2.82,2.7,12,8.4,0.54
23013,Knox,ME,443974,2026-05,1893,ZORI,2026-05,0.01253,ACS,1434,1440,1899,5.12,2.36,2.26,10,8.4,0.5
23015,Lincoln,ME,444919,2026-05,1936,FMR3,FY26,0.00931,ACS,1464,1458,1923,5.22,2.76,2.66,10,8.3,0.43
23017,Oxford,ME,324746,2026-05,1472,ZORI,2026-05,0.01094,ACS,1197,1216,1604,5.44,2.73,2.6,13,9.1,0.76
23019,Penobscot,ME,280732,2026-05,1552,ZORI,2026-05,0.01256,ACS,1034,1056,1393,6.63,3.48,3.36,13,7.5,0.54
23021,Piscataquis,ME,229221,2026-05,1701,FMR3,FY26,0.0097,ACS,1100,1125,1484,8.9,5.41,5.24,17,7.3,0.72
23023,Sagadahoc,ME,435353,2026-05,1916,ZORI,2026-05,0.01121,ACS,1224,1248,1646,5.28,2.66,2.57,10,7.2,0.57
23025,Somerset,ME,233592,2026-05,1392,ZORI,2026-05,0.01159,ACS,1076,1111,1465,7.15,3.89,3.72,17,8.8,0.56
23027,Waldo,ME,344524,2026-05,1865,FMR3,FY26,0.01084,ACS,1239,1265,1668,6.5,3.56,3.43,12,7.5,0.6
23029,Washington,ME,199474,2026-05,1739,FMR3,FY26,0.01124,ACS,1133,1150,1517,10.46,6.36,6.17,19,7.3,0.87
23031,York,ME,530603,2026-05,2070,ZORI,2026-05,0.01033,ACS,1226,1246,1643,4.68,2.34,2.26,8,6.6,0.59
24001,Allegany,MD,157269,2026-05,1035,ZORI,2026-05,0.01078,ACS,1039,1051,1386,7.9,4.34,4.12,22,11.2,0.81
24003,Anne Arundel,MD,512669,2026-05,2337,ZORI,2026-05,0.00852,ACS,1580,1621,2138,5.47,3.05,2.94,11,7.6,0.51
24005,Baltimore,MD,365503,2026-05,1726,ZORI,2026-05,0.01105,ACS,1636,1672,2205,5.67,2.81,2.66,16,10.6,0.66
24009,Calvert,MD,487784,2026-05,2548,ZORI,2026-05,0.00876,ACS,1808,1846,2434,6.27,3.58,3.45,13,8.0,0.62
24011,Caroline,MD,331804,2026-05,1642,FMR3,FY26,0.00923,ACS,1244,1268,1672,5.94,3.28,3.15,13,8.5,0.54
24013,Carroll,MD,498109,2026-05,1836,ZORI,2026-05,0.00944,ACS,1347,1382,1823,4.42,2.19,2.1,10,8.3,0.68
24015,Cecil,MD,384991,2026-05,1839,ZORI,2026-05,0.00981,ACS,1375,1385,1826,5.73,3.08,2.96,12,8.3,0.61
24017,Charles,MD,453106,2026-05,2416,ZORI,2026-05,0.01039,ACS,1611,1662,2193,6.4,3.53,3.4,13,7.6,0.6
24019,Dorchester,MD,275575,2026-05,1591,FMR3,FY26,0.00951,ACS,1370,1385,1827,6.93,3.89,3.72,17,9.6,0.51
24021,Frederick,MD,506702,2026-05,2167,ZORI,2026-05,0.0102,ACS,1305,1349,1779,5.13,2.67,2.58,9,6.8,0.43
24023,Garrett,MD,338742,2026-05,1353,FMR3,FY26,0.00826,ACS,1280,1299,1713,4.79,2.49,2.36,13,10.6,0.74
24025,Harford,MD,422893,2026-05,1914,ZORI,2026-05,0.00932,ACS,1408,1445,1906,5.43,2.92,2.8,12,8.3,0.62
24027,Howard,MD,641049,2026-05,2342,ZORI,2026-05,0.01182,ACS,1691,1750,2308,4.38,1.93,1.83,10,8.2,0.45
24029,Kent,MD,388079,2026-05,1735,ZORI,2026-05,0.00943,ACS,1584,1584,2089,5.36,2.78,2.65,13,10.0,0.58
24031,Montgomery,MD,625703,2026-05,2331,ZORI,2026-05,0.00868,ACS,1694,1746,2303,4.47,2.3,2.21,10,8.2,0.59
24033,Prince George's,MD,431166,2026-05,1961,ZORI,2026-05,0.01153,ACS,1587,1632,2152,5.46,2.68,2.55,13,9.1,0.79
24035,Queen Anne's,MD,530151,2026-05,2462,ZORI,2026-05,0.00793,ACS,1609,1636,2157,5.57,3.2,3.09,10,7.3,1.45
24037,St. Mary's,MD,436812,2026-05,1832,ZORI,2026-05,0.00868,ACS,1676,1717,2264,5.03,2.62,2.49,13,10.3,0.66
24039,Somerset,MD,210368,2026-05,1346,ZORI,2026-05,0.00976,ACS,1292,1303,1719,7.68,4.32,4.12,20,10.6,0.36
24041,Talbot,MD,496931,2026-05,2303,ZORI,2026-05,0.00659,ACS,2353,2405,3172,5.56,3.15,2.98,16,11.5,0.74
24043,Washington,MD,331443,2026-05,1431,ZORI,2026-05,0.00886,ACS,1168,1199,1582,5.18,2.75,2.63,12,9.2,0.62
24045,Wicomico,MD,276374,2026-05,1616,ZORI,2026-05,0.00887,ACS,1304,1313,1731,7.02,4.04,3.89,15,8.9,0.44
24047,Worcester,MD,425415,2026-05,2322,ZORI,2026-05,0.00755,ACS,1636,1620,2137,6.55,3.9,3.79,12,7.7,0.96
24510,Baltimore city,MD,188420,2026-05,1790,ZORI,2026-05,0.01476,ACS,1575,1620,2137,11.4,6.47,6.17,30,9.9,0.89
25001,Barnstable,MA,764673,2026-05,2815,ZORI,2026-05,0.0071,ACS,3749,3776,4979,4.42,2.2,2.04,16,14.7,6.39
25003,Berkshire,MA,391804,2026-05,1670,ZORI,2026-05,0.01371,ACS,1817,1817,2396,5.11,2.1,1.96,15,12.0,0.87
25005,Bristol,MA,550471,2026-05,2027,ZORI,2026-05,0.01111,ACS,1929,1940,2559,4.42,1.94,1.83,11,10.5,1.01
25007,Dukes,MA,1554677,2026-05,2980,FMR3,FY26,0.00498,ACS,8818,8736,11521,2.3,0.71,0.53,17,32.2,11.6
25009,Essex,MA,730378,2026-05,2603,ZORI,2026-05,0.01073,ACS,2168,2166,2857,4.28,1.92,1.83,9,9.1,1.56
25011,Franklin,MA,372655,2026-05,1776,ZORI,2026-05,0.01515,ACS,1454,1444,1905,5.72,2.5,2.38,12,8.9,0.7
25013,Hampden,MA,353803,2026-05,1754,ZORI,2026-05,0.01568,ACS,1505,1524,2010,5.95,2.59,2.44,14,9.6,0.86
25015,Hampshire,MA,454987,2026-05,2354,ZORI,2026-05,0.01466,ACS,1442,1446,1907,6.21,3.0,2.9,10,6.7,0.68
25017,Middlesex,MA,830629,2026-05,3272,ZORI,2026-05,0.01054,ACS,2070,2072,2733,4.73,2.34,2.26,8,7.0,0.72
25019,Nantucket,MA,3087903,2026-05,4143,FMR3,FY26,0.00215,ACS,16018,15886,20951,1.61,0.51,0.35,16,42.1,7.3
25021,Norfolk,MA,782693,2026-05,2983,ZORI,2026-05,0.0109,ACS,2230,2229,2940,4.57,2.15,2.06,9,8.2,0.93
25023,Plymouth,MA,654921,2026-05,2708,ZORI,2026-05,0.01237,ACS,2231,2245,2961,4.96,2.24,2.13,11,9.1,1.63
25025,Suffolk,MA,760214,2026-05,3397,ZORI,2026-05,0.00666,ACS,2740,2749,3626,5.36,3.1,2.99,12,8.9,1.4
25027,Worcester,MA,502197,2026-05,2195,ZORI,2026-05,0.01333,ACS,1675,1689,2227,5.24,2.37,2.26,11,8.5,0.91
26001,Alcona,MI,192741,2026-05,1333,FMR3,FY26,0.00839,ACS,955,957,1262,8.3,5.06,4.9,16,7.9,1.04
26003,Alger,MI,221628,2026-05,1285,FMR3,FY26,0.00997,ACS,931,923,1217,6.96,3.94,3.81,13,7.9,1.54
26005,Allegan,MI,350098,2026-05,1838,ZORI,2026-05,0.01133,ACS,1122,1123,1481,6.3,3.4,3.29,10,6.7,0.5
26007,Alpena,MI,192702,2026-05,1212,FMR3,FY26,0.01129,ACS,989,992,1308,7.55,4.17,4.0,17,9.0,0.66
26009,Antrim,MI,351772,2026-05,1393,FMR3,FY26,0.00914,ACS,1158,1180,1556,4.75,2.42,2.3,11,9.3,0.56
26011,Arenac,MI,161959,2026-05,1353,FMR3,FY26,0.01299,ACS,1027,1026,1353,10.02,5.79,5.58,20,8.3,1.02
26013,Baraga,MI,168270,2026-05,1167,FMR3,FY26,0.01339,ACS,903,924,1218,8.32,4.53,4.35,19,8.7,1.71
26015,Barry,MI,299931,2026-05,1735,FMR3,FY26,0.0111,ACS,1209,1210,1596,6.94,3.83,3.7,13,7.7,0.48
26017,Bay,MI,186609,2026-05,1165,ZORI,2026-05,0.01632,ACS,1009,1017,1342,7.49,3.6,3.42,18,9.6,0.75
26019,Benzie,MI,412363,2026-05,1586,FMR3,FY26,0.00833,ACS,1052,1071,1413,4.62,2.47,2.38,9,7.4,0.47
26021,Berrien,MI,282500,2026-05,1355,ZORI,2026-05,0.01115,ACS,1379,1378,1817,5.76,2.83,2.67,16,11.2,0.59
26023,Branch,MI,208940,2026-05,1324,FMR3,FY26,0.01229,ACS,1161,1176,1550,7.6,4.07,3.88,19,9.8,0.83
26025,Calhoun,MI,189721,2026-05,1152,ZORI,2026-05,0.01498,ACS,1234,1227,1619,7.29,3.46,3.26,20,11.7,0.84
26027,Cass,MI,270399,2026-05,1300,ZORI,2026-05,0.00961,ACS,1365,1384,1826,5.77,2.98,2.81,17,11.7,0.67
26029,Charlevoix,MI,412090,2026-05,1445,FMR3,FY26,0.00992,ACS,1360,1369,1805,4.21,1.92,1.81,11,10.4,0.73
26031,Cheboygan,MI,245644,2026-05,1264,FMR3,FY26,0.00928,ACS,1116,1120,1477,6.17,3.37,3.23,15,9.7,0.6
26033,Chippewa,MI,202561,2026-05,1278,FMR3,FY26,0.01288,ACS,1002,997,1315,7.57,4.05,3.89,15,8.6,0.75
26035,Clare,MI,164040,2026-05,1189,FMR3,FY26,0.01181,ACS,1005,1006,1327,8.7,4.9,4.71,20,9.3,0.65
26037,Clinton,MI,316533,2026-05,1953,ZORI,2026-05,0.01251,ACS,1102,1119,1476,7.4,4.1,3.98,12,6.3,0.56
26039,Crawford,MI,178222,2026-05,1245,FMR3,FY26,0.01093,ACS,1012,1012,1334,8.38,4.79,4.61,18,8.9,0.69
26041,Delta,MI,201999,2026-05,1288,FMR3,FY26,0.01129,ACS,926,943,1244,7.65,4.3,4.15,16,8.0,1.27
26043,Dickinson,MI,182220,2026-05,1182,FMR3,FY26,0.01471,ACS,918,932,1229,7.78,4.02,3.85,17,8.7,0.97
26045,Eaton,MI,262642,2026-05,1363,ZORI,2026-05,0.01415,ACS,1172,1176,1551,6.23,2.94,2.79,14,9.5,0.49
26047,Emmet,MI,442024,2026-05,1519,ZORI,2026-05,0.00905,ACS,1347,1345,1774,4.12,1.96,1.87,10,9.7,0.79
26049,Genesee,MI,197853,2026-05,1096,ZORI,2026-05,0.01398,ACS,1384,1391,1834,6.65,3.02,2.79,23,13.9,0.83
26051,Gladwin,MI,190768,2026-05,1353,FMR3,FY26,0.01183,ACS,1039,1060,1397,8.51,4.83,4.64,19,8.6,0.83
26053,Gogebic,MI,129417,2026-05,1353,FMR3,FY26,0.01492,ACS,1050,1060,1398,12.55,7.36,7.09,27,8.6,1.82
26055,Grand Traverse,MI,418993,2026-05,1902,ZORI,2026-05,0.00979,ACS,1072,1084,1430,5.45,2.96,2.87,9,6.3,0.37
26057,Gratiot,MI,184536,2026-05,1304,FMR3,FY26,0.01271,ACS,1158,1151,1518,8.48,4.63,4.44,20,9.7,0.65
26059,Hillsdale,MI,212189,2026-05,1252,FMR3,FY26,0.00964,ACS,1189,1188,1567,7.08,3.93,3.75,18,10.4,0.84
26061,Houghton,MI,192456,2026-05,1733,ZORI,2026-05,0.01269,ACS,963,946,1248,10.8,6.55,6.4,15,6.0,1.01
26063,Huron,MI,198226,2026-05,1197,FMR3,FY26,0.01241,ACS,1001,1014,1337,7.25,3.83,3.66,17,9.3,0.73
26065,Ingham,MI,229189,2026-05,1248,ZORI,2026-05,0.0186,ACS,1175,1184,1562,6.53,2.66,2.49,17,10.4,0.56
26067,Ionia,MI,266598,2026-05,1284,ZORI,2026-05,0.01167,ACS,1123,1120,1477,5.78,2.86,2.73,13,9.6,0.87
26069,Iosco,MI,171439,2026-05,1348,FMR3,FY26,0.01061,ACS,937,938,1237,9.44,5.66,5.48,17,7.6,0.98
26071,Iron,MI,150700,2026-05,1281,FMR3,FY26,0.01437,ACS,916,913,1204,10.2,5.81,5.62,19,7.8,1.6
26073,Isabella,MI,231005,2026-05,1023,ZORI,2026-05,0.0132,ACS,1128,1134,1495,5.31,2.28,2.12,16,12.2,0.71
26075,Jackson,MI,227266,2026-05,1134,ZORI,2026-05,0.01286,ACS,1216,1218,1606,5.99,2.79,2.62,17,11.8,0.68
26077,Kalamazoo,MI,279788,2026-05,1298,ZORI,2026-05,0.01485,ACS,1175,1182,1559,5.57,2.38,2.25,14,10.0,0.44
26079,Kalkaska,MI,228626,2026-05,1286,FMR3,FY26,0.00886,ACS,1019,1035,1364,6.75,3.87,3.71,15,8.8,0.48
26081,Kent,MI,360476,2026-05,1617,ZORI,2026-05,0.0114,ACS,1093,1101,1452,5.38,2.7,2.6,10,7.5,0.44
26083,Keweenaw,MI,216981,2026-05,1242,FMR3,FY26,0.00939,ACS,1023,992,1309,6.87,3.88,3.75,13,8.8,1.17
26085,Lake,MI,168642,2026-05,1367,FMR3,FY26,0.0115,ACS,896,911,1201,9.73,5.81,5.63,18,7.3,0.61
26087,Lapeer,MI,298732,2026-05,1312,ZORI,2026-05,0.00954,ACS,1376,1370,1807,5.27,2.64,2.5,14,11.5,0.62
26089,Leelanau,MI,650239,2026-05,1795,FMR3,FY26,0.00702,ACS,1392,1424,1878,3.31,1.63,1.56,7,8.7,0.49
26091,Lenawee,MI,244162,2026-05,998,ZORI,2026-05,0.01332,ACS,1224,1244,1640,4.9,1.94,1.77,17,13.7,0.61
26093,Livingston,MI,403108,2026-05,2044,ZORI,2026-05,0.00987,ACS,1299,1305,1722,6.08,3.38,3.27,10,7.0,0.43
26095,Luce,MI,135888,2026-05,1185,FMR3,FY26,0.01015,ACS,868,896,1182,10.46,6.4,6.17,23,8.3,0.91
26097,Mackinac,MI,229236,2026-05,1227,FMR3,FY26,0.01038,ACS,1206,1183,1560,6.42,3.38,3.23,15,10.6,1.09
26099,Macomb,MI,273048,2026-05,1422,ZORI,2026-05,0.01423,ACS,1273,1281,1689,6.25,2.92,2.77,15,9.9,0.45
26101,Manistee,MI,264589,2026-05,1332,FMR3,FY26,0.01089,ACS,1033,1036,1366,6.04,3.17,3.05,13,8.5,0.47
26103,Marquette,MI,257934,2026-05,1445,ZORI,2026-05,0.01,ACS,948,961,1267,6.72,3.81,3.68,12,7.3,0.63
26105,Mason,MI,270912,2026-05,1366,FMR3,FY26,0.01105,ACS,1022,1047,1381,6.05,3.18,3.04,13,8.4,0.57
26107,Mecosta,MI,231353,2026-05,1140,ZORI,2026-05,0.00996,ACS,992,1012,1335,5.91,3.13,2.98,15,9.8,0.64
26109,Menominee,MI,185816,2026-05,1353,FMR3,FY26,0.0103,ACS,948,948,1250,8.74,5.19,5.03,16,7.7,1.38
26111,Midland,MI,247028,2026-05,1424,ZORI,2026-05,0.01504,ACS,1115,1135,1497,6.92,3.37,3.22,15,8.8,0.58
26113,Missaukee,MI,233291,2026-05,1194,FMR3,FY26,0.00977,ACS,987,1008,1329,6.14,3.33,3.18,15,9.3,0.22
26115,Monroe,MI,269118,2026-05,1211,ZORI,2026-05,0.01155,ACS,1199,1210,1595,5.4,2.56,2.41,15,11.0,0.45
26117,Montcalm,MI,239782,2026-05,1473,FMR3,FY26,0.01076,ACS,1114,1114,1469,7.37,4.14,3.99,15,8.3,0.55
26119,Montmorency,MI,184178,2026-05,1353,FMR3,FY26,0.00922,ACS,909,911,1202,8.82,5.37,5.21,16,7.4,1.22
26121,Muskegon,MI,255266,2026-05,1169,ZORI,2026-05,0.0126,ACS,1059,1058,1395,5.5,2.56,2.43,13,9.9,0.72
26123,Newaygo,MI,255605,2026-05,1294,FMR3,FY26,0.01151,ACS,1074,1073,1415,6.07,3.11,2.97,13,9.1,0.74
26125,Oakland,MI,373127,2026-05,1700,ZORI,2026-05,0.01324,ACS,1636,1638,2160,5.47,2.45,2.31,14,10.6,0.39
26127,Oceana,MI,254086,2026-05,1200,FMR3,FY26,0.01143,ACS,1051,1062,1401,5.67,2.81,2.67,14,9.7,0.72
26129,Ogemaw,MI,186978,2026-05,1186,FMR3,FY26,0.01022,ACS,975,980,1292,7.61,4.32,4.15,17,9.1,0.87
26131,Ontonagon,MI,131349,2026-05,1242,FMR3,FY26,0.01232,ACS,865,882,1163,11.35,6.85,6.62,23,7.8,1.59
26133,Osceola,MI,200719,2026-05,1182,FMR3,FY26,0.01059,ACS,1020,1040,1371,7.07,3.87,3.7,17,9.7,0.9
26135,Oscoda,MI,149284,2026-05,1287,FMR3,FY26,0.00938,ACS,914,927,1222,10.35,6.42,6.21,21,7.9,0.74
26137,Otsego,MI,259127,2026-05,1445,FMR3,FY26,0.00891,ACS,1082,1079,1424,6.69,3.84,3.71,13,8.2,0.46
26139,Ottawa,MI,397409,2026-05,1734,ZORI,2026-05,0.01057,ACS,1057,1062,1401,5.24,2.71,2.62,9,6.7,0.32
26141,Presque Isle,MI,223039,2026-05,1167,FMR3,FY26,0.01022,ACS,919,918,1210,6.28,3.4,3.27,13,8.6,0.29
26143,Roscommon,MI,191747,2026-05,1242,FMR3,FY26,0.01049,ACS,829,843,1112,7.77,4.5,4.36,15,7.5,0.81
26145,Saginaw,MI,173333,2026-05,1106,ZORI,2026-05,0.01571,ACS,1247,1260,1661,7.65,3.6,3.36,24,12.5,0.63
26147,St. Clair,MI,262024,2026-05,1035,ZORI,2026-05,0.01165,ACS,1315,1314,1733,4.74,1.98,1.82,16,14.0,0.65
26149,St. Joseph,MI,219022,2026-05,1380,FMR3,FY26,0.01114,ACS,1191,1201,1584,7.56,4.16,3.98,18,9.6,0.76
26151,Sanilac,MI,208262,2026-05,1253,FMR3,FY26,0.00917,ACS,1141,1141,1505,7.22,4.09,3.92,17,10.0,0.9
26153,Schoolcraft,MI,197564,2026-05,1338,FMR3,FY26,0.01091,ACS,929,925,1220,8.13,4.7,4.55,15,7.6,1.06
26155,Shiawassee,MI,215565,2026-05,964,ZORI,2026-05,0.01345,ACS,1201,1221,1610,5.36,2.23,2.04,19,13.9,0.74
26157,Tuscola,MI,189043,2026-05,1288,FMR3,FY26,0.0128,ACS,1176,1197,1579,8.18,4.39,4.18,21,10.2,0.74
26159,Van Buren,MI,273594,2026-05,1338,FMR3,FY26,0.01287,ACS,1272,1267,1671,5.87,2.77,2.62,15,10.4,0.69
26161,Washtenaw,MI,422941,2026-05,2068,ZORI,2026-05,0.01559,ACS,1348,1355,1787,5.87,2.64,2.54,10,7.2,0.38
26163,Wayne,MI,178713,2026-05,1395,ZORI,2026-05,0.01642,ACS,1642,1652,2179,9.36,4.65,4.35,30,13.0,0.73
26165,Wexford,MI,236610,2026-05,1368,FMR3,FY26,0.01165,ACS,1032,1044,1377,6.94,3.74,3.59,15,8.4,0.48
27001,Aitkin,MN,276585,2026-05,1353,FMR3,FY26,0.00573,ACS,1475,1514,1997,5.87,3.41,3.23,19,12.3,0.35
27003,Anoka,MN,377761,2026-05,1739,ZORI,2026-05,0.00951,ACS,2049,2123,2800,5.53,2.76,2.56,20,13.4,0.21
27005,Becker,MN,355468,2026-05,1195,ZORI,2026-05,0.00731,ACS,1728,1810,2387,4.03,1.89,1.7,19,16.6,0.22
27007,Beltrami,MN,267423,2026-05,1456,ZORI,2026-05,0.00996,ACS,1505,1545,2037,6.54,3.47,3.27,20,11.7,0.31
27009,Benton,MN,314174,2026-05,1048,ZORI,2026-05,0.01025,ACS,1891,1967,2594,4.0,1.45,1.23,22,20.6,0.2
27011,Big Stone,MN,202275,2026-05,1178,FMR3,FY26,0.00861,ACS,1569,1637,2159,6.99,3.74,3.45,29,15.3,0.29
27013,Blue Earth,MN,305180,2026-05,1339,ZORI,2026-05,0.00984,ACS,1831,1907,2515,5.26,2.47,2.25,22,15.7,0.24
27015,Brown,MN,249165,2026-05,1177,FMR3,FY26,0.0104,ACS,1757,1823,2404,5.67,2.62,2.36,26,17.0,0.21
27017,Carlton,MN,301176,2026-05,1689,FMR3,FY26,0.01169,ACS,1516,1543,2035,6.73,3.51,3.34,17,10.0,0.54
27019,Carver,MN,493424,2026-05,2012,ZORI,2026-05,0.01026,ACS,2423,2499,3296,4.89,2.25,2.07,18,13.7,0.25
27021,Cass,MN,343899,2026-05,1300,FMR3,FY26,0.00576,ACS,1611,1659,2188,4.54,2.45,2.28,17,14.0,0.36
27023,Chippewa,MN,227749,2026-05,1353,FMR3,FY26,0.01041,ACS,1792,1861,2455,7.13,3.66,3.37,29,15.1,1.01
27025,Chisago,MN,388653,2026-05,1400,ZORI,2026-05,0.01123,ACS,2044,2129,2808,4.32,1.68,1.48,20,16.7,0.34
27027,Clay,MN,304973,2026-05,1327,ZORI,2026-05,0.01115,ACS,1720,1772,2337,5.22,2.34,2.14,20,14.7,0.26
27029,Clearwater,MN,249794,2026-05,1179,FMR3,FY26,0.00732,ACS,1466,1526,2013,5.66,3.04,2.82,22,14.2,0.57
27031,Cook,MN,440903,2026-05,1288,FMR3,FY26,0.0079,ACS,1712,1660,2190,3.51,1.52,1.41,11,14.2,0.53
27033,Cottonwood,MN,163770,2026-05,1353,FMR3,FY26,0.01128,ACS,1687,1792,2364,9.91,5.48,5.06,41,14.6,0.57
27035,Crow Wing,MN,373771,2026-05,1331,ZORI,2026-05,0.00788,ACS,1740,1806,2382,4.27,2.04,1.87,17,14.9,0.36
27037,Dakota,MN,400462,2026-05,1671,ZORI,2026-05,0.00997,ACS,2315,2393,3155,5.01,2.28,2.07,21,15.7,0.26
27039,Dodge,MN,331564,2026-05,950,ZORI,2026-05,0.01085,ACS,1918,1938,2556,3.44,0.98,0.79,19,22.4,0.19
27041,Douglas,MN,347641,2026-05,1313,ZORI,2026-05,0.00863,ACS,1697,1779,2346,4.53,2.14,1.95,19,14.9,0.18
27043,Faribault,MN,163172,2026-05,1312,FMR3,FY26,0.01051,ACS,1765,1847,2436,9.65,5.3,4.89,41,15.5,0.42
27045,Fillmore,MN,288066,2026-05,1370,FMR3,FY26,0.00947,ACS,1748,1782,2351,5.71,2.84,2.63,21,14.3,0.35
27047,Freeborn,MN,198158,2026-05,1283,FMR3,FY26,0.01061,ACS,1803,1905,2512,7.77,4.01,3.65,36,16.3,0.54
27049,Goodhue,MN,329877,2026-05,1406,ZORI,2026-05,0.01064,ACS,2008,2071,2731,5.11,2.26,2.05,22,16.2,0.34
27051,Grant,MN,240552,2026-05,1353,FMR3,FY26,0.00939,ACS,1574,1648,2173,6.75,3.6,3.35,25,13.4,0.37
27053,Hennepin,MN,394932,2026-05,1766,ZORI,2026-05,0.01152,ACS,2583,2651,3496,5.36,2.32,2.09,23,16.5,0.35
27055,Houston,MN,324551,2026-05,1515,FMR3,FY26,0.01163,ACS,1730,1798,2371,5.6,2.62,2.42,20,13.0,0.09
27057,Hubbard,MN,321075,2026-05,1190,ZORI,2026-05,0.00816,ACS,1564,1610,2124,4.45,2.12,1.95,17,14.9,0.26
27059,Isanti,MN,341503,2026-05,1462,ZORI,2026-05,0.01042,ACS,2035,2082,2746,5.14,2.32,2.11,21,15.6,0.33
27061,Itasca,MN,250520,2026-05,1225,ZORI,2026-05,0.00873,ACS,1533,1570,2070,5.87,3.03,2.82,21,14.1,0.38
27063,Jackson,MN,226757,2026-05,1283,FMR3,FY26,0.00914,ACS,1608,1694,2235,6.79,3.6,3.33,28,14.5,0.71
27065,Kanabec,MN,272151,2026-05,1353,FMR3,FY26,0.01114,ACS,1772,1811,2389,5.97,2.83,2.6,23,14.7,0.21
27067,Kandiyohi,MN,286247,2026-05,1072,ZORI,2026-05,0.00994,ACS,1890,1946,2566,4.49,1.81,1.57,24,19.9,0.56
27069,Kittson,MN,165269,2026-05,1167,FMR3,FY26,0.00916,ACS,1430,1472,1942,8.47,4.74,4.43,31,13.9,0.5
27071,Koochiching,MN,157112,2026-05,1243,FMR3,FY26,0.00799,ACS,1412,1420,1873,9.49,5.61,5.32,29,12.6,0.6
27073,Lac qui Parle,MN,217298,2026-05,1353,FMR3,FY26,0.00948,ACS,1787,1914,2524,7.47,3.98,3.64,34,15.5,0.54
27075,Lake,MN,283027,2026-05,1531,FMR3,FY26,0.00751,ACS,1494,1480,1952,6.49,3.72,3.56,16,10.6,0.33
27077,Lake of the Woods,MN,232473,2026-05,1216,FMR3,FY26,0.00707,ACS,1270,1305,1721,6.28,3.58,3.39,19,11.8,0.68
27079,Le Sueur,MN,359226,2026-05,1499,FMR3,FY26,0.01084,ACS,1953,2025,2670,5.01,2.23,2.03,20,14.8,0.34
27081,Lincoln,MN,204771,2026-05,1283,FMR3,FY26,0.00971,ACS,1654,1749,2306,7.52,4.01,3.69,32,15.0,0.62
27083,Lyon,MN,222155,2026-05,1353,FMR3,FY26,0.01047,ACS,1843,1932,2548,7.31,3.75,3.43,32,15.7,0.45
27085,McLeod,MN,298669,2026-05,1198,FMR3,FY26,0.0116,ACS,1955,2023,2668,4.81,1.89,1.65,24,18.6,0.2
27087,Mahnomen,MN,177290,2026-05,1217,FMR3,FY26,0.00974,ACS,1442,1469,1938,8.24,4.56,4.28,28,13.3,0.79
27089,Marshall,MN,209993,2026-05,1182,FMR3,FY26,0.00829,ACS,1624,1680,2216,6.75,3.6,3.32,28,15.6,0.78
27091,Martin,MN,224047,2026-05,1283,FMR3,FY26,0.00974,ACS,1690,1775,2341,6.87,3.56,3.27,29,15.2,0.33
27093,Meeker,MN,296000,2026-05,1052,ZORI,2026-05,0.00943,ACS,1857,1906,2514,4.27,1.71,1.49,22,19.9,0.28
27095,Mille Lacs,MN,315695,2026-05,1346,FMR3,FY26,0.01042,ACS,1848,1917,2528,5.12,2.31,2.1,22,15.7,0.26
27097,Morrison,MN,312917,2026-05,1353,FMR3,FY26,0.00909,ACS,1677,1736,2290,5.19,2.55,2.35,20,14.1,0.34
27099,Mower,MN,204993,2026-05,977,ZORI,2026-05,0.01058,ACS,1851,1889,2492,5.72,2.44,2.13,31,21.3,0.39
27101,Murray,MN,253382,2026-05,1232,FMR3,FY26,0.00765,ACS,1767,1875,2473,5.83,3.03,2.75,28,16.7,0.39
27103,Nicollet,MN,317822,2026-05,1287,ZORI,2026-05,0.01117,ACS,1770,1855,2447,4.86,2.07,1.85,21,15.8,0.11
27105,Nobles,MN,243644,2026-05,1294,FMR3,FY26,0.00934,ACS,1745,1828,2410,6.37,3.26,2.98,27,15.5,0.41
27107,Norman,MN,180010,2026-05,1167,FMR3,FY26,0.00988,ACS,1566,1580,2084,7.78,4.13,3.84,29,14.9,0.95
27109,Olmsted,MN,354959,2026-05,1699,ZORI,2026-05,0.01088,ACS,1961,2001,2639,5.74,2.78,2.59,19,12.9,0.21
27111,Otter Tail,MN,332122,2026-05,979,ZORI,2026-05,0.00779,ACS,1680,1743,2299,3.54,1.44,1.25,19,19.6,0.42
27113,Pennington,MN,194578,2026-05,1496,FMR3,FY26,0.01218,ACS,1486,1530,2018,9.23,5.12,4.85,27,11.2,0.1
27115,Pine,MN,261402,2026-05,1320,FMR3,FY26,0.00875,ACS,1563,1588,2094,6.06,3.19,2.99,20,13.2,0.51
27117,Pipestone,MN,203782,2026-05,1203,FMR3,FY26,0.00911,ACS,1597,1712,2258,7.08,3.76,3.44,32,15.6,0.57
27119,Polk,MN,250344,2026-05,859,ZORI,2026-05,0.00999,ACS,1603,1624,2142,4.12,1.53,1.32,22,20.8,0.45
27121,Pope,MN,335739,2026-05,1263,FMR3,FY26,0.00789,ACS,1722,1801,2376,4.51,2.17,1.98,19,15.7,0.4
27123,Ramsey,MN,343939,2026-05,1517,ZORI,2026-05,0.01235,ACS,2155,2216,2923,5.29,2.21,1.99,22,16.1,0.43
27125,Red Lake,MN,214356,2026-05,1277,FMR3,FY26,0.00959,ACS,1495,1502,1981,7.15,3.85,3.62,23,12.9,0.91
27127,Redwood,MN,185417,2026-05,1144,ZORI,2026-05,0.0096,ACS,1756,1837,2423,7.4,3.79,3.43,36,17.7,0.64
27129,Renville,MN,197260,2026-05,1353,FMR3,FY26,0.01016,ACS,1850,1914,2524,8.23,4.38,4.04,34,15.5,0.67
27131,Rice,MN,352313,2026-05,1669,ZORI,2026-05,0.00971,ACS,2159,2233,2945,5.69,2.79,2.57,22,14.7,0.27
27133,Rock,MN,270448,2026-05,1353,FMR3,FY26,0.0072,ACS,1590,1668,2200,6.0,3.31,3.09,23,13.6,0.37
27135,Roseau,MN,225925,2026-05,1256,FMR3,FY26,0.00928,ACS,1433,1476,1947,6.67,3.57,3.35,23,12.9,0.51
27137,St. Louis,MN,256673,2026-05,1405,ZORI,2026-05,0.01027,ACS,1479,1494,1970,6.57,3.46,3.26,19,11.7,0.37
27139,Scott,MN,448003,2026-05,1809,ZORI,2026-05,0.01066,ACS,2461,2552,3365,4.84,2.12,1.91,20,15.5,0.24
27141,Sherburne,MN,390542,2026-05,1589,ZORI,2026-05,0.00995,ACS,2055,2124,2801,4.88,2.24,2.05,19,14.7,0.28
27143,Sibley,MN,293169,2026-05,1299,FMR3,FY26,0.011,ACS,1853,1912,2521,5.32,2.36,2.13,23,16.2,0.79
27145,Stearns,MN,320256,2026-05,1275,ZORI,2026-05,0.0102,ACS,1829,1911,2520,4.78,2.09,1.87,22,16.5,0.33
27147,Steele,MN,300592,2026-05,1155,ZORI,2026-05,0.01206,ACS,1932,1967,2594,4.61,1.7,1.48,22,18.7,0.14
27149,Stevens,MN,217840,2026-05,834,ZORI,2026-05,0.00807,ACS,1784,1834,2418,4.59,1.91,1.62,29,24.2,0.39
27151,Swift,MN,201062,2026-05,1285,FMR3,FY26,0.00855,ACS,1759,1836,2421,7.67,4.18,3.85,33,15.7,0.48
27153,Todd,MN,268973,2026-05,1318,FMR3,FY26,0.00995,ACS,1625,1701,2243,5.88,2.93,2.7,23,14.2,0.32
27155,Traverse,MN,154358,2026-05,1353,FMR3,FY26,0.00972,ACS,1825,1920,2532,10.52,5.95,5.49,46,15.6,0.38
27157,Wabasha,MN,317593,2026-05,1334,FMR3,FY26,0.01088,ACS,1834,1876,2475,5.04,2.22,2.01,20,15.5,0.22
27159,Wadena,MN,230908,2026-05,1218,FMR3,FY26,0.0104,ACS,1591,1634,2155,6.33,3.15,2.9,24,14.7,0.46
27161,Waseca,MN,258678,2026-05,1353,FMR3,FY26,0.0119,ACS,1814,1870,2466,6.28,2.94,2.69,25,15.2,0.31
27163,Washington,MN,448259,2026-05,2037,ZORI,2026-05,0.01001,ACS,2379,2467,3254,5.45,2.67,2.47,20,13.3,0.25
27165,Watonwan,MN,176321,2026-05,1283,FMR3,FY26,0.01027,ACS,1778,1823,2404,8.73,4.69,4.33,36,15.6,0.6
27167,Wilkin,MN,224681,2026-05,1283,FMR3,FY26,0.0076,ACS,1677,1729,2280,6.85,3.77,3.5,27,14.8,0.65
27169,Winona,MN,282391,2026-05,1190,ZORI,2026-05,0.00942,ACS,1667,1687,2225,5.06,2.36,2.17,20,15.6,0.2
27171,Wright,MN,397230,2026-05,1805,ZORI,2026-05,0.00997,ACS,2147,2215,2921,5.45,2.66,2.47,19,13.5,0.33
27173,Yellow Medicine,MN,177161,2026-05,1169,FMR3,FY26,0.01043,ACS,1785,1890,2492,7.92,4.05,3.65,40,17.8,0.9
28001,Adams,MS,116847,2026-05,1111,FMR3,FY26,0.00885,ACS,2290,2325,3067,11.41,5.94,5.28,66,23.0,1.3
28003,Alcorn,MS,183069,2026-05,1158,FMR3,FY26,0.00596,ACS,1595,1630,2150,7.59,4.38,4.07,30,15.5,0.93
28005,Amite,MS,144714,2026-05,1047,FMR3,FY26,0.00484,ACS,1998,2061,2718,8.68,4.82,4.32,50,21.6,1.59
28007,Attala,MS,116719,2026-05,1115,FMR3,FY26,0.00627,ACS,1724,1758,2319,11.46,6.72,6.21,51,17.3,1.19
28009,Benton,MS,160210,2026-05,1157,FMR3,FY26,0.00655,ACS,1968,1980,2611,8.67,4.79,4.39,40,18.8,1.21
28011,Bolivar,MS,121420,2026-05,1096,FMR3,FY26,0.00778,ACS,2159,2190,2889,10.83,5.78,5.18,60,22.0,1.2
28013,Calhoun,MS,127739,2026-05,1167,FMR3,FY26,0.00683,ACS,1552,1634,2155,10.96,6.54,6.07,47,15.4,1.25
28015,Carroll,MS,173042,2026-05,1049,FMR3,FY26,0.00665,ACS,1840,1892,2496,7.27,3.87,3.49,38,19.8,0.8
28017,Chickasaw,MS,141379,2026-05,1121,FMR3,FY26,0.00743,ACS,1558,1568,2068,9.51,5.48,5.12,36,15.4,0.88
28019,Choctaw,MS,140917,2026-05,1115,FMR3,FY26,0.00452,ACS,1500,1579,2083,9.49,5.79,5.38,41,15.6,0.76
28021,Claiborne,MS,96050,2026-05,1111,FMR3,FY26,0.00582,ACS,2136,2195,2895,13.88,7.88,7.09,79,21.7,1.13
28023,Clarke,MS,104657,2026-05,1044,FMR3,FY26,0.00499,ACS,1831,1858,2450,11.97,6.97,6.38,59,19.6,0.93
28025,Clay,MS,148786,2026-05,1159,FMR3,FY26,0.00689,ACS,1599,1626,2144,9.35,5.43,5.07,37,15.4,1.4
28027,Coahoma,MS,49580,2026-05,1177,FMR3,FY26,0.0124,ACS,2160,2116,2791,28.49,16.34,15.07,127,19.8,1.86
28029,Copiah,MS,137847,2026-05,1544,FMR3,FY26,0.00789,ACS,1978,1996,2632,13.44,8.13,7.65,47,14.2,2.0
28031,Covington,MS,182178,2026-05,1111,FMR3,FY26,0.00693,ACS,1996,2034,2682,7.32,3.85,3.47,38,20.1,1.08
28033,DeSoto,MS,302692,2026-05,1695,ZORI,2026-05,0.00641,ACS,1877,1894,2498,6.72,3.91,3.71,21,12.3,0.81
28035,Forrest,MS,187739,2026-05,1185,ZORI,2026-05,0.0084,ACS,2093,2132,2812,7.57,3.88,3.49,38,19.8,1.21
28037,Franklin,MS,152607,2026-05,1115,FMR3,FY26,0.00645,ACS,1856,1886,2488,8.77,4.89,4.48,41,18.6,0.76
28039,George,MS,213636,2026-05,1104,FMR3,FY26,0.00646,ACS,2351,2348,3097,6.2,3.03,2.68,35,23.4,2.1
28041,Greene,MS,170392,2026-05,1012,FMR3,FY26,0.00814,ACS,2009,1983,2615,7.13,3.49,3.14,36,21.5,1.57
28043,Grenada,MS,132488,2026-05,1092,FMR3,FY26,0.01011,ACS,1709,1765,2327,9.89,5.32,4.85,47,17.8,1.39
28045,Hancock,MS,238758,2026-05,1600,ZORI,2026-05,0.00719,ACS,2966,2912,3840,8.04,4.23,3.86,37,20.0,2.28
28047,Harrison,MS,228992,2026-05,1453,ZORI,2026-05,0.00647,ACS,2939,2915,3844,7.62,3.93,3.54,40,22.0,5.11
28049,Hinds,MS,134543,2026-05,1279,ZORI,2026-05,0.00919,ACS,2197,2218,2925,11.4,6.23,5.69,54,19.1,1.54
28051,Holmes,MS,80355,2026-05,1111,FMR3,FY26,0.00908,ACS,1861,1833,2417,16.59,9.55,8.86,69,18.1,0.87
28053,Humphreys,MS,82871,2026-05,1111,FMR3,FY26,0.01104,ACS,1947,1976,2606,16.09,8.93,8.14,80,19.5,1.61
28057,Itawamba,MS,165701,2026-05,1068,FMR3,FY26,0.00636,ACS,1562,1598,2107,7.73,4.38,4.05,33,16.4,0.74
28059,Jackson,MS,216252,2026-05,1363,ZORI,2026-05,0.00733,ACS,2963,2919,3850,7.56,3.72,3.31,41,23.5,5.55
28061,Jasper,MS,138164,2026-05,1115,FMR3,FY26,0.00599,ACS,1754,1781,2348,9.68,5.59,5.16,43,17.5,1.23
28063,Jefferson,MS,96090,2026-05,1111,FMR3,FY26,0.01002,ACS,2218,2176,2870,13.87,7.37,6.69,68,21.5,0.78
28065,Jefferson Davis,MS,98157,2026-05,1020,FMR3,FY26,0.00836,ACS,2036,2097,2766,12.47,6.69,5.95,74,22.6,1.34
28067,Jones,MS,157584,2026-05,1099,FMR3,FY26,0.0088,ACS,1955,1980,2612,8.37,4.32,3.91,42,19.8,1.25
28069,Kemper,MS,140494,2026-05,1115,FMR3,FY26,0.00598,ACS,1556,1557,2054,9.52,5.63,5.27,35,15.4,1.69
28071,Lafayette,MS,405900,2026-05,2117,ZORI,2026-05,0.00642,ACS,1886,1946,2567,6.26,3.71,3.54,17,10.1,0.66
28073,Lamar,MS,267560,2026-05,1512,ZORI,2026-05,0.00667,ACS,2325,2337,3082,6.78,3.69,3.4,28,17.0,0.9
28075,Lauderdale,MS,131294,2026-05,1355,ZORI,2026-05,0.00982,ACS,1863,1869,2465,12.39,7.14,6.68,46,15.2,1.59
28077,Lawrence,MS,122702,2026-05,1068,FMR3,FY26,0.007,ACS,2020,2073,2735,10.44,5.7,5.11,58,21.3,1.56
28079,Leake,MS,161476,2026-05,1145,FMR3,FY26,0.00676,ACS,1661,1657,2185,8.51,4.85,4.52,32,15.9,1.35
28081,Lee,MS,209185,2026-05,1280,ZORI,2026-05,0.00722,ACS,1724,1770,2334,7.34,4.11,3.81,29,15.2,0.78
28083,Leflore,MS,79565,2026-05,1055,FMR3,FY26,0.01056,ACS,1928,1973,2602,15.91,8.77,7.93,85,20.6,1.4
28085,Lincoln,MS,170723,2026-05,1126,FMR3,FY26,0.00717,ACS,2034,2079,2741,7.91,4.19,3.77,41,20.3,1.61
28087,Lowndes,MS,190534,2026-05,1391,ZORI,2026-05,0.0064,ACS,1744,1774,2340,8.76,5.19,4.88,31,14.0,1.05
28089,Madison,MS,337894,2026-05,1573,ZORI,2026-05,0.00723,ACS,2297,2291,3022,5.58,2.9,2.68,21,16.0,0.9
28091,Marion,MS,140499,2026-05,1031,FMR3,FY26,0.00744,ACS,2151,2128,2806,8.81,4.51,4.04,47,22.7,1.05
28093,Marshall,MS,216127,2026-05,1331,FMR3,FY26,0.00747,ACS,1947,1967,2594,7.39,4.04,3.74,30,16.2,1.31
28095,Monroe,MS,165559,2026-05,1012,FMR3,FY26,0.00746,ACS,1634,1675,2209,7.34,3.92,3.57,35,18.2,0.83
28097,Montgomery,MS,123287,2026-05,1061,FMR3,FY26,0.00896,ACS,1734,1732,2284,10.33,5.65,5.2,45,17.9,1.29
28099,Neshoba,MS,140745,2026-05,1147,FMR3,FY26,0.00886,ACS,1615,1675,2209,9.78,5.5,5.07,42,16.0,1.45
28101,Newton,MS,145025,2026-05,1012,FMR3,FY26,0.00799,ACS,1683,1720,2268,8.37,4.49,4.08,40,18.7,1.17
28103,Noxubee,MS,104156,2026-05,1049,FMR3,FY26,0.01011,ACS,1615,1626,2145,12.09,6.74,6.24,51,17.0,0.81
28105,Oktibbeha,MS,279171,2026-05,1636,ZORI,2026-05,0.00768,ACS,1736,1787,2357,7.03,4.02,3.8,22,12.0,0.6
28107,Panola,MS,185942,2026-05,1121,FMR3,FY26,0.0077,ACS,1765,1758,2319,7.23,3.85,3.55,30,17.2,0.95
28109,Pearl River,MS,200157,2026-05,1328,ZORI,2026-05,0.00677,ACS,2427,2437,3214,7.96,4.24,3.85,39,20.2,1.53
28111,Perry,MS,161222,2026-05,1348,FMR3,FY26,0.00752,ACS,2012,2019,2663,10.03,5.73,5.32,40,16.5,0.83
28113,Pike,MS,111085,2026-05,1182,FMR3,FY26,0.00929,ACS,2240,2289,3019,12.77,6.89,6.18,70,21.3,1.05
28115,Pontotoc,MS,214343,2026-05,1142,FMR3,FY26,0.0066,ACS,1658,1679,2215,6.39,3.49,3.23,26,16.2,0.99
28117,Prentiss,MS,141848,2026-05,1012,FMR3,FY26,0.00678,ACS,1643,1640,2163,8.56,4.76,4.39,37,17.8,1.22
28121,Rankin,MS,269815,2026-05,1639,ZORI,2026-05,0.0062,ACS,1842,1861,2454,7.29,4.31,4.09,23,12.5,0.89
28123,Scott,MS,127740,2026-05,1141,FMR3,FY26,0.00799,ACS,1644,1674,2207,10.72,6.17,5.73,44,16.1,1.49
28125,Sharkey,MS,118390,2026-05,1115,FMR3,FY26,0.00933,ACS,2234,2235,2948,11.3,5.88,5.28,60,22.0,3.08
28127,Simpson,MS,161759,2026-05,1193,FMR3,FY26,0.00601,ACS,2010,2038,2688,8.85,4.97,4.55,42,18.8,1.01
28129,Smith,MS,164597,2026-05,1012,FMR3,FY26,0.00457,ACS,1878,1879,2479,7.38,4.08,3.72,37,20.4,1.15
28131,Stone,MS,205524,2026-05,1162,FMR3,FY26,0.00607,ACS,2290,2303,3037,6.78,3.5,3.14,36,21.8,2.51
28133,Sunflower,MS,93259,2026-05,1136,FMR3,FY26,0.00879,ACS,2114,2099,2769,14.62,8.11,7.41,70,20.3,1.3
28135,Tallahatchie,MS,110222,2026-05,1096,FMR3,FY26,0.00602,ACS,1784,1779,2346,11.93,6.97,6.46,51,17.8,1.96
28137,Tate,MS,245401,2026-05,1337,FMR3,FY26,0.00768,ACS,1800,1835,2420,6.54,3.53,3.28,25,15.1,1.06
28139,Tippah,MS,148142,2026-05,1092,FMR3,FY26,0.0075,ACS,1598,1654,2182,8.85,4.98,4.59,39,16.7,0.74
28141,Tishomingo,MS,194402,2026-05,1115,FMR3,FY26,0.00538,ACS,1667,1684,2220,6.88,3.9,3.62,28,16.6,1.49
28143,Tunica,MS,164124,2026-05,1422,FMR3,FY26,0.00439,ACS,2337,2339,3084,10.4,6.14,5.69,46,18.1,1.36
28145,Union,MS,203231,2026-05,1082,FMR3,FY26,0.00576,ACS,1559,1599,2108,6.39,3.58,3.31,27,16.2,0.97
28147,Walthall,MS,158465,2026-05,1107,FMR3,FY26,0.00784,ACS,2264,2283,3011,8.38,4.24,3.77,47,22.7,1.12
28149,Warren,MS,147961,2026-05,1181,FMR3,FY26,0.00855,ACS,2042,2058,2714,9.58,5.14,4.69,45,19.2,1.09
28151,Washington,MS,62829,2026-05,1177,FMR3,FY26,0.00843,ACS,2037,2078,2741,22.48,13.22,12.1,112,19.4,1.87
28153,Wayne,MS,149483,2026-05,1098,FMR3,FY26,0.0078,ACS,1874,1909,2517,8.81,4.75,4.32,43,19.1,0.84
28155,Webster,MS,163294,2026-05,1012,FMR3,FY26,0.00574,ACS,1563,1608,2121,7.44,4.19,3.85,34,17.5,0.88
28157,Wilkinson,MS,118798,2026-05,1049,FMR3,FY26,0.00862,ACS,2575,2672,3524,10.6,5.13,4.33,80,28.0,1.71
28159,Winston,MS,147235,2026-05,1111,FMR3,FY26,0.00648,ACS,1592,1683,2220,9.05,5.24,4.82,43,16.7,1.9
28161,Yalobusha,MS,151706,2026-05,1115,FMR3,FY26,0.00823,ACS,1620,1655,2183,8.82,4.9,4.53,37,16.3,1.05
28163,Yazoo,MS,112840,2026-05,1209,FMR3,FY26,0.0089,ACS,2008,2031,2679,12.86,7.23,6.64,59,18.5,1.2
29001,Adair,MO,192758,2026-05,730,ZORI,2026-05,0.00759,ACS,1705,1734,2287,4.54,1.86,1.55,30,26.1,1.0
29003,Andrew,MO,298735,2026-05,1375,ZORI,2026-05,0.00762,ACS,2032,2096,2764,5.52,2.81,2.57,25,16.8,0.98
29005,Atchison,MO,148053,2026-05,1065,FMR3,FY26,0.01171,ACS,1850,1975,2605,8.63,4.23,3.72,51,20.4,0.77
29007,Audrain,MO,190717,2026-05,1141,FMR3,FY26,0.00875,ACS,1630,1660,2189,7.18,3.8,3.51,29,16.0,1.25
29009,Barry,MO,242534,2026-05,1235,FMR3,FY26,0.00571,ACS,1919,1958,2583,6.11,3.34,3.07,27,17.4,0.85
29011,Barton,MO,188545,2026-05,1235,FMR3,FY26,0.00743,ACS,1805,1870,2467,7.86,4.35,4.0,35,16.6,1.03
29013,Bates,MO,227015,2026-05,1232,FMR3,FY26,0.00621,ACS,2076,2149,2834,6.51,3.48,3.14,33,19.2,0.93
29015,Benton,MO,197308,2026-05,1194,FMR3,FY26,0.00557,ACS,1815,1857,2449,7.26,4.11,3.79,32,17.1,1.32
29017,Bollinger,MO,197427,2026-05,1380,FMR3,FY26,0.00614,ACS,1823,1850,2440,8.39,4.92,4.61,31,14.7,1.45
29019,Boone,MO,334069,2026-05,1435,ZORI,2026-05,0.00878,ACS,1902,1935,2552,5.16,2.52,2.33,19,14.8,0.8
29021,Buchanan,MO,194610,2026-05,999,ZORI,2026-05,0.008,ACS,1971,2050,2704,6.16,2.93,2.55,38,22.6,1.4
29023,Butler,MO,171881,2026-05,1000,ZORI,2026-05,0.00673,ACS,1833,1878,2477,6.98,3.64,3.26,37,20.6,1.15
29025,Caldwell,MO,247438,2026-05,1769,FMR3,FY26,0.00785,ACS,1930,1980,2612,8.58,5.04,4.77,28,12.3,2.0
29027,Callaway,MO,270991,2026-05,1092,ZORI,2026-05,0.0079,ACS,1882,1915,2526,4.84,2.24,2.0,24,19.3,1.07
29029,Camden,MO,320559,2026-05,1479,ZORI,2026-05,0.005,ACS,2321,2375,3133,5.54,3.04,2.79,25,17.6,1.04
29031,Cape Girardeau,MO,247661,2026-05,1004,ZORI,2026-05,0.00674,ACS,2195,2261,2981,4.86,2.18,1.87,32,24.8,1.04
29033,Carroll,MO,166116,2026-05,1157,FMR3,FY26,0.00844,ACS,1774,1818,2398,8.36,4.52,4.15,38,17.3,0.72
29035,Carter,MO,181441,2026-05,1065,FMR3,FY26,0.00443,ACS,1814,1867,2462,7.04,3.98,3.62,36,19.3,1.08
29037,Cass,MO,343930,2026-05,1727,ZORI,2026-05,0.00879,ACS,2202,2250,2968,6.03,3.12,2.9,22,14.3,0.73
29039,Cedar,MO,233830,2026-05,1214,FMR3,FY26,0.00586,ACS,1832,1884,2484,6.23,3.43,3.15,28,17.1,1.02
29041,Chariton,MO,175324,2026-05,1235,FMR3,FY26,0.00757,ACS,1787,1799,2372,8.45,4.73,4.4,33,16.0,0.51
29043,Christian,MO,319297,2026-05,1485,ZORI,2026-05,0.00752,ACS,2057,2124,2801,5.58,2.9,2.67,23,15.7,0.9
29045,Clark,MO,175807,2026-05,1154,FMR3,FY26,0.00969,ACS,1840,2000,2638,7.88,4.05,3.6,45,19.0,1.67
29047,Clay,MO,321709,2026-05,1566,ZORI,2026-05,0.01099,ACS,2159,2225,2934,5.84,2.73,2.49,24,15.6,0.77
29049,Clinton,MO,293658,2026-05,1769,FMR3,FY26,0.0086,ACS,2195,2282,3009,7.23,3.96,3.68,28,14.2,1.34
29051,Cole,MO,287445,2026-05,1052,ZORI,2026-05,0.00806,ACS,2005,2055,2710,4.39,1.88,1.63,25,21.5,0.96
29053,Cooper,MO,242549,2026-05,862,ZORI,2026-05,0.00676,ACS,1862,1886,2487,4.27,1.84,1.58,26,24.0,0.9
29055,Crawford,MO,223934,2026-05,1025,ZORI,2026-05,0.00609,ACS,1914,1993,2628,5.49,2.77,2.45,32,21.4,1.15
29057,Dade,MO,203437,2026-05,1209,FMR3,FY26,0.0065,ACS,1766,1813,2391,7.13,3.97,3.67,31,16.5,0.56
29059,Dallas,MO,241021,2026-05,1235,FMR3,FY26,0.0048,ACS,1926,1964,2591,6.15,3.46,3.18,28,17.5,1.11
29061,Daviess,MO,288890,2026-05,1138,FMR3,FY26,0.00708,ACS,2149,2195,2895,4.73,2.19,1.93,26,21.2,1.66
29063,DeKalb,MO,235856,2026-05,1363,FMR3,FY26,0.00758,ACS,1969,2049,2702,6.93,3.75,3.44,31,16.5,1.03
29065,Dent,MO,189104,2026-05,1070,FMR3,FY26,0.00563,ACS,1776,1725,2275,6.79,3.73,3.46,26,17.7,1.09
29067,Douglas,MO,238532,2026-05,1065,FMR3,FY26,0.00409,ACS,1897,2002,2641,5.36,2.92,2.61,31,20.7,1.19
29069,Dunklin,MO,94022,2026-05,1228,FMR3,FY26,0.00694,ACS,1669,1660,2189,15.67,9.6,9.05,55,14.9,1.86
29071,Franklin,MO,269046,2026-05,1175,ZORI,2026-05,0.00826,ACS,2158,2213,2919,5.24,2.41,2.12,28,20.7,0.98
29073,Gasconade,MO,236335,2026-05,1192,FMR3,FY26,0.00733,ACS,1992,2043,2695,6.05,3.08,2.79,30,18.8,0.99
29075,Gentry,MO,137786,2026-05,1235,FMR3,FY26,0.01031,ACS,1861,1954,2578,10.76,5.9,5.38,52,17.4,0.25
29077,Greene,MO,259353,2026-05,1263,ZORI,2026-05,0.00722,ACS,1983,2059,2715,5.84,3.01,2.73,28,17.9,0.86
29079,Grundy,MO,121066,2026-05,1171,FMR3,FY26,0.01022,ACS,1823,1912,2522,11.61,6.41,5.83,58,17.9,1.48
29081,Harrison,MO,135253,2026-05,1160,FMR3,FY26,0.00824,ACS,1859,1882,2482,10.29,5.73,5.27,46,17.8,1.33
29083,Henry,MO,224385,2026-05,1171,FMR3,FY26,0.00801,ACS,2023,2117,2792,6.26,3.12,2.78,34,19.9,1.14
29085,Hickory,MO,204619,2026-05,1235,FMR3,FY26,0.00472,ACS,1750,1752,2311,7.24,4.25,3.98,27,15.6,0.84
29089,Howard,MO,230688,2026-05,1252,FMR3,FY26,0.00869,ACS,1907,1907,2516,6.51,3.32,3.06,26,16.7,0.58
29091,Howell,MO,225580,2026-05,1224,FMR3,FY26,0.00554,ACS,1779,1785,2354,6.51,3.67,3.42,25,16.0,0.99
29093,Iron,MO,159474,2026-05,1084,FMR3,FY26,0.00651,ACS,1913,1902,2509,8.16,4.43,4.06,37,19.3,1.43
29095,Jackson,MO,251239,2026-05,1439,ZORI,2026-05,0.01148,ACS,2156,2197,2897,6.87,3.29,2.99,29,16.8,0.99
29097,Jasper,MO,217887,2026-05,1280,ZORI,2026-05,0.00739,ACS,1922,1997,2633,7.05,3.81,3.48,33,17.1,0.88
29099,Jefferson,MO,296008,2026-05,1485,ZORI,2026-05,0.00839,ACS,1949,1976,2606,6.02,3.14,2.92,22,14.6,0.88
29101,Johnson,MO,285848,2026-05,1053,ZORI,2026-05,0.00684,ACS,2099,2139,2821,4.42,1.98,1.73,25,22.3,1.28
29103,Knox,MO,199485,2026-05,1086,FMR3,FY26,0.00802,ACS,1609,1689,2227,6.53,3.42,3.11,31,17.1,0.32
29105,Laclede,MO,236028,2026-05,1182,FMR3,FY26,0.00653,ACS,1896,1932,2548,6.01,3.17,2.9,28,18.0,0.98
29107,Lafayette,MO,250881,2026-05,856,ZORI,2026-05,0.00766,ACS,1990,2028,2675,4.1,1.59,1.32,27,26.0,0.83
29109,Lawrence,MO,207334,2026-05,849,ZORI,2026-05,0.00606,ACS,1929,1958,2582,4.92,2.25,1.93,31,25.3,1.37
29111,Lewis,MO,205187,2026-05,1171,FMR3,FY26,0.00736,ACS,1691,1775,2341,6.85,3.71,3.4,32,16.7,1.12
29113,Lincoln,MO,316086,2026-05,1552,ZORI,2026-05,0.0077,ACS,1943,1988,2622,5.89,3.15,2.94,21,14.1,0.74
29115,Linn,MO,150674,2026-05,1065,FMR3,FY26,0.00766,ACS,1782,1778,2345,8.48,4.58,4.21,37,18.3,1.77
29117,Livingston,MO,194509,2026-05,1147,FMR3,FY26,0.00899,ACS,1794,1859,2452,7.08,3.63,3.29,34,17.8,1.35
29119,McDonald,MO,235291,2026-05,1235,FMR3,FY26,0.00539,ACS,1981,2057,2713,6.3,3.47,3.16,31,18.3,0.95
29121,Macon,MO,185608,2026-05,1212,FMR3,FY26,0.00826,ACS,1722,1736,2290,7.84,4.28,3.97,31,15.7,1.07
29123,Madison,MO,172178,2026-05,1133,FMR3,FY26,0.00735,ACS,1829,1840,2427,7.9,4.28,3.94,35,17.9,2.06
29125,Maries,MO,251428,2026-05,1202,FMR3,FY26,0.00563,ACS,1920,1964,2590,5.74,3.09,2.82,27,18.0,0.95
29127,Marion,MO,196011,2026-05,1256,FMR3,FY26,0.00868,ACS,1892,1947,2568,7.69,4.09,3.74,34,17.0,1.43
29129,Mercer,MO,143363,2026-05,1235,FMR3,FY26,0.0095,ACS,1733,1801,2376,10.34,5.8,5.35,45,16.0,1.42
29131,Miller,MO,270733,2026-05,1088,FMR3,FY26,0.00627,ACS,2040,2126,2804,4.82,2.33,2.05,28,21.5,1.13
29133,Mississippi,MO,101175,2026-05,1196,FMR3,FY26,0.00877,ACS,1847,1810,2387,14.19,8.22,7.69,53,16.6,1.31
29135,Moniteau,MO,237744,2026-05,1260,FMR3,FY26,0.00716,ACS,1883,1961,2586,6.36,3.39,3.09,30,17.1,0.88
29137,Monroe,MO,226051,2026-05,1065,FMR3,FY26,0.00737,ACS,1706,1743,2299,5.65,2.86,2.6,26,18.0,0.79
29139,Montgomery,MO,226999,2026-05,1226,FMR3,FY26,0.00748,ACS,1816,1899,2504,6.48,3.44,3.14,30,17.0,0.66
29141,Morgan,MO,290173,2026-05,1171,FMR3,FY26,0.0061,ACS,1911,1960,2585,4.84,2.46,2.23,23,18.4,1.14
29143,New Madrid,MO,99952,2026-05,1067,FMR3,FY26,0.00707,ACS,1937,1914,2524,12.81,7.22,6.63,59,19.7,1.12
29145,Newton,MO,244594,2026-05,1410,ZORI,2026-05,0.0068,ACS,1993,2072,2733,6.92,3.83,3.53,30,16.2,0.86
29147,Nodaway,MO,222586,2026-05,1160,FMR3,FY26,0.00812,ACS,1856,1967,2594,6.25,3.17,2.84,33,18.6,0.84
29149,Oregon,MO,174323,2026-05,1235,FMR3,FY26,0.00509,ACS,1649,1704,2247,8.5,5.09,4.75,34,15.2,1.17
29151,Osage,MO,264736,2026-05,1266,FMR3,FY26,0.00594,ACS,2173,2254,2973,5.74,3.0,2.7,30,19.6,1.34
29153,Ozark,MO,230196,2026-05,1065,FMR3,FY26,0.00465,ACS,1849,1883,2483,5.55,3.01,2.73,28,19.4,0.85
29155,Pemiscot,MO,92334,2026-05,1171,FMR3,FY26,0.01011,ACS,1891,1869,2465,15.22,8.66,8.04,62,17.5,2.15
29157,Perry,MO,232662,2026-05,1260,FMR3,FY26,0.00722,ACS,2175,2216,2923,6.5,3.35,3.03,32,19.3,0.82
29159,Pettis,MO,195903,2026-05,1073,ZORI,2026-05,0.0078,ACS,1927,1939,2557,6.57,3.3,2.98,32,19.9,1.15
29161,Phelps,MO,232794,2026-05,849,ZORI,2026-05,0.0064,ACS,1870,1874,2471,4.38,1.93,1.67,26,24.3,0.94
29163,Pike,MO,221289,2026-05,1101,FMR3,FY26,0.00768,ACS,1835,1891,2493,5.97,3.0,2.7,30,18.9,1.2
29165,Platte,MO,395035,2026-05,1624,ZORI,2026-05,0.0106,ACS,2242,2309,3045,4.93,2.17,1.97,20,15.6,0.69
29167,Polk,MO,274935,2026-05,832,ZORI,2026-05,0.00581,ACS,1907,1960,2585,3.63,1.52,1.27,25,25.9,1.17
29169,Pulaski,MO,230811,2026-05,1136,ZORI,2026-05,0.00611,ACS,1877,1898,2503,5.91,3.12,2.85,27,18.4,0.95
29171,Putnam,MO,206254,2026-05,1065,FMR3,FY26,0.00987,ACS,1929,2032,2680,6.2,2.85,2.49,36,21.0,1.79
29173,Ralls,MO,256462,2026-05,1128,FMR3,FY26,0.00757,ACS,1819,1878,2476,5.28,2.6,2.34,26,18.3,0.6
29175,Randolph,MO,182675,2026-05,1235,FMR3,FY26,0.00848,ACS,1750,1790,2361,8.11,4.44,4.11,33,15.9,1.57
29177,Ray,MO,264496,2026-05,1769,FMR3,FY26,0.00818,ACS,2077,2131,2810,8.03,4.58,4.3,28,13.2,0.87
29179,Reynolds,MO,167183,2026-05,1065,FMR3,FY26,0.00461,ACS,1822,1795,2368,7.64,4.34,4.01,33,18.5,0.72
29181,Ripley,MO,156054,2026-05,1141,FMR3,FY26,0.00501,ACS,1861,1921,2534,8.77,5.06,4.63,43,18.5,1.66
29183,St. Charles,MO,376519,2026-05,1671,ZORI,2026-05,0.01125,ACS,2129,2168,2860,5.33,2.41,2.22,19,14.3,0.56
29185,St. Clair,MO,214873,2026-05,1065,FMR3,FY26,0.00639,ACS,1809,1853,2444,5.95,3.1,2.8,30,19.1,0.61
29186,Ste. Genevieve,MO,263139,2026-05,1105,FMR3,FY26,0.00638,ACS,1936,1954,2577,5.04,2.51,2.26,24,19.4,0.98
29187,St. Francois,MO,194207,2026-05,964,ZORI,2026-05,0.00749,ACS,1973,2052,2707,5.96,2.82,2.44,38,23.4,1.34
29189,St. Louis,MO,289987,2026-05,1479,ZORI,2026-05,0.01225,ACS,2358,2376,3134,6.12,2.67,2.41,27,17.7,0.93
29195,Saline,MO,183778,2026-05,1153,FMR3,FY26,0.00815,ACS,1930,1988,2622,7.53,3.93,3.56,38,19.0,0.89
29199,Scotland,MO,133694,2026-05,1235,FMR3,FY26,0.00845,ACS,1969,1943,2562,11.09,6.22,5.77,44,17.3,1.9
29201,Scott,MO,161174,2026-05,1145,FMR3,FY26,0.00651,ACS,2009,2023,2669,8.52,4.67,4.26,41,19.4,1.24
29203,Shannon,MO,185640,2026-05,1083,FMR3,FY26,0.00432,ACS,1822,1882,2482,7.0,3.98,3.62,36,19.1,0.78
29205,Shelby,MO,196439,2026-05,1189,FMR3,FY26,0.00896,ACS,1804,1763,2325,7.26,3.78,3.51,27,16.3,1.55
29207,Stoddard,MO,150194,2026-05,1183,FMR3,FY26,0.00654,ACS,1787,1810,2387,9.45,5.43,5.03,40,16.8,1.16
29209,Stone,MO,325682,2026-05,1284,FMR3,FY26,0.00493,ACS,2185,2278,3004,4.73,2.48,2.23,25,19.5,0.9
29211,Sullivan,MO,100138,2026-05,1110,FMR3,FY26,0.00736,ACS,1580,1614,2129,13.3,7.93,7.38,55,16.0,1.94
29213,Taney,MO,248936,2026-05,1422,ZORI,2026-05,0.00578,ACS,2008,2048,2701,6.85,3.89,3.62,28,15.8,1.26
29215,Texas,MO,206386,2026-05,1192,FMR3,FY26,0.00529,ACS,1914,1899,2504,6.93,3.88,3.59,29,17.5,0.97
29217,Vernon,MO,179803,2026-05,1160,FMR3,FY26,0.0071,ACS,1752,1836,2421,7.74,4.28,3.91,37,17.4,0.93
29219,Warren,MO,337239,2026-05,1165,ZORI,2026-05,0.00738,ACS,1961,2023,2668,4.15,1.87,1.66,21,19.1,0.76
29221,Washington,MO,192858,2026-05,1065,FMR3,FY26,0.00576,ACS,2102,2135,2816,6.63,3.44,3.07,37,22.0,0.98
29223,Wayne,MO,129844,2026-05,1065,FMR3,FY26,0.005,ACS,1824,1834,2418,9.84,5.67,5.22,46,18.9,1.03
29225,Webster,MO,267218,2026-05,874,ZORI,2026-05,0.00539,ACS,1961,2055,2710,3.93,1.75,1.47,28,25.8,1.09
29229,Wright,MO,209160,2026-05,1235,FMR3,FY26,0.00383,ACS,1992,2057,2713,7.09,4.12,3.78,34,18.3,1.77
29510,St. Louis city,MO,183723,2026-05,1382,ZORI,2026-05,0.01045,ACS,2300,2327,3069,9.03,4.65,4.23,42,18.5,1.41
30001,Beaverhead,MT,404061,2026-05,1491,FMR3,FY26,0.00665,ACS,1364,1402,1849,4.43,2.41,2.29,12,10.3,0.67
30003,Big Horn,MT,229927,2026-05,1657,FMR3,FY26,0.01,ACS,2053,2129,2808,8.65,4.77,4.44,33,14.1,1.1
30005,Blaine,MT,217173,2026-05,1420,FMR3,FY26,0.01522,ACS,1733,1757,2318,7.85,3.72,3.45,27,13.6,0.89
30007,Broadwater,MT,532448,2026-05,2096,FMR3,FY26,0.00606,ACS,1502,1602,2113,4.72,2.75,2.63,11,8.4,0.63
30009,Carbon,MT,514732,2026-05,1951,FMR3,FY26,0.00548,ACS,2033,2095,2763,4.55,2.56,2.42,14,11.8,0.88
30013,Cascade,MT,344903,2026-05,1382,ZORI,2026-05,0.00919,ACS,1574,1659,2189,4.81,2.33,2.15,18,13.2,0.78
30015,Chouteau,MT,316026,2026-05,1662,FMR3,FY26,0.00781,ACS,1583,1674,2208,6.31,3.58,3.38,20,11.1,0.41
30017,Custer,MT,251584,2026-05,2154,FMR3,FY26,0.01098,ACS,2071,2086,2751,10.27,5.99,5.72,27,10.6,0.77
30019,Daniels,MT,173264,2026-05,1414,FMR3,FY26,0.00862,ACS,2064,2222,2931,9.79,5.49,4.99,50,17.3,1.49
30021,Dawson,MT,204744,2026-05,1504,FMR3,FY26,0.01173,ACS,2101,2150,2836,8.81,4.59,4.23,36,15.7,0.54
30023,Deer Lodge,MT,296528,2026-05,1100,ZORI,2026-05,0.00814,ACS,1426,1442,1902,4.45,2.13,1.97,16,14.4,0.72
30025,Fallon,MT,196233,2026-05,1936,FMR3,FY26,0.00573,ACS,2298,2425,3198,11.84,7.37,6.91,46,13.8,0.0
30027,Fergus,MT,312441,2026-05,1991,FMR3,FY26,0.00843,ACS,1809,1819,2399,7.65,4.47,4.28,19,10.0,0.51
30029,Flathead,MT,649719,2026-05,1934,ZORI,2026-05,0.00613,ACS,1733,1813,2392,3.57,1.87,1.77,10,10.3,1.51
30031,Gallatin,MT,705755,2026-05,2207,ZORI,2026-05,0.00599,ACS,2070,2187,2885,3.75,2.0,1.88,12,10.9,0.84
30035,Glacier,MT,167675,2026-05,1529,FMR3,FY26,0.00812,ACS,1300,1375,1813,10.94,6.84,6.53,31,9.9,1.01
30039,Granite,MT,467364,2026-05,1464,FMR3,FY26,0.00607,ACS,1612,1608,2121,3.76,1.94,1.83,11,12.1,0.65
30041,Hill,MT,235367,2026-05,854,ZORI,2026-05,0.0108,ACS,1653,1732,2284,4.35,1.57,1.3,27,22.3,0.57
30043,Jefferson,MT,532068,2026-05,1946,FMR3,FY26,0.00557,ACS,1780,1843,2431,4.39,2.49,2.37,12,10.4,1.83
30047,Lake,MT,595749,2026-05,1386,ZORI,2026-05,0.0066,ACS,1849,1937,2554,2.79,1.18,1.06,12,15.4,1.24
30049,Lewis and Clark,MT,470344,2026-05,1663,ZORI,2026-05,0.00806,ACS,1740,1712,2258,4.24,2.09,1.98,11,11.3,1.33
30053,Lincoln,MT,428701,2026-05,1627,FMR3,FY26,0.00579,ACS,1510,1590,2097,4.55,2.58,2.44,14,10.7,1.84
30055,McCone,MT,252771,2026-05,2139,FMR3,FY26,0.00674,ACS,2027,2104,2775,10.15,6.34,6.05,30,10.8,0.82
30057,Madison,MT,753219,2026-05,2073,FMR3,FY26,0.00409,ACS,3451,3501,4618,3.3,1.68,1.52,15,18.6,1.3
30059,Meagher,MT,320232,2026-05,1925,FMR3,FY26,0.00698,ACS,2301,2347,3095,7.21,4.14,3.89,25,13.4,0.45
30061,Mineral,MT,398886,2026-05,1632,FMR3,FY26,0.00551,ACS,1551,1618,2133,4.91,2.84,2.69,15,10.9,1.08
30063,Missoula,MT,580423,2026-05,1567,ZORI,2026-05,0.00906,ACS,1573,1633,2153,3.24,1.32,1.22,10,11.5,1.09
30065,Musselshell,MT,238837,2026-05,1869,FMR3,FY26,0.00625,ACS,2024,2093,2760,9.39,5.76,5.45,31,12.3,1.15
30067,Park,MT,613556,2026-05,1418,ZORI,2026-05,0.00571,ACS,2025,2150,2835,2.77,1.23,1.1,13,16.7,0.97
30071,Phillips,MT,226699,2026-05,1353,FMR3,FY26,0.00848,ACS,1840,1892,2496,7.16,3.86,3.57,29,15.4,0.53
30073,Pondera,MT,265415,2026-05,1619,FMR3,FY26,0.00884,ACS,1437,1514,1996,7.32,4.21,4.0,21,10.3,1.33
30077,Powell,MT,335041,2026-05,1576,FMR3,FY26,0.00707,ACS,1701,1783,2352,5.64,3.13,2.94,19,12.4,1.75
30081,Ravalli,MT,606000,2026-05,1774,ZORI,2026-05,0.00529,ACS,1742,1804,2379,3.51,1.89,1.78,11,11.2,1.15
30083,Richland,MT,283470,2026-05,1573,FMR3,FY26,0.00747,ACS,2444,2497,3293,6.66,3.52,3.22,30,17.4,0.5
30085,Roosevelt,MT,152162,2026-05,1440,FMR3,FY26,0.01286,ACS,2103,2262,2983,11.36,6.08,5.5,58,17.3,1.77
30087,Rosebud,MT,235447,2026-05,1649,FMR3,FY26,0.0063,ACS,2131,2128,2806,8.4,4.94,4.65,29,14.2,0.34
30089,Sanders,MT,453688,2026-05,1337,FMR3,FY26,0.00549,ACS,1468,1527,2014,3.54,1.85,1.73,12,12.6,1.19
30091,Sheridan,MT,182192,2026-05,1684,FMR3,FY26,0.01287,ACS,2015,2130,2809,11.09,6.15,5.71,44,13.9,0.37
30093,Silver Bow,MT,288821,2026-05,1330,ZORI,2026-05,0.01055,ACS,1403,1450,1912,5.53,2.71,2.54,18,12.0,1.3
30095,Stillwater,MT,483033,2026-05,1748,FMR3,FY26,0.00599,ACS,2104,2242,2956,4.34,2.31,2.13,18,14.1,0.45
30097,Sweet Grass,MT,478650,2026-05,1551,FMR3,FY26,0.00491,ACS,2032,2077,2739,3.89,2.08,1.93,15,14.7,0.71
30099,Teton,MT,360650,2026-05,1891,FMR3,FY26,0.00819,ACS,1683,1722,2271,6.29,3.56,3.4,16,10.0,0.94
30101,Toole,MT,184833,2026-05,1702,FMR3,FY26,0.00963,ACS,1434,1504,1984,11.05,6.77,6.47,30,9.7,1.47
30105,Valley,MT,187609,2026-05,1566,FMR3,FY26,0.011,ACS,1900,2040,2691,10.02,5.6,5.18,42,14.3,0.89
30107,Wheatland,MT,184960,2026-05,1553,FMR3,FY26,0.0065,ACS,1494,1615,2130,10.08,6.3,5.96,34,11.4,0.0
30111,Yellowstone,MT,402120,2026-05,1436,ZORI,2026-05,0.0084,ACS,2241,2304,3038,4.29,1.9,1.7,20,17.6,0.51
31001,Adams,NE,216561,2026-05,1146,ZORI,2026-05,0.01437,ACS,2343,2488,3281,6.35,2.37,1.94,43,23.9,1.88
31003,Antelope,NE,223221,2026-05,1268,FMR3,FY26,0.0122,ACS,2152,2112,2785,6.82,3.06,2.78,28,18.3,1.45
31011,Boone,NE,297734,2026-05,1268,FMR3,FY26,0.01016,ACS,2372,2295,3027,5.11,2.12,1.9,22,19.9,0.68
31013,Box Butte,NE,177010,2026-05,1182,FMR3,FY26,0.01488,ACS,2565,2410,3178,8.01,3.23,2.89,35,22.4,2.8
31015,Boyd,NE,140599,2026-05,1187,FMR3,FY26,0.01219,ACS,1655,1843,2430,10.13,5.4,4.85,55,17.1,3.19
31017,Brown,NE,155722,2026-05,1279,FMR3,FY26,0.0108,ACS,1950,2021,2666,9.86,5.26,4.8,46,17.4,0.68
31019,Buffalo,NE,304755,2026-05,1403,ZORI,2026-05,0.01451,ACS,2446,2547,3360,5.53,2.0,1.7,30,20.0,1.06
31021,Burt,NE,192740,2026-05,1231,FMR3,FY26,0.01455,ACS,2223,2364,3118,7.66,3.29,2.83,46,21.1,1.68
31023,Butler,NE,245664,2026-05,1268,FMR3,FY26,0.01171,ACS,2199,2241,2955,6.19,2.7,2.39,31,19.4,1.18
31025,Cass,NE,315489,2026-05,1302,ZORI,2026-05,0.01434,ACS,2552,2688,3546,4.95,1.57,1.26,32,22.7,1.11
31027,Cedar,NE,236483,2026-05,1268,FMR3,FY26,0.01041,ACS,2158,2268,2992,6.43,3.0,2.65,35,19.7,1.55
31029,Chase,NE,222109,2026-05,1152,FMR3,FY26,0.01206,ACS,2463,2536,3344,6.22,2.48,2.08,40,24.2,2.59
31031,Cherry,NE,229868,2026-05,1228,FMR3,FY26,0.0101,ACS,2161,2186,2883,6.41,2.99,2.67,31,19.6,1.23
31033,Cheyenne,NE,171785,2026-05,1302,FMR3,FY26,0.01741,ACS,2335,2374,3131,9.1,3.9,3.44,46,20.0,1.25
31035,Clay,NE,182129,2026-05,1152,FMR3,FY26,0.01289,ACS,2428,2611,3443,7.59,3.22,2.66,56,24.9,1.36
31037,Colfax,NE,233877,2026-05,1312,FMR3,FY26,0.01252,ACS,2202,2298,3030,6.73,2.99,2.64,35,19.2,0.84
31039,Cuming,NE,271306,2026-05,1268,FMR3,FY26,0.01038,ACS,2124,2293,3024,5.61,2.5,2.17,33,19.9,0.31
31041,Custer,NE,180074,2026-05,1337,FMR3,FY26,0.01152,ACS,2379,2415,3186,8.91,4.39,3.94,45,19.9,0.97
31043,Dakota,NE,245072,2026-05,1386,FMR3,FY26,0.01594,ACS,2265,2384,3144,6.79,2.71,2.35,36,18.9,1.54
31045,Dawes,NE,190848,2026-05,1372,FMR3,FY26,0.01345,ACS,2143,2154,2841,8.63,4.18,3.81,37,17.3,1.36
31047,Dawson,NE,205954,2026-05,1320,ZORI,2026-05,0.0126,ACS,2224,2310,3047,7.69,3.58,3.18,40,19.2,0.8
31049,Deuel,NE,178382,2026-05,1279,FMR3,FY26,0.01497,ACS,2352,2365,3119,8.6,3.81,3.38,43,20.3,1.16
31051,Dixon,NE,198418,2026-05,1337,FMR3,FY26,0.01212,ACS,2124,2208,2913,8.09,3.94,3.55,40,18.2,2.62
31053,Dodge,NE,247136,2026-05,1230,ZORI,2026-05,0.01377,ACS,2447,2506,3306,5.97,2.23,1.88,35,22.4,1.21
31055,Douglas,NE,299020,2026-05,1450,ZORI,2026-05,0.01747,ACS,2633,2734,3605,5.82,1.85,1.53,33,20.7,1.06
31057,Dundy,NE,180630,2026-05,1187,FMR3,FY26,0.00821,ACS,2040,2330,3074,7.89,4.12,3.55,57,21.6,2.63
31059,Fillmore,NE,185395,2026-05,1279,FMR3,FY26,0.01129,ACS,2328,2402,3168,8.28,3.99,3.54,45,20.6,1.29
31061,Franklin,NE,149916,2026-05,1187,FMR3,FY26,0.01133,ACS,2347,2622,3458,9.5,4.62,3.88,74,24.3,2.1
31063,Frontier,NE,176894,2026-05,1337,FMR3,FY26,0.01426,ACS,2328,2354,3105,9.07,4.24,3.8,44,19.4,1.08
31065,Furnas,NE,121138,2026-05,1305,FMR3,FY26,0.01449,ACS,2173,2150,2835,12.93,6.71,6.16,55,18.1,2.99
31067,Gage,NE,205929,2026-05,1105,ZORI,2026-05,0.0144,ACS,2267,2386,3147,6.44,2.42,1.99,43,23.7,1.37
31069,Garden,NE,189176,2026-05,1152,FMR3,FY26,0.0118,ACS,1932,1999,2637,7.31,3.43,3.05,37,19.1,1.49
31071,Garfield,NE,229418,2026-05,1279,FMR3,FY26,0.01439,ACS,1843,1977,2608,6.69,2.91,2.58,33,17.0,0.93
31073,Gosper,NE,323920,2026-05,1240,FMR3,FY26,0.01187,ACS,2449,2598,3427,4.59,1.59,1.29,30,23.0,0.28
31079,Hall,NE,261822,2026-05,1295,ZORI,2026-05,0.01373,ACS,2570,2706,3569,5.93,2.22,1.83,38,23.0,1.31
31081,Hamilton,NE,303017,2026-05,1337,FMR3,FY26,0.00958,ACS,2486,2581,3404,5.29,2.3,2.0,30,21.2,1.94
31083,Harlan,NE,166568,2026-05,1268,FMR3,FY26,0.01148,ACS,1989,2039,2689,9.13,4.69,4.27,42,17.7,1.61
31085,Hayes,NE,299165,2026-05,1187,FMR3,FY26,0.01267,ACS,2509,2181,2876,4.76,1.56,1.44,12,20.2,5.26
31087,Hitchcock,NE,154588,2026-05,1152,FMR3,FY26,0.01244,ACS,2019,2041,2692,8.94,4.34,3.9,44,19.5,2.62
31089,Holt,NE,183547,2026-05,1152,FMR3,FY26,0.01139,ACS,2017,2144,2828,7.53,3.56,3.12,44,20.5,1.24
31091,Hooker,NE,141269,2026-05,1187,FMR3,FY26,0.01431,ACS,2029,1977,2607,10.08,4.9,4.49,41,18.3,1.32
31093,Howard,NE,284611,2026-05,1258,FMR3,FY26,0.01128,ACS,2381,2487,3281,5.3,2.12,1.8,32,21.7,1.15
31095,Jefferson,NE,141309,2026-05,1337,FMR3,FY26,0.01453,ACS,2185,2212,2918,11.35,5.74,5.22,52,18.2,0.87
31097,Johnson,NE,215581,2026-05,1177,FMR3,FY26,0.01516,ACS,2170,2263,2984,6.55,2.52,2.14,38,21.1,0.74
31099,Kearney,NE,255853,2026-05,1191,FMR3,FY26,0.01225,ACS,2470,2470,3258,5.59,2.11,1.8,31,22.8,2.2
31101,Keith,NE,243019,2026-05,1172,FMR3,FY26,0.01404,ACS,2168,2261,2982,5.79,2.16,1.83,33,21.2,1.47
31105,Kimball,NE,165351,2026-05,1279,FMR3,FY26,0.01733,ACS,2398,2423,3196,9.28,3.96,3.48,48,20.8,1.68
31107,Knox,NE,208163,2026-05,1152,FMR3,FY26,0.0122,ACS,2129,2166,2857,6.64,2.87,2.52,35,20.7,1.11
31109,Lancaster,NE,303672,2026-05,1346,ZORI,2026-05,0.01566,ACS,2277,2355,3105,5.32,1.78,1.51,27,19.2,0.72
31111,Lincoln,NE,225024,2026-05,1022,ZORI,2026-05,0.01477,ACS,2414,2504,3303,5.45,1.65,1.25,40,26.9,0.95
31119,Madison,NE,258740,2026-05,1192,ZORI,2026-05,0.01336,ACS,2317,2375,3132,5.53,2.02,1.71,31,21.9,1.03
31121,Merrick,NE,232670,2026-05,1323,FMR3,FY26,0.01172,ACS,2210,2316,3054,6.82,3.13,2.77,36,19.2,0.92
31123,Morrill,NE,158793,2026-05,1152,FMR3,FY26,0.01297,ACS,2226,2364,3117,8.71,4.0,3.44,56,22.5,1.85
31125,Nance,NE,171885,2026-05,1152,FMR3,FY26,0.01197,ACS,2158,2190,2888,8.04,3.74,3.32,42,20.9,2.68
31127,Nemaha,NE,177870,2026-05,1337,FMR3,FY26,0.01408,ACS,2275,2318,3058,9.02,4.26,3.82,44,19.1,0.76
31129,Nuckolls,NE,123057,2026-05,1174,FMR3,FY26,0.01281,ACS,2057,2196,2896,11.45,5.86,5.18,68,20.6,0.86
31131,Otoe,NE,245923,2026-05,1371,FMR3,FY26,0.01437,ACS,2252,2316,3054,6.69,2.8,2.47,33,18.6,1.21
31133,Pawnee,NE,162792,2026-05,1152,FMR3,FY26,0.01592,ACS,2158,2236,2949,8.49,3.62,3.13,49,21.3,0.0
31135,Perkins,NE,224941,2026-05,1152,FMR3,FY26,0.01014,ACS,2330,2391,3153,6.15,2.68,2.32,37,22.8,1.1
31137,Phelps,NE,221452,2026-05,1311,FMR3,FY26,0.01377,ACS,2507,2618,3453,7.1,2.96,2.53,43,21.9,1.28
31139,Pierce,NE,249959,2026-05,1152,FMR3,FY26,0.01158,ACS,2195,2326,3068,5.53,2.22,1.87,35,22.2,0.0
31141,Platte,NE,281424,2026-05,1524,ZORI,2026-05,0.01342,ACS,2296,2387,3148,6.5,2.85,2.54,30,17.2,1.09
31143,Polk,NE,217144,2026-05,1152,FMR3,FY26,0.00983,ACS,2255,2237,2950,6.37,2.88,2.56,32,21.3,0.47
31145,Red Willow,NE,176196,2026-05,1152,FMR3,FY26,0.01262,ACS,2310,2413,3182,7.85,3.47,2.97,49,23.0,1.2
31147,Richardson,NE,115195,2026-05,1152,FMR3,FY26,0.01377,ACS,2243,2289,3018,12.0,5.92,5.24,67,21.8,0.92
31149,Rock,NE,138606,2026-05,1187,FMR3,FY26,0.01016,ACS,2006,2029,2676,10.28,5.45,4.97,48,18.8,1.18
31151,Saline,NE,218284,2026-05,1337,FMR3,FY26,0.01353,ACS,2391,2453,3236,7.35,3.21,2.82,39,20.2,1.46
31153,Sarpy,NE,358926,2026-05,1458,ZORI,2026-05,0.01793,ACS,2483,2595,3422,4.87,1.27,1.01,26,19.6,0.78
31155,Saunders,NE,358812,2026-05,1432,FMR3,FY26,0.01347,ACS,2690,2768,3650,4.79,1.59,1.32,27,21.2,0.82
31157,Scotts Bluff,NE,197351,2026-05,921,ZORI,2026-05,0.01488,ACS,2490,2515,3316,5.6,1.56,1.14,42,30.0,1.84
31159,Seward,NE,317648,2026-05,1345,FMR3,FY26,0.01201,ACS,2360,2478,3268,5.08,1.97,1.68,29,20.2,1.14
31161,Sheridan,NE,141012,2026-05,1152,FMR3,FY26,0.01376,ACS,1981,2068,2727,9.8,4.77,4.24,53,19.7,2.41
31163,Sherman,NE,192949,2026-05,1337,FMR3,FY26,0.01224,ACS,2027,1980,2611,8.32,4.13,3.83,30,16.3,0.48
31165,Sioux,NE,323052,2026-05,1187,FMR3,FY26,0.01215,ACS,2489,2507,3306,4.41,1.41,1.16,25,23.2,1.65
31167,Stanton,NE,269869,2026-05,1336,FMR3,FY26,0.01307,ACS,2689,2751,3628,5.94,2.27,1.92,35,22.6,0.0
31169,Thayer,NE,152559,2026-05,1152,FMR3,FY26,0.01137,ACS,2379,2412,3181,9.06,4.28,3.76,53,23.0,0.85
31173,Thurston,NE,169831,2026-05,1189,FMR3,FY26,0.01521,ACS,2321,2282,3010,8.4,3.58,3.18,41,21.1,0.55
31175,Valley,NE,190429,2026-05,1152,FMR3,FY26,0.01552,ACS,2150,2088,2754,7.26,2.91,2.59,32,19.9,1.59
31177,Washington,NE,400452,2026-05,1813,FMR3,FY26,0.01475,ACS,2948,3060,4035,5.43,1.97,1.7,27,18.5,1.15
31179,Wayne,NE,254045,2026-05,1278,FMR3,FY26,0.01194,ACS,2207,2224,2934,6.04,2.59,2.3,29,19.1,0.84
31181,Webster,NE,139686,2026-05,1279,FMR3,FY26,0.01439,ACS,2187,2230,2942,10.99,5.46,4.91,54,19.2,1.54
31185,York,NE,233695,2026-05,1234,FMR3,FY26,0.01202,ACS,2328,2390,3152,6.34,2.68,2.33,35,21.3,2.34
32001,Churchill,NV,396451,2026-05,1716,ZORI,2026-05,0.0056,ACS,970,964,1272,5.19,3.19,3.12,8,6.2,0.88
32003,Clark,NV,430634,2026-05,1737,ZORI,2026-05,0.00497,ACS,1098,1118,1474,4.84,2.98,2.89,9,7.1,0.82
32005,Douglas,NV,701853,2026-05,2637,ZORI,2026-05,0.00451,ACS,1951,1952,2574,4.51,2.74,2.65,9,8.1,1.12
32007,Elko,NV,371374,2026-05,1573,ZORI,2026-05,0.00508,ACS,1119,1130,1491,5.08,3.1,3.0,10,7.9,1.36
32011,Eureka,NV,166650,2026-05,1937,FMR3,FY26,0.011,MODELED,1048,1049,1383,13.95,9.01,8.81,20,5.9,0.8
32013,Humboldt,NV,356330,2026-05,1636,FMR3,FY26,0.0051,ACS,1022,1012,1335,5.51,3.45,3.36,9,6.8,1.47
32015,Lander,NV,266260,2026-05,1570,FMR3,FY26,0.00635,ACS,1077,1056,1392,7.08,4.41,4.29,12,7.4,0.95
32017,Lincoln,NV,237481,2026-05,1523,FMR3,FY26,0.00543,ACS,1048,1045,1378,7.7,4.94,4.8,14,7.5,0.75
32019,Lyon,NV,417949,2026-05,1879,ZORI,2026-05,0.00463,ACS,1085,1080,1424,5.4,3.43,3.35,8,6.3,0.97
32021,Mineral,NV,125312,2026-05,1937,FMR3,FY26,0.00703,ACS,940,918,1210,18.55,12.83,12.61,22,5.2,0.95
32023,Nye,NV,362472,2026-05,1353,ZORI,2026-05,0.00472,ACS,921,927,1222,4.48,2.72,2.64,8,7.5,1.03
32027,Pershing,NV,233916,2026-05,1370,FMR3,FY26,0.00697,ACS,1039,1026,1354,7.03,4.27,4.14,13,8.2,1.35
32029,Storey,NV,474650,2026-05,2539,FMR3,FY26,0.00401,ACS,1071,1076,1419,6.42,4.32,4.24,7,4.7,0.64
32031,Washoe,NV,571530,2026-05,1978,ZORI,2026-05,0.00463,ACS,1413,1408,1857,4.15,2.49,2.41,8,7.8,0.87
32033,White Pine,NV,191922,2026-05,1716,FMR3,FY26,0.00492,ACS,925,910,1200,10.73,7.29,7.14,14,5.8,1.98
32510,Carson City,NV,494266,2026-05,1792,ZORI,2026-05,0.00417,ACS,1096,1093,1442,4.35,2.71,2.64,7,6.7,0.46
33001,Belknap,NH,513553,2026-05,1927,ZORI,2026-05,0.0144,ACS,1347,1369,1805,4.5,1.76,1.67,9,7.8,0.8
33003,Carroll,NH,506314,2026-05,2031,ZORI,2026-05,0.01056,ACS,1453,1467,1935,4.81,2.36,2.27,10,7.9,0.68
33005,Cheshire,NH,394059,2026-05,1821,ZORI,2026-05,0.0232,ACS,1400,1387,1829,5.55,1.59,1.49,11,8.4,0.62
33007,Coos,NH,258134,2026-05,1702,FMR3,FY26,0.0207,ACS,1119,1115,1471,7.91,3.59,3.45,14,7.2,0.86
33009,Grafton,NH,434651,2026-05,2220,ZORI,2026-05,0.01884,ACS,1373,1371,1809,6.13,2.52,2.42,10,6.8,0.56
33011,Hillsborough,NH,526336,2026-05,2136,ZORI,2026-05,0.01762,ACS,1344,1362,1796,4.87,1.73,1.65,9,7.0,0.59
33013,Merrimack,NH,491873,2026-05,1995,ZORI,2026-05,0.02002,ACS,1369,1381,1822,4.87,1.47,1.37,9,7.6,0.47
33015,Rockingham,NH,629483,2026-05,2536,ZORI,2026-05,0.01628,ACS,1529,1556,2053,4.83,1.85,1.77,8,6.7,0.62
33017,Strafford,NH,510070,2026-05,2159,ZORI,2026-05,0.0198,ACS,1257,1270,1675,5.08,1.68,1.6,8,6.5,0.7
33019,Sullivan,NH,389070,2026-05,1744,ZORI,2026-05,0.02377,ACS,1387,1393,1837,5.38,1.41,1.29,12,8.8,0.82
34001,Atlantic,NJ,384208,2026-05,2151,ZORI,2026-05,0.02475,ACS,2138,2147,2832,6.72,2.14,1.96,18,11.0,1.13
34003,Bergen,NJ,786366,2026-05,2900,ZORI,2026-05,0.01686,ACS,1886,1909,2517,4.43,1.48,1.4,8,7.2,0.8
34005,Burlington,NJ,423598,2026-05,2202,ZORI,2026-05,0.02419,ACS,1529,1564,2062,6.24,2.02,1.9,13,7.8,0.61
34007,Camden,NJ,357651,2026-05,1989,ZORI,2026-05,0.03075,ACS,1462,1466,1933,6.67,1.66,1.52,13,8.1,0.63
34009,Cape May,NJ,802509,2026-05,2254,ZORI,2026-05,0.01325,ACS,2589,2551,3364,3.37,0.95,0.85,10,12.4,1.45
34011,Cumberland,NJ,278798,2026-05,1604,ZORI,2026-05,0.02455,ACS,1523,1532,2020,6.9,2.31,2.14,18,10.5,0.78
34013,Essex,NJ,668383,2026-05,2266,ZORI,2026-05,0.02023,ACS,2142,2172,2864,4.07,0.79,0.68,11,10.5,0.93
34015,Gloucester,NJ,384723,2026-05,2239,ZORI,2026-05,0.02809,ACS,1448,1456,1921,6.98,2.19,2.07,12,7.2,0.54
34017,Hudson,NJ,645249,2026-05,3058,ZORI,2026-05,0.01851,ACS,2069,2096,2764,5.69,2.21,2.1,11,7.5,1.04
34019,Hunterdon,NJ,636562,2026-05,2529,ZORI,2026-05,0.02005,ACS,1699,1736,2290,4.77,1.4,1.31,9,7.5,0.69
34021,Mercer,NJ,446376,2026-05,2623,ZORI,2026-05,0.02508,ACS,1562,1617,2132,7.05,2.57,2.44,13,6.8,0.7
34023,Middlesex,NJ,587181,2026-05,2583,ZORI,2026-05,0.02204,ACS,1385,1412,1862,5.28,1.62,1.54,8,6.0,0.78
34025,Monmouth,NJ,780588,2026-05,2888,ZORI,2026-05,0.01765,ACS,2538,2593,3420,4.44,1.33,1.21,11,9.9,0.91
34027,Morris,NJ,713369,2026-05,2891,ZORI,2026-05,0.01796,ACS,1670,1694,2234,4.86,1.71,1.64,8,6.4,0.66
34029,Ocean,NJ,547747,2026-05,2726,ZORI,2026-05,0.01773,ACS,2066,2111,2784,5.97,2.45,2.32,13,8.5,0.91
34031,Passaic,NJ,598901,2026-05,2277,ZORI,2026-05,0.02276,ACS,1602,1615,2130,4.56,0.97,0.88,9,7.8,0.76
34033,Salem,NJ,297535,2026-05,1705,ZORI,2026-05,0.0303,ACS,1478,1480,1951,6.88,1.77,1.61,16,9.5,0.73
34035,Somerset,NJ,666922,2026-05,2663,ZORI,2026-05,0.01909,ACS,1951,2000,2638,4.79,1.49,1.38,10,8.3,0.77
34037,Sussex,NJ,446143,2026-05,2315,ZORI,2026-05,0.02468,ACS,1359,1370,1807,6.23,2.02,1.92,10,6.5,0.7
34039,Union,NJ,633082,2026-05,2516,ZORI,2026-05,0.02046,ACS,1556,1584,2089,4.77,1.38,1.3,8,6.9,0.77
34041,Warren,NJ,423462,2026-05,2054,ZORI,2026-05,0.02524,ACS,1343,1361,1795,5.82,1.64,1.53,11,7.3,0.62
35001,Bernalillo,NM,352602,2026-05,1482,ZORI,2026-05,0.00947,ACS,1225,1234,1627,5.04,2.59,2.47,11,9.1,1.14
35003,Catron,NM,240809,2026-05,1424,FMR3,FY26,0.00339,ACS,1164,1159,1528,7.1,4.64,4.49,15,8.9,2.01
35005,Chaves,NM,175148,2026-05,1326,ZORI,2026-05,0.00645,ACS,2009,2009,2649,9.09,5.2,4.84,37,16.6,1.26
35006,Cibola,NM,155895,2026-05,1223,FMR3,FY26,0.00819,ACS,1076,1054,1390,9.41,5.74,5.54,20,9.5,1.14
35007,Colfax,NM,250081,2026-05,1302,FMR3,FY26,0.00576,ACS,2084,2100,2769,6.25,3.4,3.13,27,17.7,1.72
35009,Curry,NM,162009,2026-05,1229,ZORI,2026-05,0.00555,ACS,2426,2432,3207,9.1,4.96,4.48,48,21.7,1.22
35011,De Baca,NM,101831,2026-05,1167,FMR3,FY26,0.00499,ACS,1716,1758,2319,13.75,8.41,7.81,59,16.6,2.01
35013,Doña Ana,NM,288334,2026-05,1466,ZORI,2026-05,0.00684,ACS,1168,1171,1545,6.1,3.61,3.48,13,8.8,0.92
35015,Eddy,NM,253360,2026-05,1595,ZORI,2026-05,0.00499,ACS,2423,2419,3190,7.55,4.36,4.06,30,16.7,1.15
35017,Grant,NM,183311,2026-05,1304,FMR3,FY26,0.0046,ACS,1129,1099,1450,8.54,5.5,5.32,18,9.3,1.94
35023,Hidalgo,NM,111786,2026-05,1353,FMR3,FY26,0.00461,ACS,1114,1139,1503,14.52,9.73,9.38,35,9.3,0.95
35025,Lea,NM,202506,2026-05,1433,ZORI,2026-05,0.00468,ACS,2599,2600,3430,8.49,4.79,4.38,41,19.9,1.39
35027,Lincoln,NM,350903,2026-05,1579,ZORI,2026-05,0.00539,ACS,1824,1896,2501,5.4,3.1,2.91,19,13.2,1.82
35028,Los Alamos,NM,584419,2026-05,2692,ZORI,2026-05,0.00573,ACS,1476,1488,1962,5.53,3.43,3.35,8,6.1,0.75
35029,Luna,NM,168600,2026-05,1280,FMR3,FY26,0.00576,ACS,1155,1109,1463,9.11,5.75,5.57,18,9.5,1.26
35031,McKinley,NM,221262,2026-05,1307,FMR3,FY26,0.01889,ACS,1143,1138,1501,7.09,3.05,2.89,16,9.6,1.68
35035,Otero,NM,232095,2026-05,1517,ZORI,2026-05,0.00563,ACS,1424,1428,1883,7.84,4.86,4.66,20,10.3,1.2
35037,Quay,NM,102159,2026-05,1227,FMR3,FY26,0.00617,ACS,2143,2188,2886,14.41,8.38,7.66,73,19.6,1.62
35039,Rio Arriba,NM,344721,2026-05,1199,FMR3,FY26,0.00433,ACS,1602,1583,2088,4.17,2.32,2.18,14,14.5,1.84
35041,Roosevelt,NM,145969,2026-05,860,ZORI,2026-05,0.00436,ACS,2443,2442,3220,7.07,3.33,2.8,53,31.2,1.99
35043,Sandoval,NM,377595,2026-05,1710,ZORI,2026-05,0.00761,ACS,1416,1421,1874,5.43,3.05,2.93,12,9.1,1.17
35045,San Juan,NM,274547,2026-05,1331,ZORI,2026-05,0.00675,ACS,1190,1171,1544,5.82,3.37,3.24,13,9.7,1.38
35047,San Miguel,NM,256244,2026-05,1402,FMR3,FY26,0.00558,ACS,2077,2130,2809,6.57,3.69,3.4,29,16.7,2.81
35049,Santa Fe,NM,558898,2026-05,1966,ZORI,2026-05,0.00506,ACS,1957,1953,2576,4.22,2.39,2.28,11,10.9,1.43
35051,Sierra,NM,190963,2026-05,1396,FMR3,FY26,0.00548,ACS,1133,1127,1486,8.77,5.61,5.43,18,8.9,1.0
35053,Socorro,NM,200652,2026-05,1353,FMR3,FY26,0.00553,ACS,1304,1298,1711,8.09,5.03,4.82,20,10.5,1.35
35055,Taos,NM,447018,2026-05,1967,ZORI,2026-05,0.00329,ACS,1900,1915,2526,5.28,3.31,3.17,14,10.7,2.14
35057,Torrance,NM,230249,2026-05,2036,FMR3,FY26,0.00467,ACS,1462,1479,1951,10.61,7.07,6.86,21,8.0,1.06
35059,Union,NM,117056,2026-05,1332,FMR3,FY26,0.00571,ACS,2096,2161,2850,13.66,8.15,7.51,64,17.8,2.2
35061,Valencia,NM,316213,2026-05,1806,ZORI,2026-05,0.0066,ACS,1291,1297,1711,6.85,4.21,4.08,13,7.9,1.29
36001,Albany,NY,370761,2026-05,1654,ZORI,2026-05,0.01894,ACS,1178,1182,1559,5.35,1.91,1.81,10,7.9,0.33
36003,Allegany,NY,139646,2026-05,1243,FMR3,FY26,0.02943,ACS,869,873,1151,10.68,4.66,4.46,20,7.7,0.53
36005,Bronx,NY,498600,2026-05,2815,ZORI,2026-05,0.01027,ACS,2611,2703,3565,6.77,3.67,3.47,19,10.6,0.74
36007,Broome,NY,197336,2026-05,1313,ZORI,2026-05,0.02635,ACS,924,937,1236,7.98,3.04,2.88,16,7.8,0.45
36009,Cattaraugus,NY,166489,2026-05,1029,ZORI,2026-05,0.02693,ACS,948,950,1253,7.42,2.45,2.27,18,10.1,0.57
36011,Cayuga,NY,231296,2026-05,1340,ZORI,2026-05,0.02282,ACS,967,987,1302,6.95,2.65,2.51,14,8.1,0.31
36013,Chautauqua,NY,176823,2026-05,1110,ZORI,2026-05,0.02386,ACS,1019,1028,1356,7.53,2.84,2.65,19,10.2,0.43
36015,Chemung,NY,161611,2026-05,1263,ZORI,2026-05,0.02522,ACS,866,877,1157,9.38,4.16,3.98,18,7.6,0.34
36017,Chenango,NY,162791,2026-05,1353,FMR3,FY26,0.0239,ACS,1021,1036,1366,9.97,4.66,4.45,21,8.4,0.49
36019,Clinton,NY,227122,2026-05,1494,FMR3,FY26,0.01977,ACS,1063,1064,1403,7.89,3.63,3.48,15,7.8,0.35
36021,Columbia,NY,484414,2026-05,2055,ZORI,2026-05,0.01548,ACS,2004,2024,2669,5.09,1.96,1.82,14,10.8,0.57
36023,Cortland,NY,202949,2026-05,1308,ZORI,2026-05,0.02646,ACS,940,965,1273,7.73,2.85,2.68,16,8.1,0.26
36025,Delaware,NY,248674,2026-05,1162,ZORI,2026-05,0.01736,ACS,1302,1295,1708,5.61,2.06,1.9,16,12.2,0.63
36027,Dutchess,NY,494592,2026-05,2130,ZORI,2026-05,0.01963,ACS,1875,1907,2515,5.17,1.64,1.51,13,9.8,0.42
36029,Erie,NY,297430,2026-05,1471,ZORI,2026-05,0.02081,ACS,1039,1051,1386,5.93,2.14,2.02,12,7.9,0.31
36031,Essex,NY,281962,2026-05,1455,FMR3,FY26,0.01555,ACS,1495,1495,1971,6.19,2.68,2.51,17,11.3,0.35
36033,Franklin,NY,178840,2026-05,1299,FMR3,FY26,0.0188,ACS,1388,1401,1847,8.72,4.06,3.8,26,11.8,0.53
36035,Fulton,NY,222612,2026-05,1004,ZORI,2026-05,0.0213,ACS,1028,1035,1365,5.41,1.58,1.42,15,11.3,0.42
36037,Genesee,NY,224217,2026-05,1400,FMR3,FY26,0.02508,ACS,926,940,1240,7.49,2.85,2.71,14,7.4,0.57
36039,Greene,NY,366487,2026-05,1759,ZORI,2026-05,0.01658,ACS,1494,1504,1984,5.76,2.37,2.24,13,9.4,0.54
36041,Hamilton,NY,271707,2026-05,1713,FMR3,FY26,0.00979,ACS,1226,1233,1626,7.57,4.4,4.25,15,7.9,0.53
36043,Herkimer,NY,200906,2026-05,1405,FMR3,FY26,0.02272,ACS,1036,1058,1395,8.39,3.67,3.5,18,8.3,0.41
36045,Jefferson,NY,230392,2026-05,1442,ZORI,2026-05,0.01575,ACS,1135,1135,1497,7.51,3.72,3.56,16,8.6,0.33
36047,Kings,NY,948173,2026-05,3742,ZORI,2026-05,0.00688,ACS,3452,3615,4767,4.74,2.59,2.46,14,10.6,0.77
36049,Lewis,NY,196898,2026-05,1402,FMR3,FY26,0.01697,ACS,1087,1098,1448,8.54,4.33,4.15,18,8.6,0.24
36051,Livingston,NY,244734,2026-05,1423,ZORI,2026-05,0.02466,ACS,950,958,1264,6.98,2.52,2.39,13,7.4,0.47
36053,Madison,NY,258875,2026-05,1133,ZORI,2026-05,0.02295,ACS,1018,1041,1373,5.25,1.35,1.22,14,10.1,0.44
36055,Monroe,NY,292212,2026-05,1595,ZORI,2026-05,0.02788,ACS,931,947,1249,6.55,1.94,1.83,11,6.5,0.38
36057,Montgomery,NY,214289,2026-05,1304,ZORI,2026-05,0.02564,ACS,1106,1107,1460,7.3,2.54,2.38,17,9.3,0.41
36059,Nassau,NY,847016,2026-05,3546,ZORI,2026-05,0.01518,ACS,3200,3234,4265,5.02,1.97,1.85,13,10.0,0.67
36061,New York,NY,1206341,2026-05,4742,ZORI,2026-05,0.00902,ACS,10785,12048,15890,4.72,1.84,1.41,42,27.9,4.11
36063,Niagara,NY,252454,2026-05,1175,ZORI,2026-05,0.02284,ACS,950,960,1266,5.59,1.64,1.52,13,9.0,0.35
36065,Oneida,NY,237176,2026-05,1436,ZORI,2026-05,0.02131,ACS,1017,1028,1356,7.26,3.03,2.89,14,7.9,0.48
36067,Onondaga,NY,282160,2026-05,1665,ZORI,2026-05,0.02593,ACS,985,1006,1327,7.08,2.51,2.39,12,6.6,0.39
36069,Ontario,NY,323340,2026-05,1900,ZORI,2026-05,0.02198,ACS,999,1008,1329,7.05,2.92,2.82,10,5.8,0.25
36071,Orange,NY,464133,2026-05,2233,ZORI,2026-05,0.02344,ACS,1506,1540,2031,5.77,1.78,1.66,11,7.6,0.42
36073,Orleans,NY,202617,2026-05,1895,FMR3,FY26,0.02996,ACS,921,946,1248,11.22,5.19,5.03,16,5.5,0.41
36075,Oswego,NY,205512,2026-05,1464,ZORI,2026-05,0.02575,ACS,991,1001,1321,8.55,3.52,3.36,16,7.5,0.34
36077,Otsego,NY,216775,2026-05,1479,ZORI,2026-05,0.01655,ACS,1131,1141,1504,8.19,4.13,3.96,17,8.5,0.5
36079,Putnam,NY,571204,2026-05,2710,ZORI,2026-05,0.02232,ACS,2025,2026,2672,5.69,1.8,1.68,11,8.2,0.31
36081,Queens,NY,740135,2026-05,3175,ZORI,2026-05,0.00877,ACS,2151,2237,2951,5.15,2.8,2.69,11,7.7,0.53
36083,Rensselaer,NY,324062,2026-05,1615,ZORI,2026-05,0.02193,ACS,1158,1163,1534,5.98,2.06,1.94,12,7.9,0.37
36085,Richmond,NY,727917,2026-05,2745,ZORI,2026-05,0.00922,ACS,2022,2099,2769,4.53,2.28,2.18,10,8.4,0.47
36087,Rockland,NY,753417,2026-05,2879,ZORI,2026-05,0.01773,ACS,1847,1866,2462,4.59,1.51,1.43,8,7.1,0.46
36089,St. Lawrence,NY,144982,2026-05,1169,ZORI,2026-05,0.02283,ACS,1004,1020,1345,9.67,4.47,4.24,24,9.6,0.72
36091,Saratoga,NY,465901,2026-05,1839,ZORI,2026-05,0.01491,ACS,1131,1138,1501,4.74,1.91,1.83,8,6.8,0.33
36093,Schenectady,NY,309203,2026-05,1479,ZORI,2026-05,0.02459,ACS,1101,1103,1455,5.74,1.61,1.49,11,8.2,0.34
36095,Schoharie,NY,252409,2026-05,2041,FMR3,FY26,0.02185,ACS,1159,1157,1525,9.7,4.83,4.68,15,6.2,0.53
36097,Schuyler,NY,247723,2026-05,1508,FMR3,FY26,0.01938,ACS,912,930,1226,7.3,3.32,3.19,13,6.8,0.31
36099,Seneca,NY,221608,2026-05,1550,FMR3,FY26,0.02289,ACS,1014,1035,1365,8.39,3.72,3.56,16,7.3,0.3
36101,Steuben,NY,171649,2026-05,1293,ZORI,2026-05,0.02523,ACS,900,913,1205,9.04,3.91,3.74,18,7.8,0.5
36103,Suffolk,NY,716259,2026-05,3948,ZORI,2026-05,0.01854,ACS,3806,3881,5118,6.61,2.71,2.52,18,10.8,1.04
36105,Sullivan,NY,323226,2026-05,1727,ZORI,2026-05,0.02164,ACS,1515,1527,2013,6.41,2.31,2.15,15,9.7,0.59
36107,Tioga,NY,202595,2026-05,1288,ZORI,2026-05,0.02448,ACS,962,972,1282,7.63,2.95,2.79,16,8.3,0.41
36109,Tompkins,NY,353006,2026-05,1917,ZORI,2026-05,0.02348,ACS,1026,1044,1377,6.52,2.38,2.28,10,6.0,0.28
36111,Ulster,NY,442118,2026-05,2065,ZORI,2026-05,0.01944,ACS,1514,1535,2024,5.6,2.03,1.91,12,8.2,0.47
36113,Warren,NY,377453,2026-05,1478,ZORI,2026-05,0.0153,ACS,1382,1388,1830,4.7,1.72,1.6,12,10.3,0.33
36115,Washington,NY,252377,2026-05,1742,FMR3,FY26,0.02082,ACS,1232,1246,1643,8.28,3.81,3.64,16,7.9,0.54
36117,Wayne,NY,250508,2026-05,1223,ZORI,2026-05,0.02551,ACS,922,946,1248,5.86,1.59,1.46,13,8.5,0.29
36119,Westchester,NY,865117,2026-05,3155,ZORI,2026-05,0.01567,ACS,3132,3120,4114,4.38,1.44,1.33,11,10.9,0.54
36121,Wyoming,NY,207172,2026-05,1336,FMR3,FY26,0.02299,ACS,933,940,1240,7.74,3.21,3.06,15,7.7,0.16
36123,Yates,NY,321779,2026-05,1329,FMR3,FY26,0.0192,ACS,1087,1110,1465,4.96,1.56,1.44,12,9.2,0.41
37001,Alamance,NC,298364,2026-05,1395,ZORI,2026-05,0.00651,ACS,1110,1128,1487,5.61,3.3,3.17,13,8.9,1.69
37003,Alexander,NC,267692,2026-05,1372,FMR3,FY26,0.00631,ACS,1018,1058,1395,6.15,3.72,3.58,14,8.5,1.5
37005,Alleghany,NC,266693,2026-05,1173,FMR3,FY26,0.00604,ACS,1476,1483,1956,5.28,2.91,2.73,18,13.9,0.57
37007,Anson,NC,143845,2026-05,1364,FMR3,FY26,0.00933,ACS,1424,1402,1850,11.38,6.84,6.54,30,11.3,2.16
37009,Ashe,NC,355248,2026-05,1150,ZORI,2026-05,0.00512,ACS,1299,1292,1704,3.88,2.11,2.0,11,12.3,0.83
37011,Avery,NC,388080,2026-05,1838,ZORI,2026-05,0.00414,ACS,1890,1824,2405,5.68,3.48,3.34,13,10.9,0.82
37013,Beaufort,NC,234846,2026-05,1272,ZORI,2026-05,0.00705,ACS,1292,1303,1719,6.5,3.75,3.57,18,11.3,6.82
37015,Bertie,NC,66885,2026-05,1252,FMR3,FY26,0.00797,ACS,1729,1714,2261,22.46,13.91,13.12,80,15.0,2.23
37017,Bladen,NC,152512,2026-05,1258,FMR3,FY26,0.00904,ACS,1697,1656,2183,9.9,5.61,5.29,32,14.5,8.16
37019,Brunswick,NC,408938,2026-05,1774,ZORI,2026-05,0.00568,ACS,1208,1244,1640,5.2,3.14,3.04,11,7.7,2.32
37021,Buncombe,NC,456884,2026-05,1696,ZORI,2026-05,0.00601,ACS,1325,1333,1758,4.46,2.54,2.45,9,8.6,0.9
37023,Burke,NC,256950,2026-05,1317,ZORI,2026-05,0.00699,ACS,1028,1033,1362,6.15,3.64,3.51,13,8.6,1.46
37025,Cabarrus,NC,388753,2026-05,1793,ZORI,2026-05,0.00762,ACS,1294,1324,1747,5.53,3.17,3.05,12,8.1,1.35
37027,Caldwell,NC,241800,2026-05,1258,ZORI,2026-05,0.00639,ACS,1005,1028,1355,6.24,3.75,3.61,14,9.0,1.78
37029,Camden,NC,398753,2026-05,1790,FMR3,FY26,0.00616,ACS,1240,1304,1720,5.39,3.22,3.1,12,8.0,7.58
37031,Carteret,NC,476483,2026-05,1856,ZORI,2026-05,0.0045,ACS,939,964,1271,4.67,2.95,2.88,7,5.7,4.18
37033,Caswell,NC,212785,2026-05,1270,FMR3,FY26,0.00677,ACS,1201,1218,1606,7.16,4.27,4.08,19,10.5,1.65
37035,Catawba,NC,297176,2026-05,1541,ZORI,2026-05,0.00605,ACS,1153,1176,1551,6.22,3.8,3.66,13,8.4,1.29
37037,Chatham,NC,565937,2026-05,1860,ZORI,2026-05,0.00671,ACS,1458,1484,1957,3.94,2.11,2.02,9,8.8,1.07
37039,Cherokee,NC,274117,2026-05,1625,ZORI,2026-05,0.00501,ACS,1195,1229,1621,7.11,4.54,4.39,16,8.3,1.15
37041,Chowan,NC,237305,2026-05,1463,FMR3,FY26,0.00686,ACS,1398,1391,1835,7.4,4.42,4.24,18,10.5,9.31
37043,Clay,NC,345538,2026-05,1429,FMR3,FY26,0.00451,ACS,1427,1449,1911,4.96,2.96,2.82,14,11.1,0.8
37045,Cleveland,NC,215697,2026-05,1226,ZORI,2026-05,0.00688,ACS,1095,1116,1472,6.82,4.06,3.88,17,10.0,1.44
37047,Columbus,NC,194383,2026-05,1109,FMR3,FY26,0.00873,ACS,1972,1919,2530,6.85,3.38,3.1,29,19.0,4.43
37049,Craven,NC,276711,2026-05,1588,ZORI,2026-05,0.00665,ACS,1155,1177,1552,6.89,4.22,4.08,14,8.1,4.86
37051,Cumberland,NC,233616,2026-05,1422,ZORI,2026-05,0.00992,ACS,1788,1815,2394,7.3,3.87,3.61,26,14.0,2.29
37053,Currituck,NC,548274,2026-05,2421,ZORI,2026-05,0.00456,ACS,1504,1522,2008,5.3,3.35,3.26,9,6.9,7.51
37055,Dare,NC,604427,2026-05,1821,FMR3,FY26,0.00528,ACS,1643,1653,2180,3.62,1.98,1.9,9,10.0,12.92
37057,Davidson,NC,280050,2026-05,1445,ZORI,2026-05,0.00631,ACS,1106,1135,1497,6.19,3.74,3.6,14,8.6,1.51
37059,Davie,NC,327119,2026-05,1625,ZORI,2026-05,0.00667,ACS,1250,1245,1642,5.96,3.54,3.42,12,8.4,0.86
37061,Duplin,NC,192586,2026-05,1175,FMR3,FY26,0.0074,ACS,1683,1702,2245,7.32,4.02,3.73,29,15.9,5.0
37063,Durham,NC,400425,2026-05,1704,ZORI,2026-05,0.00839,ACS,1430,1474,1943,5.11,2.74,2.61,13,9.5,1.43
37065,Edgecombe,NC,139487,2026-05,1051,ZORI,2026-05,0.01098,ACS,1393,1427,1882,9.05,4.87,4.52,35,14.9,1.43
37067,Forsyth,NC,287472,2026-05,1552,ZORI,2026-05,0.00849,ACS,1251,1268,1672,6.48,3.7,3.56,15,9.0,1.43
37069,Franklin,NC,364197,2026-05,1823,ZORI,2026-05,0.00719,ACS,1364,1395,1840,6.01,3.53,3.4,13,8.4,1.08
37071,Gaston,NC,302076,2026-05,1679,ZORI,2026-05,0.00797,ACS,1177,1209,1595,6.67,3.95,3.81,14,7.9,1.24
37073,Gates,NC,251271,2026-05,2364,FMR3,FY26,0.00777,ACS,1519,1555,2051,11.29,7.31,7.1,21,7.2,1.78
37075,Graham,NC,226064,2026-05,1199,FMR3,FY26,0.0054,ACS,1303,1332,1757,6.36,3.78,3.58,20,12.2,1.79
37077,Granville,NC,321300,2026-05,1805,ZORI,2026-05,0.00719,ACS,1228,1269,1673,6.74,4.09,3.95,14,7.7,1.4
37079,Greene,NC,180699,2026-05,1189,FMR3,FY26,0.00868,ACS,1444,1494,1971,7.9,4.41,4.12,29,13.8,11.35
37081,Guilford,NC,280438,2026-05,1457,ZORI,2026-05,0.00883,ACS,1260,1285,1695,6.23,3.47,3.31,16,9.7,1.77
37083,Halifax,NC,104795,2026-05,1098,ZORI,2026-05,0.01135,ACS,1468,1494,1971,12.57,7.14,6.66,48,15.0,1.64
37085,Harnett,NC,297504,2026-05,1861,ZORI,2026-05,0.00744,ACS,1542,1558,2055,7.51,4.52,4.35,17,9.2,1.03
37087,Haywood,NC,348872,2026-05,1755,ZORI,2026-05,0.00601,ACS,1281,1290,1701,6.04,3.68,3.56,12,8.1,1.19
37089,Henderson,NC,431032,2026-05,1944,ZORI,2026-05,0.00525,ACS,1288,1308,1725,5.41,3.34,3.24,10,7.4,1.02
37091,Hertford,NC,118847,2026-05,1210,FMR3,FY26,0.00975,ACS,1418,1398,1844,12.22,7.24,6.88,36,12.7,1.72
37093,Hoke,NC,282449,2026-05,1766,ZORI,2026-05,0.00692,ACS,1630,1615,2129,7.5,4.51,4.33,18,10.0,2.14
37095,Hyde,NC,224076,2026-05,1204,FMR3,FY26,0.0063,ACS,1420,1440,1899,6.45,3.7,3.49,21,13.1,9.51
37097,Iredell,NC,389652,2026-05,1662,ZORI,2026-05,0.00631,ACS,1272,1311,1729,5.12,2.98,2.87,12,8.7,1.11
37099,Jackson,NC,452560,2026-05,1426,ZORI,2026-05,0.00369,ACS,1731,1761,2323,3.78,2.16,2.03,13,13.6,1.41
37101,Johnston,NC,344953,2026-05,1833,ZORI,2026-05,0.00688,ACS,1353,1376,1815,6.38,3.83,3.7,13,8.3,1.27
37103,Jones,NC,139642,2026-05,1179,FMR3,FY26,0.00755,ACS,1266,1262,1664,10.13,6.14,5.85,29,11.8,7.95
37105,Lee,NC,293083,2026-05,1694,ZORI,2026-05,0.00798,ACS,1496,1492,1967,6.94,4.03,3.87,16,9.7,1.61
37107,Lenoir,NC,156339,2026-05,1042,ZORI,2026-05,0.00884,ACS,1704,1725,2275,8.0,4.18,3.82,37,18.2,5.77
37109,Lincoln,NC,406862,2026-05,1615,ZORI,2026-05,0.00594,ACS,1226,1241,1637,4.76,2.77,2.67,10,8.4,1.11
37111,McDowell,NC,260863,2026-05,1180,FMR3,FY26,0.00518,ACS,1171,1175,1550,5.43,3.21,3.07,15,10.9,1.19
37113,Macon,NC,363712,2026-05,1359,ZORI,2026-05,0.00428,ACS,1599,1619,2136,4.48,2.59,2.44,15,13.1,0.76
37115,Madison,NC,395417,2026-05,1663,ZORI,2026-05,0.00496,ACS,1394,1403,1851,5.05,3.04,2.92,12,9.3,0.73
37117,Martin,NC,129347,2026-05,1220,FMR3,FY26,0.0107,ACS,1572,1558,2054,11.32,6.43,6.06,37,14.0,2.75
37119,Mecklenburg,NC,424588,2026-05,1741,ZORI,2026-05,0.00749,ACS,1593,1636,2157,4.92,2.66,2.53,13,10.3,1.69
37121,Mitchell,NC,237774,2026-05,1134,FMR3,FY26,0.00502,ACS,1115,1114,1470,5.72,3.44,3.29,15,10.8,1.06
37123,Montgomery,NC,198690,2026-05,1252,FMR3,FY26,0.00703,ACS,1304,1316,1736,7.56,4.46,4.25,22,11.6,1.15
37125,Moore,NC,415813,2026-05,1903,ZORI,2026-05,0.00566,ACS,1491,1488,1962,5.49,3.3,3.19,11,8.6,0.94
37127,Nash,NC,238776,2026-05,1342,ZORI,2026-05,0.00771,ACS,1352,1376,1814,6.74,3.85,3.66,19,11.3,1.52
37129,New Hanover,NC,449652,2026-05,1684,ZORI,2026-05,0.00587,ACS,1138,1153,1520,4.49,2.62,2.53,8,7.5,3.14
37131,Northampton,NC,112872,2026-05,1165,FMR3,FY26,0.01205,ACS,1436,1441,1901,12.39,7.06,6.65,41,13.6,1.56
37133,Onslow,NC,293313,2026-05,1538,ZORI,2026-05,0.00652,ACS,1028,1048,1382,6.29,3.84,3.72,12,7.5,4.25
37135,Orange,NC,512580,2026-05,1696,ZORI,2026-05,0.00958,ACS,1505,1541,2033,3.97,1.81,1.7,10,10.0,0.99
37137,Pamlico,NC,288164,2026-05,1291,FMR3,FY26,0.00599,ACS,956,980,1293,5.38,3.21,3.09,12,8.3,3.16
37139,Pasquotank,NC,270373,2026-05,1598,ZORI,2026-05,0.00693,ACS,1201,1228,1619,7.09,4.32,4.17,15,8.4,7.06
37141,Pender,NC,435898,2026-05,1992,ZORI,2026-05,0.00696,ACS,1094,1091,1439,5.48,3.28,3.2,8,6.0,3.37
37143,Perquimans,NC,286226,2026-05,1382,FMR3,FY26,0.00622,ACS,1494,1476,1947,5.79,3.32,3.16,16,11.7,8.43
37145,Person,NC,254536,2026-05,1318,FMR3,FY26,0.00668,ACS,1301,1298,1712,6.21,3.61,3.44,16,10.8,1.36
37147,Pitt,NC,245774,2026-05,1392,ZORI,2026-05,0.00849,ACS,1643,1659,2188,6.8,3.72,3.49,22,13.1,4.2
37149,Polk,NC,319735,2026-05,2025,ZORI,2026-05,0.00579,ACS,1431,1458,1923,7.6,4.83,4.67,15,7.9,0.98
37151,Randolph,NC,256616,2026-05,1026,ZORI,2026-05,0.0072,ACS,1078,1089,1436,4.8,2.55,2.41,14,11.7,1.47
37153,Richmond,NC,136808,2026-05,1286,FMR3,FY26,0.00929,ACS,1331,1327,1750,11.28,6.78,6.48,31,11.3,1.28
37155,Robeson,NC,137694,2026-05,1155,ZORI,2026-05,0.00902,ACS,1623,1623,2140,10.07,5.67,5.3,38,15.4,5.06
37157,Rockingham,NC,202357,2026-05,1029,ZORI,2026-05,0.00788,ACS,1077,1094,1443,6.1,3.38,3.2,18,11.7,1.47
37159,Rowan,NC,280729,2026-05,1350,ZORI,2026-05,0.00653,ACS,1234,1250,1649,5.77,3.35,3.2,15,10.2,1.48
37161,Rutherford,NC,223473,2026-05,1183,ZORI,2026-05,0.00582,ACS,1206,1220,1609,6.35,3.77,3.59,18,11.3,1.55
37163,Sampson,NC,153818,2026-05,1109,FMR3,FY26,0.00819,ACS,1612,1629,2148,8.65,4.8,4.45,35,16.1,3.74
37165,Scotland,NC,146509,2026-05,1244,FMR3,FY26,0.00909,ACS,1467,1449,1911,10.19,5.94,5.63,30,12.8,1.62
37167,Stanly,NC,308698,2026-05,1708,ZORI,2026-05,0.00622,ACS,1230,1238,1633,6.64,4.09,3.96,13,8.0,1.04
37169,Stokes,NC,267523,2026-05,1607,FMR3,FY26,0.0062,ACS,1147,1116,1472,7.21,4.5,4.38,12,7.6,1.48
37171,Surry,NC,241212,2026-05,1042,ZORI,2026-05,0.00621,ACS,1111,1130,1490,5.19,2.91,2.75,16,11.9,1.79
37173,Swain,NC,327885,2026-05,1264,FMR3,FY26,0.00402,ACS,1182,1209,1595,4.63,2.8,2.67,13,10.5,1.94
37175,Transylvania,NC,477524,2026-05,2037,ZORI,2026-05,0.00458,ACS,1568,1578,2081,5.12,3.15,3.05,11,8.5,0.97
37177,Tyrrell,NC,173987,2026-05,1286,FMR3,FY26,0.00891,ACS,997,919,1212,8.87,5.37,5.24,12,7.9,9.18
37179,Union,NC,452714,2026-05,2098,ZORI,2026-05,0.00614,ACS,1451,1473,1942,5.56,3.35,3.24,11,7.7,1.58
37181,Vance,NC,188067,2026-05,949,ZORI,2026-05,0.00806,ACS,1220,1253,1653,6.06,3.21,2.98,23,14.5,1.8
37183,Wake,NC,482888,2026-05,1679,ZORI,2026-05,0.00715,ACS,1594,1644,2168,4.17,2.17,2.05,12,10.8,1.36
37185,Warren,NC,230179,2026-05,1172,FMR3,FY26,0.00849,ACS,1326,1342,1770,6.11,3.28,3.09,19,12.6,1.45
37187,Washington,NC,111173,2026-05,1197,FMR3,FY26,0.01123,ACS,1183,1164,1535,12.92,7.76,7.44,32,10.7,12.17
37189,Watauga,NC,514293,2026-05,1806,ZORI,2026-05,0.00415,ACS,1565,1589,2096,4.21,2.53,2.42,10,9.7,1.08
37191,Wayne,NC,188520,2026-05,1468,ZORI,2026-05,0.00744,ACS,1536,1570,2071,9.35,5.64,5.35,28,11.8,7.39
37193,Wilkes,NC,226350,2026-05,1246,ZORI,2026-05,0.00621,ACS,1145,1149,1516,6.61,3.96,3.8,16,10.1,1.29
37195,Wilson,NC,222650,2026-05,1476,ZORI,2026-05,0.00831,ACS,1310,1336,1762,7.96,4.71,4.5,20,9.9,2.34
37197,Yadkin,NC,243680,2026-05,1607,FMR3,FY26,0.00686,ACS,1043,1042,1375,7.91,4.98,4.84,14,7.1,1.51
37199,Yancey,NC,320247,2026-05,1233,FMR3,FY26,0.00476,ACS,1219,1223,1613,4.62,2.7,2.58,12,10.9,1.09
38001,Adams,ND,141466,2026-05,1214,FMR3,FY26,0.01021,ACS,2137,2070,2730,10.3,5.4,4.98,42,18.7,0.0
38003,Barnes,ND,200000,2026-05,863,ZORI,2026-05,0.01096,ACS,1732,1750,2307,5.18,2.03,1.74,29,22.3,0.83
38009,Bottineau,ND,217740,2026-05,1153,FMR3,FY26,0.00699,ACS,1883,1910,2519,6.35,3.33,3.04,29,18.2,1.35
38011,Bowman,ND,187788,2026-05,1214,FMR3,FY26,0.00754,ACS,2367,2405,3172,7.76,3.96,3.53,43,21.8,1.58
38015,Burleigh,ND,370768,2026-05,1342,ZORI,2026-05,0.00878,ACS,2253,2249,2966,4.34,1.86,1.67,19,18.4,0.6
38017,Cass,ND,338131,2026-05,1142,ZORI,2026-05,0.01211,ACS,1907,1943,2562,4.05,1.34,1.15,19,18.7,0.95
38019,Cavalier,ND,173135,2026-05,1170,FMR3,FY26,0.01246,ACS,1685,1682,2219,8.11,4.02,3.72,31,15.8,0.0
38021,Dickey,ND,180292,2026-05,1214,FMR3,FY26,0.0092,ACS,1731,1726,2277,8.08,4.34,4.04,30,15.6,1.54
38025,Dunn,ND,376005,2026-05,1125,FMR3,FY26,0.00604,ACS,2356,2267,2990,3.59,1.53,1.37,17,22.1,0.7
38029,Emmons,ND,157603,2026-05,1047,FMR3,FY26,0.00899,ACS,1825,1849,2439,7.97,4.08,3.69,39,19.4,0.61
38031,Foster,ND,187554,2026-05,1214,FMR3,FY26,0.01285,ACS,1833,1801,2376,7.77,3.72,3.43,29,16.3,0.0
38033,Golden Valley,ND,189963,2026-05,1428,FMR3,FY26,0.0093,ACS,1888,1944,2564,9.02,5.02,4.67,36,15.0,0.83
38035,Grand Forks,ND,291007,2026-05,1211,ZORI,2026-05,0.01128,ACS,1857,1860,2453,4.99,2.08,1.87,20,16.9,0.58
38039,Griggs,ND,133058,2026-05,1076,FMR3,FY26,0.00906,ACS,1584,1650,2176,9.7,5.38,4.93,44,16.9,3.33
38043,Kidder,ND,211187,2026-05,1214,FMR3,FY26,0.00657,ACS,1640,1683,2219,6.9,3.88,3.6,27,15.2,0.0
38049,McHenry,ND,156727,2026-05,1387,FMR3,FY26,0.00663,ACS,2098,2106,2778,10.62,6.18,5.74,43,16.7,1.3
38053,McKenzie,ND,375362,2026-05,1288,ZORI,2026-05,0.00412,ACS,2079,2025,2671,4.12,2.2,2.05,16,17.3,0.76
38055,McLean,ND,220985,2026-05,1214,FMR3,FY26,0.0075,ACS,2104,2104,2774,6.59,3.37,3.07,30,19.0,0.99
38057,Mercer,ND,243050,2026-05,1386,FMR3,FY26,0.01071,ACS,2156,2124,2801,6.84,3.31,3.05,27,16.8,0.49
38059,Morton,ND,323029,2026-05,1317,ZORI,2026-05,0.01026,ACS,2120,2144,2828,4.89,2.09,1.87,22,17.9,0.61
38061,Mountrail,ND,243515,2026-05,1386,FMR3,FY26,0.00527,ACS,1724,1777,2344,6.83,4.02,3.77,25,14.1,0.92
38065,Oliver,ND,257133,2026-05,1634,FMR3,FY26,0.00628,ACS,2234,2110,2783,7.63,4.37,4.16,21,14.2,0.0
38067,Pembina,ND,143264,2026-05,1214,FMR3,FY26,0.00999,ACS,1791,1724,2274,10.17,5.58,5.24,34,15.6,1.74
38071,Ramsey,ND,231242,2026-05,1214,FMR3,FY26,0.00936,ACS,1840,1830,2414,6.3,3.12,2.87,25,16.6,1.37
38073,Ransom,ND,204348,2026-05,1196,FMR3,FY26,0.01051,ACS,1793,1765,2327,7.02,3.48,3.22,26,16.2,0.0
38075,Renville,ND,195460,2026-05,1329,FMR3,FY26,0.00677,ACS,1895,1966,2593,8.16,4.64,4.28,36,16.3,0.0
38077,Richland,ND,230983,2026-05,830,ZORI,2026-05,0.01135,ACS,1894,1838,2424,4.31,1.37,1.14,23,24.3,0.79
38089,Stark,ND,316772,2026-05,1250,ZORI,2026-05,0.00921,ACS,2354,2363,3117,4.73,1.98,1.74,24,20.8,1.24
38093,Stutsman,ND,232421,2026-05,1143,ZORI,2026-05,0.01095,ACS,1661,1667,2198,5.9,2.73,2.5,23,16.0,0.84
38097,Traill,ND,221931,2026-05,1214,FMR3,FY26,0.01045,ACS,1763,1843,2430,6.56,3.22,2.91,30,16.7,0.8
38099,Walsh,ND,166717,2026-05,1140,FMR3,FY26,0.01105,ACS,1741,1744,2300,8.21,4.17,3.83,34,16.8,2.4
38101,Ward,ND,280811,2026-05,1087,ZORI,2026-05,0.01075,ACS,1914,1929,2544,4.65,1.82,1.6,22,19.5,0.55
38103,Wells,ND,132819,2026-05,1214,FMR3,FY26,0.0104,ACS,1961,1974,2603,10.97,5.93,5.45,48,17.9,0.0
38105,Williams,ND,356106,2026-05,1291,ZORI,2026-05,0.00714,ACS,1934,1952,2574,4.35,2.09,1.91,18,16.6,1.47
39001,Adams,OH,189027,2026-05,1220,FMR3,FY26,0.00827,ACS,1364,1378,1818,7.74,4.41,4.17,24,12.4,2.2
39003,Allen,OH,192174,2026-05,1147,ZORI,2026-05,0.01125,ACS,1265,1277,1684,7.16,3.73,3.52,22,12.2,0.61
39005,Ashland,OH,246004,2026-05,908,ZORI,2026-05,0.01016,ACS,1143,1166,1538,4.43,1.93,1.77,16,14.1,0.89
39007,Ashtabula,OH,181975,2026-05,925,ZORI,2026-05,0.01263,ACS,1145,1170,1543,6.1,2.8,2.59,22,13.9,1.0
39009,Athens,OH,188425,2026-05,929,ZORI,2026-05,0.01205,ACS,1197,1209,1594,5.92,2.71,2.5,21,14.3,3.24
39011,Auglaize,OH,243421,2026-05,1391,FMR3,FY26,0.00965,ACS,1140,1149,1515,6.86,3.85,3.69,15,9.1,0.68
39013,Belmont,OH,135511,2026-05,928,ZORI,2026-05,0.00993,ACS,1057,1067,1408,8.21,4.55,4.29,26,12.7,1.28
39015,Brown,OH,261748,2026-05,1361,FMR3,FY26,0.00827,ACS,1313,1363,1798,6.24,3.48,3.29,19,11.0,0.99
39017,Butler,OH,315930,2026-05,1587,ZORI,2026-05,0.01239,ACS,1286,1306,1722,6.03,3.0,2.86,14,9.0,0.8
39019,Carroll,OH,208732,2026-05,1371,FMR3,FY26,0.00967,ACS,1125,1146,1512,7.88,4.56,4.38,19,9.2,0.76
39021,Champaign,OH,253311,2026-05,962,ZORI,2026-05,0.0104,ACS,1315,1356,1789,4.56,1.95,1.76,19,15.5,0.84
39023,Clark,OH,202804,2026-05,1223,ZORI,2026-05,0.01246,ACS,1225,1260,1661,7.24,3.72,3.51,21,11.3,0.89
39025,Clermont,OH,332857,2026-05,1637,ZORI,2026-05,0.01279,ACS,1251,1278,1685,5.9,2.89,2.76,13,8.6,0.71
39027,Clinton,OH,255688,2026-05,1050,ZORI,2026-05,0.00942,ACS,1314,1362,1797,4.93,2.34,2.15,19,14.3,1.53
39029,Columbiana,OH,162585,2026-05,846,ZORI,2026-05,0.0107,ACS,1142,1176,1550,6.25,3.04,2.79,25,15.3,0.84
39031,Coshocton,OH,190704,2026-05,1254,FMR3,FY26,0.00968,ACS,1090,1109,1463,7.89,4.54,4.34,20,9.7,0.91
39033,Crawford,OH,163333,2026-05,1283,FMR3,FY26,0.01221,ACS,1129,1147,1513,9.43,5.35,5.11,24,9.8,0.86
39035,Cuyahoga,OH,222178,2026-05,1453,ZORI,2026-05,0.02085,ACS,1304,1312,1731,7.85,3.37,3.18,19,9.9,0.92
39037,Darke,OH,218223,2026-05,825,ZORI,2026-05,0.0093,ACS,1158,1177,1552,4.54,2.03,1.85,18,15.7,0.56
39039,Defiance,OH,186076,2026-05,1239,FMR3,FY26,0.01117,ACS,1207,1208,1593,7.99,4.39,4.18,21,10.7,0.87
39041,Delaware,OH,520656,2026-05,1595,ZORI,2026-05,0.01644,ACS,1423,1452,1915,3.68,0.91,0.82,9,10.0,0.65
39043,Erie,OH,238890,2026-05,1532,ZORI,2026-05,0.01267,ACS,1143,1139,1502,7.69,4.18,4.03,15,8.2,0.76
39045,Fairfield,OH,369033,2026-05,1808,ZORI,2026-05,0.01147,ACS,1363,1419,1871,5.88,3.01,2.87,14,8.6,0.89
39047,Fayette,OH,240220,2026-05,1273,FMR3,FY26,0.00962,ACS,1277,1306,1723,6.36,3.4,3.22,19,11.3,1.01
39049,Franklin,OH,300703,2026-05,1506,ZORI,2026-05,0.01547,ACS,1320,1356,1788,6.01,2.64,2.49,16,9.9,0.99
39051,Fulton,OH,229113,2026-05,1380,FMR3,FY26,0.01334,ACS,1218,1228,1619,7.23,3.7,3.52,18,9.8,0.78
39053,Gallia,OH,173414,2026-05,1240,FMR3,FY26,0.01001,ACS,1287,1304,1720,8.58,4.86,4.61,25,11.6,0.67
39055,Geauga,OH,383177,2026-05,2283,ZORI,2026-05,0.01486,ACS,1362,1391,1835,7.15,3.66,3.54,12,6.7,0.84
39057,Greene,OH,304777,2026-05,1585,ZORI,2026-05,0.01689,ACS,1284,1314,1733,6.24,2.69,2.55,15,9.1,0.9
39059,Guernsey,OH,166030,2026-05,1280,FMR3,FY26,0.01013,ACS,1135,1148,1514,9.25,5.43,5.2,23,9.9,1.05
39061,Hamilton,OH,274555,2026-05,1542,ZORI,2026-05,0.01533,ACS,1401,1413,1864,6.74,3.15,2.98,17,10.1,0.84
39063,Hancock,OH,241544,2026-05,1159,ZORI,2026-05,0.01001,ACS,1359,1378,1817,5.76,2.87,2.68,19,13.1,0.82
39065,Hardin,OH,189873,2026-05,1230,FMR3,FY26,0.01122,ACS,1274,1295,1708,7.77,4.19,3.96,23,11.6,1.02
39067,Harrison,OH,142272,2026-05,1283,FMR3,FY26,0.01039,ACS,1106,1136,1498,10.82,6.52,6.24,28,9.7,1.32
39069,Henry,OH,213155,2026-05,1303,FMR3,FY26,0.01177,ACS,1238,1256,1657,7.34,3.89,3.69,20,10.6,0.77
39071,Highland,OH,204461,2026-05,1167,FMR3,FY26,0.00939,ACS,1326,1384,1826,6.85,3.69,3.44,24,13.0,1.95
39073,Hocking,OH,284602,2026-05,1338,FMR3,FY26,0.01015,ACS,1303,1333,1758,5.64,2.87,2.71,16,10.9,1.48
39075,Holmes,OH,365615,2026-05,1197,FMR3,FY26,0.01113,ACS,1071,1094,1443,3.93,1.62,1.52,10,10.0,1.03
39077,Huron,OH,198397,2026-05,1487,ZORI,2026-05,0.01047,ACS,1206,1228,1619,8.99,5.27,5.06,21,9.1,0.5
39079,Jackson,OH,147916,2026-05,1256,FMR3,FY26,0.00954,ACS,1296,1320,1741,10.19,6.02,5.72,30,11.6,1.12
39081,Jefferson,OH,131410,2026-05,872,ZORI,2026-05,0.01012,ACS,1082,1100,1450,7.96,4.29,4.01,28,13.9,0.98
39083,Knox,OH,289214,2026-05,1340,ZORI,2026-05,0.01074,ACS,1231,1275,1681,5.56,2.78,2.63,16,10.5,0.96
39085,Lake,OH,250252,2026-05,1401,ZORI,2026-05,0.01703,ACS,1055,1071,1413,6.72,3.05,2.91,14,8.4,0.72
39087,Lawrence,OH,148381,2026-05,1249,FMR3,FY26,0.0088,ACS,1261,1274,1680,10.1,6.05,5.77,28,11.2,1.22
39089,Licking,OH,341197,2026-05,1835,ZORI,2026-05,0.01256,ACS,1296,1330,1754,6.45,3.33,3.2,13,8.0,0.77
39091,Logan,OH,255179,2026-05,1204,ZORI,2026-05,0.01046,ACS,1248,1278,1685,5.66,2.82,2.65,17,11.7,0.61
39093,Lorain,OH,262430,2026-05,1289,ZORI,2026-05,0.01444,ACS,1132,1143,1507,5.9,2.66,2.52,14,9.7,0.81
39095,Lucas,OH,178791,2026-05,1216,ZORI,2026-05,0.01746,ACS,1299,1309,1726,8.16,3.81,3.57,24,11.8,1.02
39097,Madison,OH,320679,2026-05,1964,ZORI,2026-05,0.01053,ACS,1360,1384,1825,7.35,4.18,4.04,15,7.7,0.62
39099,Mahoning,OH,177089,2026-05,1061,ZORI,2026-05,0.014,ACS,1170,1197,1579,7.19,3.47,3.24,23,12.4,1.02
39101,Marion,OH,183036,2026-05,1267,ZORI,2026-05,0.00979,ACS,1299,1318,1739,8.31,4.71,4.47,24,11.4,1.02
39103,Medina,OH,349405,2026-05,1801,ZORI,2026-05,0.01287,ACS,1198,1214,1601,6.18,3.13,3.02,12,7.4,0.53
39105,Meigs,OH,112002,2026-05,1167,FMR3,FY26,0.00985,ACS,1189,1207,1591,12.5,7.58,7.22,36,11.4,1.21
39107,Mercer,OH,276333,2026-05,1287,FMR3,FY26,0.01078,ACS,1108,1110,1464,5.59,2.82,2.7,13,9.5,0.34
39109,Miami,OH,271141,2026-05,1490,ZORI,2026-05,0.01007,ACS,1218,1246,1643,6.59,3.62,3.47,16,9.2,0.77
39111,Monroe,OH,155078,2026-05,1283,FMR3,FY26,0.0087,ACS,1147,1158,1528,9.93,6.04,5.79,25,9.9,0.69
39113,Montgomery,OH,205438,2026-05,1298,ZORI,2026-05,0.01777,ACS,1280,1309,1727,7.58,3.44,3.22,22,11.1,0.99
39115,Morgan,OH,163308,2026-05,1193,FMR3,FY26,0.00906,ACS,1142,1166,1537,8.77,5.14,4.9,24,10.7,2.83
39117,Morrow,OH,280149,2026-05,1715,FMR3,FY26,0.011,ACS,1272,1314,1733,7.35,4.1,3.94,16,8.4,1.09
39119,Muskingum,OH,212309,2026-05,1068,ZORI,2026-05,0.00946,ACS,1223,1249,1647,6.04,3.13,2.93,20,12.9,1.25
39121,Noble,OH,194508,2026-05,1210,FMR3,FY26,0.00789,ACS,1114,1106,1459,7.46,4.39,4.21,18,10.0,0.88
39123,Ottawa,OH,272697,2026-05,1326,FMR3,FY26,0.01087,ACS,1208,1226,1617,5.84,2.96,2.81,15,10.2,0.72
39125,Paulding,OH,163833,2026-05,1343,FMR3,FY26,0.0109,ACS,1231,1252,1651,9.84,5.73,5.48,26,10.2,0.61
39127,Perry,OH,223355,2026-05,1202,FMR3,FY26,0.00929,ACS,1235,1259,1660,6.46,3.49,3.3,19,11.5,2.46
39129,Pickaway,OH,332168,2026-05,1808,ZORI,2026-05,0.01034,ACS,1351,1379,1819,6.53,3.59,3.45,14,8.4,0.73
39131,Pike,OH,172669,2026-05,1214,FMR3,FY26,0.00855,ACS,1367,1358,1791,8.44,4.85,4.6,25,12.3,0.69
39133,Portage,OH,281994,2026-05,1344,ZORI,2026-05,0.01296,ACS,1182,1202,1585,5.72,2.69,2.55,14,9.8,0.81
39135,Preble,OH,235025,2026-05,1298,FMR3,FY26,0.01076,ACS,1246,1278,1686,6.63,3.5,3.31,19,10.8,0.76
39137,Putnam,OH,258451,2026-05,1263,FMR3,FY26,0.00976,ACS,1207,1224,1615,5.86,3.07,2.91,16,10.7,0.57
39139,Richland,OH,198937,2026-05,910,ZORI,2026-05,0.01288,ACS,1127,1139,1502,5.49,2.37,2.19,19,13.7,0.9
39141,Ross,OH,206234,2026-05,1335,FMR3,FY26,0.00995,ACS,1310,1328,1752,7.77,4.35,4.14,21,10.9,1.15
39143,Sandusky,OH,190301,2026-05,1214,FMR3,FY26,0.01063,ACS,1171,1193,1573,7.66,4.22,4.0,21,10.8,1.03
39145,Scioto,OH,144830,2026-05,1328,FMR3,FY26,0.01071,ACS,1358,1377,1816,11.0,6.46,6.15,32,11.4,1.04
39147,Seneca,OH,179040,2026-05,962,ZORI,2026-05,0.01093,ACS,1212,1243,1639,6.44,3.19,2.95,24,14.2,0.74
39149,Shelby,OH,247247,2026-05,1100,ZORI,2026-05,0.01008,ACS,1209,1238,1633,5.34,2.61,2.44,17,12.4,0.64
39151,Stark,OH,219738,2026-05,1091,ZORI,2026-05,0.01318,ACS,1097,1120,1478,5.96,2.77,2.6,17,11.3,0.82
39153,Summit,OH,229036,2026-05,1249,ZORI,2026-05,0.01542,ACS,1199,1219,1608,6.54,2.97,2.79,18,10.7,0.84
39155,Trumbull,OH,170899,2026-05,1078,ZORI,2026-05,0.0141,ACS,1126,1153,1521,7.57,3.76,3.53,23,11.8,0.99
39157,Tuscarawas,OH,215487,2026-05,862,ZORI,2026-05,0.0108,ACS,1070,1098,1449,4.8,2.12,1.95,18,14.0,0.67
39159,Union,OH,412839,2026-05,1647,ZORI,2026-05,0.01255,ACS,1374,1407,1856,4.79,2.1,1.98,12,9.4,0.88
39161,Van Wert,OH,186971,2026-05,1218,FMR3,FY26,0.00966,ACS,1265,1254,1653,7.82,4.38,4.17,21,11.3,1.06
39163,Vinton,OH,179216,2026-05,1167,FMR3,FY26,0.01087,ACS,1262,1306,1722,7.81,4.23,3.97,26,12.3,1.19
39165,Warren,OH,410775,2026-05,1954,ZORI,2026-05,0.01275,ACS,1383,1417,1869,5.71,2.78,2.67,12,8.0,0.75
39167,Washington,OH,187299,2026-05,1250,ZORI,2026-05,0.00956,ACS,1160,1168,1541,8.01,4.59,4.39,20,10.3,1.64
39169,Wayne,OH,263926,2026-05,1206,ZORI,2026-05,0.01201,ACS,1068,1089,1436,5.48,2.62,2.48,14,9.9,0.6
39171,Williams,OH,183334,2026-05,1208,FMR3,FY26,0.0116,ACS,1129,1163,1534,7.91,4.31,4.09,22,10.6,1.15
39173,Wood,OH,243172,2026-05,1671,ZORI,2026-05,0.01358,ACS,1253,1272,1678,8.25,4.48,4.3,17,8.4,0.71
39175,Wyandot,OH,195324,2026-05,1242,FMR3,FY26,0.00888,ACS,1219,1237,1632,7.63,4.36,4.15,21,11.0,0.33
40001,Adair,OK,180689,2026-05,1161,FMR3,FY26,0.00475,ACS,1885,1943,2562,7.71,4.42,4.04,37,18.4,1.46
40003,Alfalfa,OK,92253,2026-05,1303,FMR3,FY26,0.0063,ACS,2707,2752,3630,16.95,9.49,8.49,100,23.2,1.64
40005,Atoka,OK,220180,2026-05,1175,FMR3,FY26,0.00556,ACS,2398,2496,3292,6.4,3.29,2.88,41,23.3,2.62
40007,Beaver,OK,136265,2026-05,1249,FMR3,FY26,0.00761,ACS,2728,2783,3671,11.0,5.71,5.01,69,24.5,2.66
40009,Beckham,OK,154131,2026-05,1257,FMR3,FY26,0.00792,ACS,2846,2842,3748,9.79,4.9,4.31,59,24.8,2.87
40011,Blaine,OK,103696,2026-05,1174,FMR3,FY26,0.00556,ACS,2712,2787,3676,13.59,7.29,6.36,93,26.1,2.9
40013,Bryan,OK,231376,2026-05,1445,ZORI,2026-05,0.00635,ACS,2365,2410,3179,7.5,4.11,3.76,35,18.3,1.42
40015,Caddo,OK,99453,2026-05,1162,FMR3,FY26,0.00571,ACS,2668,2728,3598,14.02,7.54,6.61,94,25.8,4.01
40017,Canadian,OK,273488,2026-05,1592,ZORI,2026-05,0.00981,ACS,3001,3070,4049,6.98,3.3,2.92,38,21.2,1.36
40019,Carter,OK,177584,2026-05,1217,ZORI,2026-05,0.00772,ACS,2485,2568,3386,8.23,4.16,3.66,51,23.2,1.53
40021,Cherokee,OK,213388,2026-05,1208,ZORI,2026-05,0.00565,ACS,2094,2152,2838,6.8,3.69,3.34,35,19.6,1.37
40023,Choctaw,OK,140142,2026-05,1134,FMR3,FY26,0.00419,ACS,1942,1981,2612,9.71,5.67,5.19,48,19.2,2.94
40025,Cimarron,OK,80269,2026-05,1303,FMR3,FY26,0.00408,ACS,2417,2347,3096,19.48,11.58,10.73,85,19.8,2.37
40027,Cleveland,OK,255540,2026-05,1396,ZORI,2026-05,0.01027,ACS,3081,3128,4125,6.55,2.81,2.41,41,24.6,1.27
40029,Coal,OK,128195,2026-05,1279,FMR3,FY26,0.00584,ACS,2412,2453,3235,11.97,6.75,6.11,64,21.1,4.63
40031,Comanche,OK,156576,2026-05,1105,ZORI,2026-05,0.00898,ACS,2843,2913,3841,8.47,3.81,3.17,64,29.0,2.42
40033,Cotton,OK,107261,2026-05,1153,FMR3,FY26,0.00629,ACS,2642,2701,3562,12.9,6.84,5.98,86,25.7,4.68
40035,Craig,OK,197145,2026-05,1209,FMR3,FY26,0.00583,ACS,2422,2448,3229,7.36,3.85,3.45,41,22.3,1.67
40037,Creek,OK,218525,2026-05,1289,ZORI,2026-05,0.00738,ACS,2539,2593,3419,7.08,3.55,3.15,40,22.1,1.23
40039,Custer,OK,178537,2026-05,951,ZORI,2026-05,0.00676,ACS,2897,2896,3819,6.39,2.62,2.11,52,33.5,1.84
40041,Delaware,OK,291142,2026-05,1408,ZORI,2026-05,0.00589,ACS,2466,2485,3277,5.8,3.03,2.75,28,19.4,1.34
40043,Dewey,OK,134163,2026-05,1319,FMR3,FY26,0.00603,ACS,2442,2451,3232,11.8,6.66,6.07,59,20.4,3.81
40045,Ellis,OK,104187,2026-05,1173,FMR3,FY26,0.00748,ACS,2834,2856,3766,13.51,6.94,6.04,89,26.8,3.02
40047,Garfield,OK,144163,2026-05,1250,ZORI,2026-05,0.00889,ACS,2605,2569,3388,10.4,5.32,4.77,54,22.6,1.17
40049,Garvin,OK,153097,2026-05,1249,FMR3,FY26,0.00566,ACS,2364,2472,3260,9.79,5.43,4.84,59,21.8,2.12
40051,Grady,OK,247471,2026-05,1286,ZORI,2026-05,0.00703,ACS,2918,2946,3885,6.23,2.92,2.53,39,25.2,2.07
40053,Grant,OK,115162,2026-05,1279,FMR3,FY26,0.00604,ACS,3086,3308,4363,13.33,6.98,5.87,111,28.4,3.51
40055,Greer,OK,76123,2026-05,1303,FMR3,FY26,0.00569,ACS,2670,2713,3578,20.54,11.74,10.55,119,22.9,5.17
40057,Harmon,OK,60505,2026-05,1123,FMR3,FY26,0.00697,ACS,2703,2656,3503,22.27,11.98,10.66,132,26.0,8.62
40059,Harper,OK,82597,2026-05,1146,FMR3,FY26,0.00668,ACS,2608,2487,3279,16.65,8.99,8.18,81,23.8,2.78
40061,Haskell,OK,158159,2026-05,1147,FMR3,FY26,0.00455,ACS,2262,2276,3002,8.7,4.82,4.35,47,21.8,2.29
40063,Hughes,OK,117909,2026-05,1150,FMR3,FY26,0.00611,ACS,2384,2486,3278,11.7,6.38,5.62,76,23.8,2.93
40065,Jackson,OK,111880,2026-05,930,ZORI,2026-05,0.00633,ACS,3048,3186,4202,9.97,4.32,3.29,103,37.7,3.77
40067,Jefferson,OK,96847,2026-05,1175,FMR3,FY26,0.00661,ACS,2908,3026,3991,14.56,7.55,6.43,112,28.3,7.84
40069,Johnston,OK,162274,2026-05,1269,FMR3,FY26,0.00555,ACS,2401,2455,3237,9.38,5.19,4.68,52,21.3,2.67
40071,Kay,OK,114821,2026-05,806,ZORI,2026-05,0.00684,ACS,2320,2286,3015,8.42,3.78,3.17,61,31.2,2.55
40073,Kingfisher,OK,233834,2026-05,1343,FMR3,FY26,0.00552,ACS,2871,2902,3827,6.89,3.53,3.12,41,23.7,1.36
40075,Kiowa,OK,77180,2026-05,1303,FMR3,FY26,0.00573,ACS,3031,3120,4114,20.26,11.1,9.7,140,26.3,7.73
40077,Latimer,OK,144545,2026-05,1165,FMR3,FY26,0.00515,ACS,2146,2246,2962,9.67,5.45,4.88,56,21.2,2.0
40079,Le Flore,OK,169355,2026-05,1300,FMR3,FY26,0.00653,ACS,2023,2105,2776,9.21,5.25,4.8,44,17.8,1.26
40081,Lincoln,OK,192353,2026-05,1257,FMR3,FY26,0.00535,ACS,2505,2585,3409,7.84,4.2,3.73,47,22.6,1.89
40083,Logan,OK,313365,2026-05,1437,ZORI,2026-05,0.00763,ACS,3473,3509,4628,5.5,2.37,2.0,37,26.8,0.94
40085,Love,OK,204692,2026-05,1273,FMR3,FY26,0.00636,ACS,2493,2457,3241,7.46,3.89,3.53,37,21.2,1.35
40087,McClain,OK,286260,2026-05,1600,ZORI,2026-05,0.00799,ACS,2996,3009,3969,6.71,3.32,2.98,34,20.7,1.24
40089,McCurtain,OK,206069,2026-05,1256,FMR3,FY26,0.004,ACS,2274,2394,3157,7.31,4.13,3.7,43,20.9,2.68
40091,McIntosh,OK,195367,2026-05,1303,FMR3,FY26,0.00587,ACS,2220,2289,3018,8.0,4.44,4.03,41,19.3,1.65
40093,Major,OK,169194,2026-05,1123,FMR3,FY26,0.00615,ACS,2830,2843,3749,7.96,3.85,3.3,54,27.8,1.64
40095,Marshall,OK,211767,2026-05,1219,FMR3,FY26,0.0059,ACS,2258,2322,3062,6.91,3.66,3.28,38,20.9,1.77
40097,Mayes,OK,216969,2026-05,1085,ZORI,2026-05,0.00671,ACS,2185,2208,2912,6.0,2.94,2.61,34,22.4,1.39
40099,Murray,OK,175162,2026-05,1227,FMR3,FY26,0.00429,ACS,2425,2460,3244,8.41,4.66,4.19,47,22.0,1.99
40101,Muskogee,OK,159267,2026-05,981,ZORI,2026-05,0.007,ACS,2198,2246,2963,7.39,3.61,3.13,48,25.2,1.51
40103,Noble,OK,161048,2026-05,1123,FMR3,FY26,0.00803,ACS,2670,2776,3662,8.37,3.98,3.37,62,27.2,2.72
40105,Nowata,OK,175013,2026-05,1168,FMR3,FY26,0.00705,ACS,2073,2113,2787,8.01,4.28,3.87,41,19.9,2.42
40107,Okfuskee,OK,151445,2026-05,1176,FMR3,FY26,0.00498,ACS,2446,2421,3193,9.32,5.06,4.57,49,22.6,2.93
40109,Oklahoma,OK,226102,2026-05,1368,ZORI,2026-05,0.00984,ACS,3273,3298,4350,7.26,3.16,2.68,48,26.5,1.81
40111,Okmulgee,OK,131455,2026-05,1284,FMR3,FY26,0.00688,ACS,2371,2427,3201,11.72,6.53,5.9,63,20.8,2.39
40113,Osage,OK,217395,2026-05,1602,FMR3,FY26,0.00727,ACS,2336,2383,3142,8.84,5.01,4.64,37,16.3,1.59
40115,Ottawa,OK,140379,2026-05,1183,FMR3,FY26,0.00619,ACS,2165,2184,2880,10.11,5.63,5.12,51,20.3,1.83
40117,Pawnee,OK,179213,2026-05,1336,FMR3,FY26,0.00695,ACS,2453,2538,3347,8.95,4.82,4.33,50,20.9,2.22
40119,Payne,OK,242588,2026-05,1416,ZORI,2026-05,0.00865,ACS,2468,2548,3360,7.0,3.51,3.14,37,19.8,1.1
40121,Pittsburg,OK,151101,2026-05,1190,ZORI,2026-05,0.00517,ACS,2077,2145,2829,9.45,5.39,4.89,50,19.8,1.58
40123,Pontotoc,OK,192382,2026-05,1128,ZORI,2026-05,0.00626,ACS,2592,2628,3466,7.04,3.45,2.99,45,25.6,1.35
40125,Pottawatomie,OK,195995,2026-05,1134,ZORI,2026-05,0.00651,ACS,2555,2604,3434,6.95,3.39,2.95,45,25.2,1.42
40127,Pushmataha,OK,162349,2026-05,1303,FMR3,FY26,0.00414,ACS,1914,1960,2585,9.63,5.82,5.41,41,16.5,1.17
40129,Roger Mills,OK,192505,2026-05,1166,FMR3,FY26,0.00479,ACS,2964,2960,3904,7.27,3.58,3.09,49,27.9,3.16
40131,Rogers,OK,282681,2026-05,1417,ZORI,2026-05,0.00783,ACS,2339,2382,3141,6.01,3.02,2.74,28,18.5,0.54
40133,Seminole,OK,125343,2026-05,1256,FMR3,FY26,0.00605,ACS,2494,2608,3440,12.02,6.66,5.91,75,22.8,3.41
40135,Sequoyah,OK,191006,2026-05,1266,FMR3,FY26,0.00567,ACS,2109,2166,2856,7.95,4.45,4.06,39,18.8,1.48
40137,Stephens,OK,144401,2026-05,1001,ZORI,2026-05,0.00711,ACS,2871,2916,3846,8.32,3.71,3.03,68,32.0,2.41
40139,Texas,OK,168622,2026-05,1338,FMR3,FY26,0.00691,ACS,2976,3031,3998,9.52,4.88,4.27,61,24.9,1.09
40141,Tillman,OK,59349,2026-05,1303,FMR3,FY26,0.00663,ACS,2451,2451,3233,26.35,15.49,14.18,132,20.7,4.19
40143,Tulsa,OK,254167,2026-05,1337,ZORI,2026-05,0.01012,ACS,2413,2441,3219,6.31,2.9,2.58,32,20.1,0.78
40145,Wagoner,OK,283463,2026-05,1607,ZORI,2026-05,0.00812,ACS,2272,2311,3048,6.8,3.62,3.35,27,15.8,0.63
40147,Washington,OK,184807,2026-05,1210,ZORI,2026-05,0.00935,ACS,2147,2158,2846,7.86,3.95,3.58,38,19.6,0.56
40149,Washita,OK,107987,2026-05,1217,FMR3,FY26,0.00542,ACS,2762,2785,3673,13.52,7.31,6.47,84,25.2,4.49
40151,Woods,OK,118244,2026-05,1217,FMR3,FY26,0.00515,ACS,2706,2734,3606,12.35,6.71,5.95,76,24.7,2.53
40153,Woodward,OK,137102,2026-05,1312,ZORI,2026-05,0.00621,ACS,2907,2896,3820,11.49,6.1,5.44,67,24.3,2.0
41001,Baker,OR,306709,2026-05,1456,FMR3,FY26,0.00882,ACS,1082,1166,1537,5.7,3.15,3.0,15,8.8,0.69
41003,Benton,OR,562800,2026-05,1808,ZORI,2026-05,0.00978,ACS,1012,1020,1346,3.86,1.81,1.75,6,6.2,0.32
41005,Clackamas,OR,620011,2026-05,1862,ZORI,2026-05,0.00874,ACS,1248,1315,1734,3.6,1.7,1.62,8,7.8,0.54
41007,Clatsop,OR,514825,2026-05,1710,ZORI,2026-05,0.00704,ACS,1296,1348,1777,3.98,2.11,2.02,9,8.7,0.67
41009,Columbia,OR,452619,2026-05,1702,ZORI,2026-05,0.00755,ACS,1121,1176,1551,4.51,2.47,2.38,10,7.6,0.62
41011,Coos,OR,350637,2026-05,1502,ZORI,2026-05,0.00741,ACS,1063,1095,1445,5.14,2.91,2.81,11,8.0,0.85
41013,Crook,OR,479229,2026-05,1656,ZORI,2026-05,0.00639,ACS,1248,1329,1753,4.15,2.29,2.19,11,8.8,0.82
41015,Curry,OR,457763,2026-05,1883,FMR3,FY26,0.00531,ACS,1197,1211,1598,4.94,3.01,2.92,9,7.1,0.69
41017,Deschutes,OR,672290,2026-05,2178,ZORI,2026-05,0.00616,ACS,1178,1257,1658,3.89,2.2,2.13,7,6.3,0.83
41019,Douglas,OR,346732,2026-05,1281,ZORI,2026-05,0.0066,ACS,999,1029,1357,4.43,2.47,2.36,10,8.8,0.81
41021,Gilliam,OR,249470,2026-05,1458,FMR3,FY26,0.01008,ACS,1013,1113,1468,7.01,3.99,3.8,18,8.4,0.31
41023,Grant,OR,292375,2026-05,1533,FMR3,FY26,0.00761,ACS,1183,1228,1620,6.29,3.68,3.53,15,8.8,1.17
41025,Harney,OR,217347,2026-05,1402,FMR3,FY26,0.00968,ACS,1079,1165,1536,7.74,4.5,4.29,21,9.1,0.86
41027,Hood River,OR,696055,2026-05,3264,ZORI,2026-05,0.00588,ACS,1156,1240,1636,5.63,3.58,3.51,7,4.2,1.48
41029,Jackson,OR,439487,2026-05,1841,ZORI,2026-05,0.00758,ACS,1058,1112,1467,5.03,2.87,2.78,9,6.6,0.93
41031,Jefferson,OR,435612,2026-05,1533,ZORI,2026-05,0.00739,ACS,1099,1156,1525,4.22,2.26,2.16,10,8.3,0.9
41033,Josephine,OR,392930,2026-05,1572,ZORI,2026-05,0.00528,ACS,1139,1215,1603,4.8,2.88,2.76,12,8.5,2.4
41035,Klamath,OR,313636,2026-05,1268,ZORI,2026-05,0.00678,ACS,1090,1137,1500,4.85,2.71,2.58,13,9.9,1.25
41037,Lake,OR,201657,2026-05,1599,FMR3,FY26,0.00641,ACS,1220,1211,1597,9.52,6.08,5.89,19,8.3,1.0
41039,Lane,OR,459370,2026-05,1780,ZORI,2026-05,0.00863,ACS,1048,1093,1441,4.65,2.49,2.4,9,6.7,0.5
41041,Lincoln,OR,475265,2026-05,2037,ZORI,2026-05,0.00836,ACS,1141,1179,1555,5.14,2.88,2.8,9,6.4,0.61
41043,Linn,OR,412845,2026-05,1631,ZORI,2026-05,0.00908,ACS,1034,1084,1430,4.74,2.49,2.4,10,7.3,0.68
41045,Malheur,OR,314413,2026-05,1503,FMR3,FY26,0.00813,ACS,1129,1175,1549,5.74,3.25,3.11,13,8.6,1.49
41047,Marion,OR,447715,2026-05,1613,ZORI,2026-05,0.00882,ACS,1027,1059,1397,4.32,2.22,2.13,8,7.2,0.5
41049,Morrow,OR,314342,2026-05,1680,ZORI,2026-05,0.0082,ACS,1033,1051,1386,6.42,3.79,3.68,11,6.9,0.76
41051,Multnomah,OR,511408,2026-05,1689,ZORI,2026-05,0.00959,ACS,1246,1297,1711,3.96,1.85,1.76,9,8.4,0.68
41053,Polk,OR,482116,2026-05,1768,ZORI,2026-05,0.00842,ACS,998,1034,1364,4.4,2.34,2.26,8,6.4,0.4
41055,Sherman,OR,289225,2026-05,1677,FMR3,FY26,0.00695,ACS,1101,1199,1581,6.96,4.28,4.12,17,7.9,1.66
41057,Tillamook,OR,506243,2026-05,2342,ZORI,2026-05,0.00599,ACS,1197,1265,1669,5.55,3.44,3.34,9,5.9,0.66
41059,Umatilla,OR,312964,2026-05,1409,ZORI,2026-05,0.00989,ACS,1007,1051,1386,5.4,2.85,2.73,12,8.2,0.6
41061,Union,OR,336553,2026-05,1278,ZORI,2026-05,0.00886,ACS,1092,1155,1524,4.56,2.3,2.17,13,9.9,0.93
41063,Wallowa,OR,440753,2026-05,1598,FMR3,FY26,0.00584,ACS,1232,1315,1734,4.35,2.49,2.37,11,9.0,1.5
41065,Wasco,OR,404918,2026-05,1676,ZORI,2026-05,0.00837,ACS,1124,1192,1572,4.97,2.71,2.6,11,7.8,1.14
41067,Washington,OR,568375,2026-05,1897,ZORI,2026-05,0.00869,ACS,1103,1154,1522,4.01,2.02,1.95,7,6.7,0.44
41069,Wheeler,OR,318737,2026-05,1405,FMR3,FY26,0.00727,ACS,1100,1233,1627,5.29,3.0,2.84,17,9.7,1.4
41071,Yamhill,OR,508534,2026-05,1980,ZORI,2026-05,0.00749,ACS,1117,1148,1515,4.67,2.63,2.55,8,6.4,0.51
42001,Adams,PA,337385,2026-05,1330,ZORI,2026-05,0.01394,ACS,973,978,1290,4.73,1.96,1.87,9,8.1,0.33
42003,Allegheny,PA,243821,2026-05,1555,ZORI,2026-05,0.01569,ACS,1076,1093,1441,7.65,3.88,3.73,15,7.7,0.43
42005,Armstrong,PA,161422,2026-05,924,ZORI,2026-05,0.01487,ACS,919,929,1225,6.87,3.23,3.04,19,11.1,0.48
42007,Beaver,PA,207905,2026-05,1068,ZORI,2026-05,0.0144,ACS,976,990,1305,6.16,2.84,2.68,16,10.2,0.56
42009,Bedford,PA,215251,2026-05,1226,FMR3,FY26,0.00811,ACS,937,933,1230,6.83,4.02,3.88,14,8.4,0.42
42011,Berks,PA,312341,2026-05,1505,ZORI,2026-05,0.01768,ACS,1072,1089,1436,5.78,2.34,2.22,12,8.0,0.36
42013,Blair,PA,178053,2026-05,1077,ZORI,2026-05,0.01092,ACS,884,892,1176,7.26,4.0,3.84,16,9.1,0.33
42015,Bradford,PA,206333,2026-05,966,ZORI,2026-05,0.01157,ACS,1000,1006,1327,5.62,2.68,2.53,16,11.4,0.73
42017,Bucks,PA,527114,2026-05,2163,ZORI,2026-05,0.01383,ACS,1708,1717,2264,4.92,2.08,1.98,11,8.7,0.21
42019,Butler,PA,329783,2026-05,1799,ZORI,2026-05,0.0107,ACS,1037,1041,1373,6.55,3.66,3.55,10,6.4,0.31
42021,Cambria,PA,107147,2026-05,873,ZORI,2026-05,0.01283,ACS,852,860,1135,9.78,5.45,5.19,26,10.8,0.41
42023,Cameron,PA,85622,2026-05,1179,FMR3,FY26,0.01667,ACS,812,815,1074,16.52,10.11,9.8,31,7.6,0.62
42025,Carbon,PA,269966,2026-05,1288,ZORI,2026-05,0.01504,ACS,1100,1130,1491,5.72,2.5,2.35,14,9.6,0.51
42027,Centre,PA,353667,2026-05,1796,ZORI,2026-05,0.01065,ACS,981,986,1300,6.09,3.35,3.26,9,6.0,0.35
42029,Chester,PA,576594,2026-05,2158,ZORI,2026-05,0.01341,ACS,1651,1665,2196,4.49,1.83,1.74,9,8.5,0.24
42031,Clarion,PA,145637,2026-05,1182,FMR3,FY26,0.00971,ACS,939,950,1253,9.74,5.88,5.67,22,8.8,0.5
42033,Clearfield,PA,140758,2026-05,1289,FMR3,FY26,0.0119,ACS,921,928,1224,10.99,6.62,6.4,22,7.9,0.66
42035,Clinton,PA,200517,2026-05,924,ZORI,2026-05,0.01143,ACS,820,821,1083,5.53,2.71,2.58,13,9.8,0.73
42037,Columbia,PA,245225,2026-05,1157,ZORI,2026-05,0.01138,ACS,964,963,1270,5.66,2.83,2.7,12,9.1,0.63
42039,Crawford,PA,169024,2026-05,825,ZORI,2026-05,0.01464,ACS,1007,1009,1330,5.86,2.45,2.26,19,13.4,0.5
42041,Cumberland,PA,349842,2026-05,1626,ZORI,2026-05,0.01214,ACS,970,984,1298,5.58,2.8,2.71,9,6.7,0.25
42043,Dauphin,PA,281214,2026-05,1419,ZORI,2026-05,0.01426,ACS,1001,1023,1350,6.06,2.88,2.76,12,7.9,0.43
42045,Delaware,PA,369653,2026-05,1811,ZORI,2026-05,0.01984,ACS,1750,1778,2346,5.88,2.07,1.91,16,10.8,0.34
42047,Elk,PA,139617,2026-05,1283,FMR3,FY26,0.01311,ACS,875,874,1153,11.03,6.55,6.35,20,7.5,0.48
42049,Erie,PA,224107,2026-05,1138,ZORI,2026-05,0.01625,ACS,982,985,1299,6.09,2.63,2.49,14,9.5,0.51
42051,Fayette,PA,148339,2026-05,890,ZORI,2026-05,0.01195,ACS,1052,1058,1396,7.2,3.64,3.41,23,13.1,0.62
42053,Forest,PA,135500,2026-05,1236,FMR3,FY26,0.01038,ACS,826,827,1090,10.95,6.78,6.59,19,7.3,0.29
42055,Franklin,PA,291378,2026-05,1326,ZORI,2026-05,0.01115,ACS,902,910,1200,5.46,2.78,2.68,10,7.5,0.35
42057,Fulton,PA,238502,2026-05,1167,FMR3,FY26,0.01028,ACS,973,968,1277,5.87,3.09,2.96,13,9.1,0.3
42059,Greene,PA,147288,2026-05,1314,FMR3,FY26,0.01295,ACS,1064,1069,1410,10.71,6.23,5.99,23,8.9,0.55
42061,Huntingdon,PA,182832,2026-05,1320,FMR3,FY26,0.00914,ACS,909,917,1209,8.66,5.26,5.1,16,7.6,0.44
42063,Indiana,PA,168650,2026-05,942,ZORI,2026-05,0.01562,ACS,946,961,1268,6.7,3.04,2.85,19,11.2,0.41
42065,Jefferson,PA,124657,2026-05,1197,FMR3,FY26,0.01114,ACS,907,909,1199,11.52,7.03,6.8,23,8.3,0.47
42067,Juniata,PA,234820,2026-05,1250,FMR3,FY26,0.0105,ACS,915,904,1192,6.39,3.48,3.36,12,7.9,0.4
42069,Lackawanna,PA,230638,2026-05,1371,ZORI,2026-05,0.01532,ACS,1161,1181,1557,7.13,3.46,3.28,17,9.5,0.47
42071,Lancaster,PA,388209,2026-05,1526,ZORI,2026-05,0.01411,ACS,971,987,1301,4.72,1.97,1.89,9,7.1,0.23
42073,Lawrence,PA,164907,2026-05,949,ZORI,2026-05,0.01451,ACS,1014,1030,1358,6.9,3.25,3.04,21,11.9,0.53
42075,Lebanon,PA,320674,2026-05,1348,ZORI,2026-05,0.01399,ACS,941,952,1256,5.04,2.19,2.09,10,7.8,0.23
42077,Lehigh,PA,364915,2026-05,1856,ZORI,2026-05,0.01663,ACS,1177,1194,1574,6.1,2.71,2.6,11,7.1,0.32
42079,Luzerne,PA,225295,2026-05,1309,ZORI,2026-05,0.0153,ACS,1049,1070,1411,6.97,3.37,3.21,16,9.0,0.49
42081,Lycoming,PA,236561,2026-05,1021,ZORI,2026-05,0.01353,ACS,916,924,1219,5.18,2.25,2.12,13,10.0,0.33
42083,McKean,PA,111369,2026-05,1219,FMR3,FY26,0.01636,ACS,964,978,1290,13.13,7.61,7.32,29,8.8,0.59
42085,Mercer,PA,181049,2026-05,851,ZORI,2026-05,0.01265,ACS,1016,1019,1344,5.64,2.52,2.34,18,13.2,0.43
42087,Mifflin,PA,196818,2026-05,1283,FMR3,FY26,0.01558,ACS,826,826,1090,7.82,4.05,3.91,13,7.1,0.4
42089,Monroe,PA,314088,2026-05,1846,ZORI,2026-05,0.01839,ACS,1353,1388,1830,7.05,3.16,3.01,15,8.3,0.53
42091,Montgomery,PA,494155,2026-05,2057,ZORI,2026-05,0.01409,ACS,1709,1718,2266,4.99,2.09,1.98,11,9.2,0.24
42093,Montour,PA,279934,2026-05,1490,ZORI,2026-05,0.0103,ACS,979,986,1300,6.39,3.54,3.43,11,7.3,0.27
42095,Northampton,PA,371201,2026-05,1887,ZORI,2026-05,0.01653,ACS,1187,1202,1585,6.1,2.72,2.62,11,7.0,0.36
42097,Northumberland,PA,166304,2026-05,1059,ZORI,2026-05,0.01173,ACS,877,881,1161,7.64,4.19,4.02,17,9.1,0.51
42099,Perry,PA,297058,2026-05,1072,ZORI,2026-05,0.01246,ACS,943,949,1252,4.33,1.77,1.67,10,9.7,0.39
42101,Philadelphia,PA,236768,2026-05,1806,ZORI,2026-05,0.0084,ACS,1767,1800,2374,9.15,5.46,5.21,26,11.0,0.34
42103,Pike,PA,306548,2026-05,2120,ZORI,2026-05,0.01396,ACS,1329,1344,1773,8.3,4.56,4.42,14,7.0,0.44
42105,Potter,PA,162495,2026-05,1223,FMR3,FY26,0.01278,ACS,941,951,1254,9.03,5.1,4.9,19,8.5,0.56
42107,Schuylkill,PA,168308,2026-05,1256,ZORI,2026-05,0.01529,ACS,1017,1031,1360,8.96,4.76,4.56,20,9.0,0.61
42109,Snyder,PA,232302,2026-05,1321,FMR3,FY26,0.01169,ACS,877,880,1160,6.82,3.71,3.59,12,7.3,0.39
42111,Somerset,PA,177731,2026-05,909,ZORI,2026-05,0.01109,ACS,938,954,1258,6.14,3.09,2.91,18,11.5,0.57
42113,Sullivan,PA,215586,2026-05,1353,FMR3,FY26,0.01051,ACS,1088,1093,1442,7.53,4.24,4.08,16,8.9,0.39
42115,Susquehanna,PA,244237,2026-05,1342,FMR3,FY26,0.01148,ACS,1132,1139,1502,6.59,3.47,3.31,15,9.3,0.57
42117,Tioga,PA,221573,2026-05,1362,FMR3,FY26,0.01189,ACS,943,946,1248,7.38,4.06,3.93,14,7.6,0.68
42119,Union,PA,294806,2026-05,1468,ZORI,2026-05,0.01197,ACS,906,906,1194,5.97,3.1,3.0,10,6.8,0.37
42121,Venango,PA,131737,2026-05,948,ZORI,2026-05,0.01318,ACS,986,991,1307,8.63,4.58,4.34,24,11.5,0.45
42123,Warren,PA,137848,2026-05,1304,FMR3,FY26,0.01391,ACS,925,924,1219,11.35,6.68,6.47,21,7.8,0.58
42125,Washington,PA,240665,2026-05,1238,ZORI,2026-05,0.01108,ACS,1028,1042,1374,6.18,3.22,3.08,14,9.2,0.42
42127,Wayne,PA,307042,2026-05,1419,ZORI,2026-05,0.01263,ACS,1298,1318,1738,5.55,2.58,2.44,14,10.2,0.43
42129,Westmoreland,PA,209480,2026-05,1099,ZORI,2026-05,0.01281,ACS,981,996,1314,6.3,3.1,2.94,16,10.0,0.44
42131,Wyoming,PA,234037,2026-05,1631,FMR3,FY26,0.01344,ACS,1169,1183,1560,8.36,4.6,4.43,17,8.0,0.52
42133,York,PA,309992,2026-05,1384,ZORI,2026-05,0.0168,ACS,1004,1025,1351,5.36,2.12,2.01,11,8.1,0.31
44001,Bristol,RI,654355,2026-05,2160,ZORI,2026-05,0.01385,ACS,2462,2401,3167,3.96,1.29,1.18,11,12.2,1.28
44003,Kent,RI,442950,2026-05,2204,ZORI,2026-05,0.01468,ACS,2044,2051,2705,5.97,2.67,2.52,15,10.2,1.4
44005,Newport,RI,785041,2026-05,3075,ZORI,2026-05,0.00955,ACS,3445,3421,4511,4.7,2.23,2.09,14,12.2,2.03
44007,Providence,RI,454381,2026-05,2102,ZORI,2026-05,0.01375,ACS,1986,2002,2640,5.55,2.46,2.32,14,10.5,1.21
44009,Washington,RI,686496,2026-05,2597,ZORI,2026-05,0.01054,ACS,2627,2586,3411,4.54,2.06,1.94,11,10.9,1.42
45001,Abbeville,SC,208680,2026-05,1220,FMR3,FY26,0.00487,ACS,1190,1217,1605,7.02,4.34,4.15,20,11.0,0.79
45003,Aiken,SC,247247,2026-05,1459,ZORI,2026-05,0.00432,ACS,1342,1346,1775,7.08,4.48,4.3,18,10.1,0.74
45005,Allendale,SC,76349,2026-05,1216,FMR3,FY26,0.0088,ACS,1607,1699,2241,19.11,11.73,10.9,83,15.4,0.59
45007,Anderson,SC,293195,2026-05,1388,ZORI,2026-05,0.00464,ACS,1284,1312,1731,5.68,3.47,3.32,15,10.4,0.68
45009,Bamberg,SC,138529,2026-05,1183,FMR3,FY26,0.00829,ACS,1400,1393,1837,10.25,6.05,5.74,32,12.9,1.17
45011,Barnwell,SC,174673,2026-05,1115,FMR3,FY26,0.00738,ACS,1433,1424,1878,7.66,4.34,4.09,25,14.0,0.98
45013,Beaufort,SC,557701,2026-05,2090,ZORI,2026-05,0.00496,ACS,3799,3679,4852,4.5,2.29,2.1,19,19.3,4.11
45015,Berkeley,SC,375879,2026-05,1951,ZORI,2026-05,0.00479,ACS,2079,2030,2677,6.23,3.76,3.6,16,11.4,2.31
45017,Calhoun,SC,214242,2026-05,1623,FMR3,FY26,0.00423,ACS,1571,1638,2160,9.09,5.84,5.57,27,11.1,0.64
45019,Charleston,SC,617247,2026-05,2118,ZORI,2026-05,0.00413,ACS,3858,3859,5089,4.12,2.13,1.93,20,20.0,3.97
45021,Cherokee,SC,186792,2026-05,1056,ZORI,2026-05,0.00436,ACS,1197,1212,1598,6.79,4.15,3.93,21,12.6,0.55
45023,Chester,SC,213763,2026-05,1469,FMR3,FY26,0.00588,ACS,1268,1294,1707,8.25,5.17,4.96,21,9.7,0.79
45025,Chesterfield,SC,182441,2026-05,1169,FMR3,FY26,0.00462,ACS,1313,1330,1754,7.69,4.74,4.5,24,12.5,0.87
45027,Clarendon,SC,190913,2026-05,1205,FMR3,FY26,0.00576,ACS,1527,1539,2029,7.57,4.46,4.19,26,14.0,0.78
45029,Colleton,SC,256935,2026-05,1081,FMR3,FY26,0.00605,ACS,1994,1934,2551,5.05,2.51,2.29,22,19.7,1.89
45031,Darlington,SC,172183,2026-05,1349,ZORI,2026-05,0.00427,ACS,1536,1549,2043,9.4,5.92,5.63,29,12.6,0.94
45033,Dillon,SC,144875,2026-05,1235,FMR3,FY26,0.00504,ACS,1578,1611,2125,10.23,6.28,5.91,38,14.3,1.09
45035,Dorchester,SC,351358,2026-05,1752,ZORI,2026-05,0.00581,ACS,1879,1871,2467,5.98,3.49,3.32,17,11.7,2.0
45037,Edgefield,SC,280317,2026-05,1627,FMR3,FY26,0.00451,ACS,1442,1436,1893,6.96,4.4,4.24,16,9.7,0.51
45039,Fairfield,SC,197829,2026-05,1922,ZORI,2026-05,0.00529,ACS,1422,1440,1899,11.66,7.73,7.49,24,8.2,0.83
45041,Florence,SC,204041,2026-05,1361,ZORI,2026-05,0.00437,ACS,1602,1633,2154,8.01,4.94,4.67,27,13.2,0.86
45043,Georgetown,SC,389849,2026-05,1756,ZORI,2026-05,0.00426,ACS,2805,2789,3678,5.41,3.02,2.79,22,17.5,2.16
45045,Greenville,SC,339562,2026-05,1574,ZORI,2026-05,0.00528,ACS,1362,1386,1828,5.56,3.35,3.22,14,9.7,0.6
45047,Greenwood,SC,178036,2026-05,1252,ZORI,2026-05,0.00585,ACS,1322,1338,1765,8.44,5.17,4.92,25,11.7,0.99
45049,Hampton,SC,164564,2026-05,1200,FMR3,FY26,0.00807,ACS,1612,1635,2156,8.75,4.95,4.62,33,15.0,2.19
45051,Horry,SC,319197,2026-05,1686,ZORI,2026-05,0.00337,ACS,1946,1996,2632,6.34,3.93,3.72,21,13.0,1.59
45053,Jasper,SC,403033,2026-05,1634,ZORI,2026-05,0.00553,ACS,1745,1724,2274,4.87,2.76,2.63,13,11.6,1.68
45055,Kershaw,SC,259136,2026-05,1727,ZORI,2026-05,0.00488,ACS,1381,1407,1855,8.0,5.14,4.95,18,9.0,0.62
45057,Lancaster,SC,388904,2026-05,1746,ZORI,2026-05,0.00499,ACS,1344,1371,1809,5.39,3.3,3.18,12,8.6,0.83
45059,Laurens,SC,223868,2026-05,1327,ZORI,2026-05,0.00438,ACS,1224,1235,1629,7.11,4.49,4.31,18,10.2,0.71
45061,Lee,SC,143605,2026-05,1111,FMR3,FY26,0.00568,ACS,1540,1537,2028,9.28,5.51,5.17,34,15.2,1.03
45063,Lexington,SC,274115,2026-05,1665,ZORI,2026-05,0.00522,ACS,1315,1334,1760,7.29,4.61,4.45,16,8.8,0.64
45065,McCormick,SC,324109,2026-05,1251,FMR3,FY26,0.00638,ACS,1229,1207,1592,4.63,2.55,2.44,11,10.6,0.57
45067,Marion,SC,146318,2026-05,1197,FMR3,FY26,0.00457,ACS,1651,1675,2209,9.82,5.97,5.59,38,15.4,2.77
45069,Marlboro,SC,117066,2026-05,1082,FMR3,FY26,0.00638,ACS,1359,1357,1790,11.09,6.74,6.37,37,13.8,0.5
45071,Newberry,SC,227747,2026-05,1383,ZORI,2026-05,0.00689,ACS,1287,1276,1683,7.29,4.36,4.18,17,10.1,0.65
45073,Oconee,SC,292854,2026-05,1568,ZORI,2026-05,0.00394,ACS,1451,1491,1966,6.43,4.06,3.88,18,10.4,0.46
45075,Orangeburg,SC,163771,2026-05,1320,ZORI,2026-05,0.0066,ACS,1498,1501,1980,9.67,5.87,5.58,29,12.5,0.97
45077,Pickens,SC,308660,2026-05,1517,ZORI,2026-05,0.0038,ACS,1490,1511,1992,5.9,3.68,3.52,16,10.9,0.72
45079,Richland,SC,246021,2026-05,1484,ZORI,2026-05,0.007,ACS,1507,1529,2016,7.24,4.26,4.05,21,11.3,1.01
45081,Saluda,SC,213778,2026-05,1623,FMR3,FY26,0.00568,ACS,1239,1222,1611,9.11,5.87,5.69,17,8.3,0.58
45083,Spartanburg,SC,279624,2026-05,1473,ZORI,2026-05,0.00563,ACS,1244,1259,1661,6.32,3.86,3.71,15,9.4,0.63
45085,Sumter,SC,215324,2026-05,1480,ZORI,2026-05,0.00539,ACS,1507,1512,1994,8.25,5.11,4.89,23,11.2,0.71
45087,Union,SC,134585,2026-05,1270,FMR3,FY26,0.00558,ACS,1132,1136,1498,11.32,7.32,7.05,27,9.8,0.72
45089,Williamsburg,SC,133445,2026-05,1183,FMR3,FY26,0.00662,ACS,1761,1792,2364,10.64,6.21,5.76,45,16.7,1.91
45091,York,SC,393211,2026-05,1654,ZORI,2026-05,0.00496,ACS,1400,1434,1891,5.05,3.03,2.91,12,9.5,1.02
46005,Beadle,SD,188792,2026-05,1245,FMR3,FY26,0.01053,ACS,1652,1715,2262,7.91,4.17,3.84,32,15.1,0.87
46007,Bennett,SD,220977,2026-05,1417,FMR3,FY26,0.01027,ACS,1964,2212,2918,7.69,4.01,3.58,43,17.2,0.57
46009,Bon Homme,SD,169524,2026-05,1292,FMR3,FY26,0.01246,ACS,1683,1699,2241,9.15,4.8,4.47,33,14.5,1.9
46011,Brookings,SD,325891,2026-05,1157,ZORI,2026-05,0.01135,ACS,1670,1757,2317,4.26,1.63,1.43,20,16.7,0.92
46013,Brown,SD,244015,2026-05,1000,ZORI,2026-05,0.01199,ACS,1808,1761,2323,4.92,1.85,1.64,21,19.4,1.05
46015,Brule,SD,254177,2026-05,1292,FMR3,FY26,0.00849,ACS,1718,1811,2389,6.1,3.17,2.91,26,15.4,2.53
46019,Butte,SD,355089,2026-05,1318,FMR3,FY26,0.01058,ACS,1894,2069,2728,4.45,1.84,1.6,23,17.2,2.1
46021,Campbell,SD,208018,2026-05,1292,FMR3,FY26,0.0144,ACS,1510,1558,2054,7.45,3.57,3.31,26,13.2,3.09
46023,Charles Mix,SD,293496,2026-05,1292,FMR3,FY26,0.01077,ACS,1691,1751,2309,5.28,2.41,2.2,21,14.9,2.59
46025,Clark,SD,211870,2026-05,1144,FMR3,FY26,0.00981,ACS,1742,1781,2349,6.48,3.19,2.9,29,17.1,0.9
46027,Clay,SD,288556,2026-05,783,ZORI,2026-05,0.01298,ACS,1857,1948,2569,3.26,0.57,0.32,25,27.3,0.75
46029,Codington,SD,344004,2026-05,1291,ZORI,2026-05,0.0106,ACS,1604,1664,2195,4.5,1.94,1.77,17,14.2,0.52
46031,Corson,SD,168301,2026-05,1186,FMR3,FY26,0.01337,ACS,1939,1920,2532,8.46,4.02,3.67,35,17.8,2.0
46033,Custer,SD,515651,2026-05,1631,FMR3,FY26,0.00779,ACS,2340,2403,3169,3.8,1.69,1.53,16,16.2,1.21
46035,Davison,SD,254036,2026-05,961,ZORI,2026-05,0.01243,ACS,1779,1837,2422,4.54,1.55,1.3,25,21.0,1.16
46037,Day,SD,254110,2026-05,1292,FMR3,FY26,0.0103,ACS,1745,1804,2379,6.1,2.98,2.73,25,15.3,1.8
46039,Deuel,SD,307839,2026-05,1292,FMR3,FY26,0.0082,ACS,1575,1676,2211,5.04,2.55,2.34,21,14.3,0.55
46045,Edmunds,SD,229858,2026-05,1246,FMR3,FY26,0.00866,ACS,2159,2283,3011,6.5,3.2,2.83,37,20.1,1.08
46047,Fall River,SD,285181,2026-05,1381,FMR3,FY26,0.01064,ACS,1879,1921,2534,5.81,2.75,2.52,23,15.3,2.33
46051,Grant,SD,246908,2026-05,1292,FMR3,FY26,0.00851,ACS,1748,1875,2472,6.28,3.28,2.98,29,15.9,1.19
46057,Hamlin,SD,341639,2026-05,1225,FMR3,FY26,0.0109,ACS,1557,1705,2248,4.3,1.77,1.57,20,15.3,0.59
46059,Hand,SD,258096,2026-05,1292,FMR3,FY26,0.00903,ACS,1768,1881,2481,6.01,3.04,2.76,28,16.0,1.44
46063,Harding,SD,260233,2026-05,1206,FMR3,FY26,0.00934,ACS,2052,2615,3448,5.56,2.56,2.02,54,23.8,0.0
46065,Hughes,SD,297877,2026-05,1396,ZORI,2026-05,0.01142,ACS,1856,1922,2535,5.63,2.57,2.34,23,15.1,1.06
46067,Hutchinson,SD,225523,2026-05,1210,FMR3,FY26,0.01117,ACS,1568,1616,2131,6.44,3.15,2.9,25,14.7,0.3
46071,Jackson,SD,153879,2026-05,1182,FMR3,FY26,-5979.07324,ACS,1710,1844,2433,9.22,597913.31,597912.84,47,17.2,1.47
46073,Jerauld,SD,224522,2026-05,1206,FMR3,FY26,0.00954,ACS,1534,1547,2040,6.45,3.33,3.1,23,14.1,2.94
46077,Kingsbury,SD,257773,2026-05,1140,FMR3,FY26,0.00995,ACS,1600,1676,2211,5.31,2.47,2.23,24,16.2,0.81
46079,Lake,SD,317100,2026-05,1163,FMR3,FY26,0.01066,ACS,1933,2041,2692,4.4,1.71,1.47,24,19.3,1.52
46081,Lawrence,SD,451134,2026-05,1455,FMR3,FY26,0.00859,ACS,2359,2443,3222,3.87,1.6,1.41,19,18.5,0.83
46083,Lincoln,SD,383538,2026-05,1389,ZORI,2026-05,0.01181,ACS,1911,1980,2611,4.34,1.67,1.48,18,15.7,0.91
46087,McCook,SD,297373,2026-05,1586,FMR3,FY26,0.00982,ACS,1793,1922,2535,6.4,3.34,3.09,25,13.3,1.11
46091,Marshall,SD,240884,2026-05,1281,FMR3,FY26,0.00908,ACS,1665,1798,2371,6.38,3.31,3.02,29,15.4,0.54
46093,Meade,SD,396878,2026-05,1345,ZORI,2026-05,0.01033,ACS,2128,2303,3038,4.07,1.56,1.33,23,18.8,1.32
46097,Miner,SD,198111,2026-05,1182,FMR3,FY26,0.01108,ACS,1429,1483,1956,7.16,3.68,3.42,27,13.8,1.74
46099,Minnehaha,SD,329929,2026-05,1261,ZORI,2026-05,0.01159,ACS,1787,1868,2464,4.59,1.83,1.63,21,16.3,1.05
46101,Moody,SD,303323,2026-05,1243,FMR3,FY26,0.01081,ACS,1679,1670,2203,4.92,2.15,1.98,17,14.8,1.23
46103,Pennington,SD,367278,2026-05,1412,ZORI,2026-05,0.01128,ACS,2026,2154,2841,4.61,1.87,1.65,22,16.8,1.16
46105,Perkins,SD,164976,2026-05,1212,FMR3,FY26,0.01327,ACS,1950,1907,2516,8.82,4.28,3.94,34,17.3,2.37
46107,Potter,SD,225227,2026-05,1358,FMR3,FY26,0.01371,ACS,1663,1781,2349,7.24,3.46,3.16,30,14.4,0.91
46109,Roberts,SD,235528,2026-05,1234,FMR3,FY26,0.0105,ACS,1580,1617,2132,6.29,3.12,2.89,23,14.4,0.37
46111,Sanborn,SD,237296,2026-05,1292,FMR3,FY26,0.01264,ACS,1701,1690,2229,6.53,3.05,2.83,22,14.4,0.91
46115,Spink,SD,172611,2026-05,1114,FMR3,FY26,0.01311,ACS,1679,1722,2272,7.74,3.68,3.34,34,17.0,1.29
46117,Stanley,SD,313077,2026-05,1316,FMR3,FY26,0.01426,ACS,2059,2168,2860,5.04,1.8,1.54,26,18.1,1.72
46119,Sully,SD,284243,2026-05,1206,FMR3,FY26,0.00854,ACS,1826,1957,2581,5.09,2.42,2.16,27,17.8,3.33
46123,Tripp,SD,197753,2026-05,1251,FMR3,FY26,0.00902,ACS,1720,1786,2356,7.59,4.07,3.75,32,15.7,3.0
46125,Turner,SD,302196,2026-05,1586,FMR3,FY26,0.01041,ACS,1794,1897,2502,6.3,3.21,2.98,23,13.1,1.38
46127,Union,SD,358095,2026-05,1496,ZORI,2026-05,0.01112,ACS,2309,2369,3124,5.01,2.1,1.88,23,17.4,1.07
46129,Walworth,SD,139943,2026-05,1175,FMR3,FY26,0.01435,ACS,1583,1575,2078,10.08,5.19,4.84,35,14.7,1.65
46135,Yankton,SD,281882,2026-05,1292,FMR3,FY26,0.01127,ACS,1728,1764,2326,5.5,2.49,2.28,21,15.0,0.57
47001,Anderson,TN,318117,2026-05,1639,ZORI,2026-05,0.00618,ACS,1536,1533,2021,6.18,3.66,3.51,15,10.3,1.03
47003,Bedford,TN,334556,2026-05,1446,ZORI,2026-05,0.00499,ACS,1746,1783,2352,5.19,2.97,2.79,18,13.6,0.83
47005,Benton,TN,189157,2026-05,1286,FMR3,FY26,0.00581,ACS,1673,1726,2276,8.16,4.82,4.5,32,14.7,1.39
47007,Bledsoe,TN,250789,2026-05,1169,FMR3,FY26,0.00406,ACS,1587,1579,2082,5.59,3.27,3.07,20,14.8,1.27
47009,Blount,TN,394874,2026-05,1814,ZORI,2026-05,0.00503,ACS,1542,1579,2082,5.51,3.35,3.22,14,9.6,0.66
47011,Bradley,TN,320085,2026-05,1422,ZORI,2026-05,0.00509,ACS,1532,1559,2056,5.33,3.12,2.95,16,12.0,0.78
47013,Campbell,TN,242804,2026-05,1249,FMR3,FY26,0.00384,ACS,1512,1487,1961,6.17,3.75,3.56,18,13.1,0.94
47015,Cannon,TN,324042,2026-05,2211,FMR3,FY26,0.00479,ACS,1689,1698,2240,8.19,5.3,5.13,17,8.4,1.05
47017,Carroll,TN,181792,2026-05,1151,FMR3,FY26,0.00663,ACS,1721,1749,2306,7.6,4.24,3.92,32,16.7,0.83
47019,Carter,TN,240144,2026-05,1244,ZORI,2026-05,0.0053,ACS,1231,1221,1611,6.21,3.74,3.58,16,10.8,0.85
47021,Cheatham,TN,398180,2026-05,1696,ZORI,2026-05,0.00508,ACS,1766,1798,2371,5.11,2.99,2.83,15,11.6,0.97
47023,Chester,TN,171735,2026-05,1677,FMR3,FY26,0.00539,ACS,1729,1736,2290,11.72,7.48,7.15,33,11.4,1.31
47025,Claiborne,TN,228611,2026-05,1155,FMR3,FY26,0.00492,ACS,1483,1485,1958,6.06,3.53,3.32,21,14.1,0.68
47027,Clay,TN,215062,2026-05,1286,FMR3,FY26,0.00614,ACS,1402,1401,1847,7.18,4.26,4.05,21,12.0,0.89
47029,Cocke,TN,246345,2026-05,1300,ZORI,2026-05,0.00642,ACS,1419,1429,1884,6.33,3.66,3.47,19,12.1,0.65
47031,Coffee,TN,313219,2026-05,1574,ZORI,2026-05,0.00606,ACS,1660,1676,2210,6.03,3.51,3.33,18,11.7,0.72
47033,Crockett,TN,197512,2026-05,1389,FMR3,FY26,0.00645,ACS,1869,1807,2383,8.44,4.91,4.65,26,14.3,1.34
47035,Cumberland,TN,310202,2026-05,1543,ZORI,2026-05,0.00307,ACS,1502,1499,1977,5.97,3.8,3.65,15,10.7,0.7
47037,Davidson,TN,434831,2026-05,1810,ZORI,2026-05,0.00618,ACS,1931,1986,2619,4.99,2.78,2.62,16,12.1,1.12
47039,Decatur,TN,182447,2026-05,1286,FMR3,FY26,0.00488,ACS,1695,1710,2255,8.46,5.1,4.79,31,14.6,0.97
47041,DeKalb,TN,303427,2026-05,1143,FMR3,FY26,0.00362,ACS,1663,1694,2235,4.52,2.57,2.38,19,16.3,0.98
47043,Dickson,TN,363873,2026-05,1629,ZORI,2026-05,0.00502,ACS,1694,1751,2309,5.37,3.17,3.0,17,11.8,0.97
47045,Dyer,TN,174455,2026-05,765,ZORI,2026-05,0.00606,ACS,2042,2027,2673,5.26,2.28,1.91,36,29.1,0.56
47047,Fayette,TN,375975,2026-05,2109,ZORI,2026-05,0.00346,ACS,2330,2338,3084,6.73,4.22,4.02,20,12.2,1.05
47049,Fentress,TN,249759,2026-05,1204,FMR3,FY26,0.00342,ACS,1418,1413,1863,5.78,3.54,3.37,18,12.9,0.41
47051,Franklin,TN,320328,2026-05,1225,ZORI,2026-05,0.00565,ACS,1837,1855,2447,4.59,2.4,2.2,19,16.6,1.13
47053,Gibson,TN,182516,2026-05,1187,ZORI,2026-05,0.00679,ACS,1871,1845,2434,7.81,4.31,4.0,31,17.1,1.13
47055,Giles,TN,258663,2026-05,1226,ZORI,2026-05,0.00467,ACS,1711,1698,2239,5.69,3.25,3.05,20,15.2,0.86
47057,Grainger,TN,283143,2026-05,1241,FMR3,FY26,0.00506,ACS,1466,1461,1927,5.26,3.03,2.86,16,12.9,0.66
47059,Greene,TN,252901,2026-05,1126,ZORI,2026-05,0.00431,ACS,1317,1318,1739,5.34,3.16,3.0,17,12.9,0.79
47061,Grundy,TN,209932,2026-05,1162,FMR3,FY26,0.00422,ACS,1682,1683,2219,6.64,3.89,3.64,26,15.9,0.98
47063,Hamblen,TN,276671,2026-05,1450,ZORI,2026-05,0.00457,ACS,1331,1330,1755,6.29,3.9,3.75,15,10.1,0.77
47065,Hamilton,TN,357322,2026-05,1538,ZORI,2026-05,0.00669,ACS,1698,1741,2296,5.16,2.83,2.67,17,12.4,0.79
47067,Hancock,TN,178414,2026-05,1109,FMR3,FY26,0.00452,ACS,1378,1386,1828,7.46,4.52,4.27,25,13.7,2.27
47069,Hardeman,TN,163439,2026-05,1286,FMR3,FY26,0.00652,ACS,1942,1927,2541,9.44,5.43,5.06,37,16.5,1.51
47071,Hardin,TN,212445,2026-05,1220,FMR3,FY26,0.00432,ACS,1905,1923,2536,6.89,3.98,3.68,30,17.3,1.25
47073,Hawkins,TN,249579,2026-05,1338,FMR3,FY26,0.00563,ACS,1291,1281,1690,6.43,3.87,3.71,16,10.5,0.92
47075,Haywood,TN,174364,2026-05,894,ZORI,2026-05,0.00714,ACS,1832,1822,2403,6.16,2.98,2.65,33,22.4,1.07
47077,Henderson,TN,214756,2026-05,1178,FMR3,FY26,0.00469,ACS,1628,1641,2165,6.58,3.84,3.59,25,15.3,1.22
47079,Henry,TN,220576,2026-05,1138,FMR3,FY26,0.00482,ACS,1752,1729,2280,6.19,3.49,3.25,24,16.7,0.77
47081,Hickman,TN,199202,2026-05,1277,FMR3,FY26,0.00567,ACS,1764,1744,2300,7.69,4.47,4.2,27,15.0,1.32
47083,Houston,TN,229749,2026-05,1253,FMR3,FY26,0.00574,ACS,1647,1714,2261,6.54,3.75,3.48,27,15.0,1.16
47085,Humphreys,TN,253850,2026-05,1189,FMR3,FY26,0.00479,ACS,1699,1695,2235,5.62,3.18,2.97,21,15.7,1.23
47087,Jackson,TN,232866,2026-05,1217,FMR3,FY26,0.00496,ACS,1544,1564,2063,6.27,3.67,3.45,22,14.1,1.3
47089,Jefferson,TN,337050,2026-05,1588,ZORI,2026-05,0.00471,ACS,1411,1399,1845,5.65,3.46,3.33,13,9.7,0.61
47091,Johnson,TN,250524,2026-05,1273,FMR3,FY26,0.00383,ACS,1543,1504,1984,6.1,3.7,3.52,18,13.0,1.14
47093,Knox,TN,381763,2026-05,1777,ZORI,2026-05,0.00476,ACS,1458,1475,1945,5.59,3.44,3.32,13,9.1,0.77
47095,Lake,TN,115549,2026-05,1174,FMR3,FY26,0.00708,ACS,1912,1870,2466,12.19,7.02,6.55,48,17.5,0.38
47097,Lauderdale,TN,140799,2026-05,1239,FMR3,FY26,0.00662,ACS,1789,1733,2286,10.56,6.2,5.85,35,15.4,1.2
47099,Lawrence,TN,248946,2026-05,1126,FMR3,FY26,0.00532,ACS,1595,1580,2083,5.43,3.01,2.81,20,15.4,0.84
47101,Lewis,TN,250847,2026-05,1286,FMR3,FY26,0.00504,ACS,1735,1709,2253,6.15,3.54,3.34,21,14.6,0.69
47103,Lincoln,TN,263396,2026-05,1286,FMR3,FY26,0.00474,ACS,1754,1756,2315,5.86,3.37,3.16,21,15.0,1.11
47105,Loudon,TN,450560,2026-05,1927,ZORI,2026-05,0.00397,ACS,1581,1589,2096,5.13,3.2,3.09,11,9.1,0.61
47107,McMinn,TN,261683,2026-05,1132,ZORI,2026-05,0.00371,ACS,1530,1531,2019,5.19,3.04,2.85,19,14.9,1.24
47109,McNairy,TN,170480,2026-05,1286,FMR3,FY26,0.0039,ACS,1729,1731,2283,9.05,5.57,5.24,32,14.8,0.85
47111,Macon,TN,266418,2026-05,1290,FMR3,FY26,0.00406,ACS,1540,1575,2077,5.81,3.49,3.29,20,13.4,1.01
47113,Madison,TN,230282,2026-05,1452,ZORI,2026-05,0.00612,ACS,1862,1894,2498,7.57,4.41,4.13,28,14.3,1.06
47115,Marion,TN,264258,2026-05,1363,ZORI,2026-05,0.00444,ACS,1875,1880,2479,6.19,3.61,3.38,23,15.2,0.9
47117,Marshall,TN,330637,2026-05,1699,ZORI,2026-05,0.00542,ACS,1651,1613,2127,6.17,3.71,3.56,14,10.4,0.6
47119,Maury,TN,407138,2026-05,1676,ZORI,2026-05,0.0048,ACS,1673,1708,2253,4.94,2.91,2.77,14,11.2,0.68
47121,Meigs,TN,303313,2026-05,1227,FMR3,FY26,0.00392,ACS,1713,1711,2256,4.85,2.78,2.6,18,15.3,1.04
47123,Monroe,TN,289288,2026-05,1483,ZORI,2026-05,0.00444,ACS,1633,1627,2145,6.15,3.73,3.55,18,12.1,0.89
47125,Montgomery,TN,321552,2026-05,1372,ZORI,2026-05,0.00673,ACS,1630,1667,2199,5.12,2.76,2.59,18,13.4,0.77
47127,Moore,TN,359312,2026-05,1282,FMR3,FY26,0.00483,ACS,2011,2003,2642,4.28,2.25,2.08,18,17.2,1.63
47129,Morgan,TN,217957,2026-05,1303,FMR3,FY26,0.00581,ACS,1570,1539,2030,7.17,4.22,4.01,21,13.0,1.08
47131,Obion,TN,165871,2026-05,1187,FMR3,FY26,0.00568,ACS,1878,1882,2482,8.59,4.91,4.55,36,17.4,1.02
47133,Overton,TN,257020,2026-05,1165,FMR3,FY26,0.00394,ACS,1586,1619,2136,5.44,3.18,2.96,21,15.3,0.72
47135,Perry,TN,171013,2026-05,1109,FMR3,FY26,0.0058,ACS,1549,1512,1994,7.78,4.51,4.25,26,15.0,0.86
47137,Pickett,TN,251644,2026-05,1149,FMR3,FY26,0.00374,ACS,1690,1657,2186,5.48,3.17,2.98,20,15.9,0.51
47139,Polk,TN,256006,2026-05,1584,FMR3,FY26,0.00565,ACS,1652,1710,2256,7.42,4.51,4.27,24,11.9,0.81
47141,Putnam,TN,318111,2026-05,1525,ZORI,2026-05,0.00526,ACS,1619,1635,2156,5.75,3.4,3.23,17,11.8,0.7
47143,Rhea,TN,266373,2026-05,1220,FMR3,FY26,0.00462,ACS,1578,1616,2131,5.5,3.18,2.97,21,14.6,1.1
47145,Roane,TN,299925,2026-05,1366,ZORI,2026-05,0.00552,ACS,1586,1593,2101,5.47,3.13,2.96,17,12.8,0.96
47147,Robertson,TN,374504,2026-05,1658,ZORI,2026-05,0.00521,ACS,1701,1727,2278,5.31,3.11,2.96,15,11.5,0.91
47149,Rutherford,TN,419397,2026-05,1710,ZORI,2026-05,0.00507,ACS,1803,1856,2448,4.89,2.83,2.68,15,11.9,0.88
47151,Scott,TN,183562,2026-05,1159,FMR3,FY26,0.00527,ACS,1550,1522,2007,7.58,4.46,4.21,25,14.4,0.57
47153,Sequatchie,TN,289081,2026-05,1734,FMR3,FY26,0.00453,ACS,1711,1724,2273,7.2,4.5,4.3,19,10.9,0.67
47155,Sevier,TN,407581,2026-05,1755,ZORI,2026-05,0.00314,ACS,1562,1587,2094,5.17,3.28,3.15,13,9.9,0.88
47157,Shelby,TN,221928,2026-05,1395,ZORI,2026-05,0.01034,ACS,2185,2227,2937,7.55,3.79,3.45,34,17.5,1.34
47159,Smith,TN,308336,2026-05,1368,FMR3,FY26,0.00466,ACS,1828,1880,2479,5.32,3.04,2.83,21,15.1,0.98
47161,Stewart,TN,245543,2026-05,1396,FMR3,FY26,0.00521,ACS,1634,1697,2239,6.82,4.07,3.82,25,13.4,0.35
47163,Sullivan,TN,261587,2026-05,1382,ZORI,2026-05,0.00632,ACS,1257,1258,1659,6.34,3.77,3.62,15,10.0,0.96
47165,Sumner,TN,445383,2026-05,1670,ZORI,2026-05,0.00534,ACS,1680,1721,2270,4.5,2.55,2.42,13,11.3,0.84
47167,Tipton,TN,274795,2026-05,1765,ZORI,2026-05,0.00526,ACS,1817,1823,2404,7.71,4.75,4.53,21,11.3,1.25
47169,Trousdale,TN,357894,2026-05,2211,FMR3,FY26,0.00422,ACS,1721,1733,2285,7.41,4.81,4.65,16,8.6,1.5
47171,Unicoi,TN,248849,2026-05,1122,ZORI,2026-05,0.00571,ACS,1269,1270,1675,5.41,3.09,2.92,16,12.4,1.2
47173,Union,TN,297564,2026-05,1864,FMR3,FY26,0.00386,ACS,1636,1625,2143,7.52,4.85,4.68,17,9.6,1.55
47175,Van Buren,TN,243099,2026-05,1198,FMR3,FY26,0.00399,ACS,1623,1633,2154,5.91,3.49,3.27,22,15.0,1.47
47177,Warren,TN,258138,2026-05,1246,ZORI,2026-05,0.00447,ACS,1660,1680,2215,5.79,3.37,3.15,22,14.8,0.86
47179,Washington,TN,308646,2026-05,1558,ZORI,2026-05,0.00552,ACS,1306,1296,1709,6.06,3.69,3.56,13,9.1,0.96
47181,Wayne,TN,184531,2026-05,1109,FMR3,FY26,0.00539,ACS,1421,1445,1906,7.21,4.24,3.98,26,14.3,1.26
47183,Weakley,TN,193921,2026-05,1006,ZORI,2026-05,0.00541,ACS,1739,1728,2279,6.22,3.35,3.08,28,18.9,1.11
47185,White,TN,282134,2026-05,1240,FMR3,FY26,0.00425,ACS,1547,1535,2025,5.27,3.09,2.92,17,13.6,1.14
47187,Williamson,TN,921518,2026-05,2160,ZORI,2026-05,0.00429,ACS,2391,2467,3253,2.81,1.48,1.38,9,12.6,0.84
47189,Wilson,TN,503875,2026-05,1866,ZORI,2026-05,0.00439,ACS,1741,1783,2351,4.44,2.64,2.52,12,10.5,0.76
48001,Anderson,TX,218773,2026-05,1376,ZORI,2026-05,0.00973,ACS,1960,2005,2645,7.55,3.94,3.63,31,16.0,0.95
48003,Andrews,TX,265698,2026-05,1236,ZORI,2026-05,0.01328,ACS,2374,2419,3190,5.58,2.08,1.77,31,21.5,1.19
48005,Angelina,TX,203099,2026-05,1281,ZORI,2026-05,0.0125,ACS,1910,1962,2587,7.57,3.64,3.3,33,16.8,0.71
48007,Aransas,TX,301272,2026-05,1390,ZORI,2026-05,0.01014,ACS,1812,1893,2497,5.54,2.65,2.42,23,15.0,1.54
48009,Archer,TX,249384,2026-05,1553,FMR3,FY26,0.01322,ACS,2586,2658,3505,7.47,3.4,3.03,37,18.8,0.62
48011,Armstrong,TX,243355,2026-05,1503,FMR3,FY26,0.01443,ACS,2639,2766,3647,7.41,3.18,2.77,41,20.2,0.0
48013,Atascosa,TX,249788,2026-05,1361,ZORI,2026-05,0.01321,ACS,1752,1753,2312,6.54,3.01,2.79,22,14.2,1.24
48015,Austin,TX,425362,2026-05,1586,ZORI,2026-05,0.01279,ACS,2430,2504,3302,4.48,1.6,1.39,21,17.3,0.94
48017,Bailey,TX,141762,2026-05,1266,FMR3,FY26,0.01468,ACS,2448,2552,3365,10.72,5.06,4.41,65,22.1,0.98
48019,Bandera,TX,339519,2026-05,1394,ZORI,2026-05,0.0094,ACS,2023,2055,2711,4.93,2.26,2.06,20,16.2,0.94
48021,Bastrop,TX,360822,2026-05,1855,ZORI,2026-05,0.01513,ACS,1823,1876,2474,6.17,2.73,2.55,18,11.1,0.86
48023,Baylor,TX,138951,2026-05,1353,FMR3,FY26,0.01247,ACS,2535,2616,3450,11.68,5.93,5.27,66,21.2,0.53
48025,Bee,TX,167082,2026-05,933,ZORI,2026-05,0.01421,ACS,2338,2314,3051,6.7,2.34,1.91,43,27.2,0.68
48027,Bell,TX,252692,2026-05,1336,ZORI,2026-05,0.01542,ACS,1813,1890,2493,6.34,2.63,2.36,27,15.6,1.0
48029,Bexar,TX,257675,2026-05,1379,ZORI,2026-05,0.01814,ACS,1821,1881,2481,6.42,2.42,2.17,26,15.0,0.92
48031,Blanco,TX,585184,2026-05,1900,ZORI,2026-05,0.01043,ACS,2265,2348,3097,3.9,1.57,1.43,14,13.6,0.91
48035,Bosque,TX,242716,2026-05,1283,FMR3,FY26,0.01008,ACS,2347,2432,3208,6.34,2.91,2.55,35,20.8,1.12
48037,Bowie,TX,194909,2026-05,1222,ZORI,2026-05,0.01296,ACS,2022,2094,2761,7.52,3.46,3.08,38,18.8,0.71
48039,Brazoria,TX,327060,2026-05,1704,ZORI,2026-05,0.01745,ACS,2124,2082,2746,6.25,2.42,2.23,19,13.4,1.27
48041,Brazos,TX,316407,2026-05,1474,ZORI,2026-05,0.01637,ACS,1810,1884,2485,5.59,2.1,1.88,21,14.0,0.53
48043,Brewster,TX,235259,2026-05,1381,FMR3,FY26,0.01224,ACS,1842,1825,2407,7.04,3.42,3.18,24,14.5,0.76
48045,Briscoe,TX,173818,2026-05,1321,FMR3,FY26,0.01084,ACS,2267,2380,3139,9.12,4.63,4.13,50,19.8,1.14
48047,Brooks,TX,73538,2026-05,1353,FMR3,FY26,0.0126,ACS,2338,2444,3223,22.08,12.56,11.36,120,19.9,1.71
48049,Brown,TX,188998,2026-05,1549,ZORI,2026-05,0.01152,ACS,2282,2286,3015,9.83,5.21,4.82,39,16.2,1.08
48051,Burleson,TX,270458,2026-05,1649,FMR3,FY26,0.01044,ACS,1688,1716,2264,7.32,3.97,3.75,21,11.4,0.78
48053,Burnet,TX,431371,2026-05,1681,ZORI,2026-05,0.01126,ACS,2136,2205,2908,4.68,1.98,1.8,18,14.4,0.96
48055,Caldwell,TX,287466,2026-05,1598,ZORI,2026-05,0.01332,ACS,1750,1691,2230,6.67,3.2,3.03,17,11.6,0.67
48057,Calhoun,TX,207654,2026-05,1353,FMR3,FY26,0.01397,ACS,1751,1653,2180,7.82,3.78,3.57,21,13.4,1.27
48059,Callahan,TX,219170,2026-05,1653,FMR3,FY26,0.01096,ACS,2311,2368,3124,9.05,4.82,4.45,37,15.7,0.88
48061,Cameron,TX,207155,2026-05,1460,ZORI,2026-05,0.01622,ACS,1825,1779,2346,8.45,4.01,3.76,25,13.4,0.59
48063,Camp,TX,214793,2026-05,1353,FMR3,FY26,0.01065,ACS,2281,2343,3090,7.56,3.69,3.32,38,19.0,1.23
48065,Carson,TX,168323,2026-05,1503,FMR3,FY26,0.01362,ACS,2611,2643,3486,10.72,5.34,4.82,52,19.3,0.8
48067,Cass,TX,163799,2026-05,1328,FMR3,FY26,0.01063,ACS,2013,2063,2720,9.73,5.2,4.77,43,17.1,1.21
48069,Castro,TX,139919,2026-05,1259,FMR3,FY26,0.01124,ACS,2439,2489,3283,10.8,5.45,4.84,60,21.7,1.56
48071,Chambers,TX,348296,2026-05,2132,ZORI,2026-05,0.01135,ACS,2324,2165,2856,7.35,3.85,3.7,15,11.2,3.34
48073,Cherokee,TX,232884,2026-05,1713,ZORI,2026-05,0.01211,ACS,2011,2055,2711,8.83,4.72,4.42,30,13.2,0.8
48075,Childress,TX,131168,2026-05,1409,FMR3,FY26,0.01472,ACS,2672,2586,3411,12.89,6.42,5.85,56,20.2,1.09
48077,Clay,TX,207054,2026-05,1553,FMR3,FY26,0.0136,ACS,2692,2643,3486,9.0,4.27,3.89,38,18.7,0.59
48079,Cochran,TX,63578,2026-05,1170,FMR3,FY26,0.01185,ACS,2466,2481,3272,22.08,11.94,10.67,127,23.3,0.0
48081,Coke,TX,149952,2026-05,1234,FMR3,FY26,0.01187,ACS,2016,2104,2774,9.88,5.07,4.57,51,18.7,0.54
48083,Coleman,TX,139918,2026-05,1263,FMR3,FY26,0.01368,ACS,2307,2254,2973,10.83,5.32,4.85,48,19.6,1.93
48085,Collin,TX,488699,2026-05,1719,ZORI,2026-05,0.0166,ACS,2833,3050,4023,4.22,1.01,0.77,24,19.5,0.5
48087,Collingsworth,TX,94967,2026-05,1266,FMR3,FY26,0.01271,ACS,2361,2361,3114,16.0,8.56,7.77,79,20.5,0.0
48089,Colorado,TX,300015,2026-05,1375,FMR3,FY26,0.01091,ACS,2504,2570,3390,5.5,2.31,2.01,30,20.5,1.08
48091,Comal,TX,435104,2026-05,1516,ZORI,2026-05,0.0121,ACS,2016,2101,2771,4.18,1.55,1.37,17,15.2,0.62
48093,Comanche,TX,238821,2026-05,1353,FMR3,FY26,0.01511,ACS,2208,2255,2974,6.8,2.8,2.48,32,18.3,0.76
48095,Concho,TX,170501,2026-05,1500,FMR3,FY26,0.01512,ACS,2028,1993,2629,10.56,5.43,5.07,35,14.6,4.05
48097,Cooke,TX,322097,2026-05,1773,ZORI,2026-05,0.01244,ACS,2730,2807,3702,6.61,3.0,2.69,30,17.4,0.79
48099,Coryell,TX,227115,2026-05,1271,ZORI,2026-05,0.01414,ACS,1736,1806,2382,6.71,2.99,2.71,28,15.6,1.33
48101,Cottle,TX,81094,2026-05,1321,FMR3,FY26,0.01152,ACS,2524,2595,3423,19.55,10.79,9.68,111,21.6,0.0
48103,Crane,TX,202912,2026-05,1275,FMR3,FY26,0.01308,ACS,2251,2270,2994,7.54,3.39,3.02,37,19.6,1.35
48105,Crockett,TX,117602,2026-05,1321,FMR3,FY26,0.00333,ACS,2134,2187,2884,13.48,8.23,7.59,64,18.2,1.33
48107,Crosby,TX,90896,2026-05,1634,FMR3,FY26,0.01781,ACS,2463,2530,3337,21.57,12.12,11.16,96,17.0,1.01
48109,Culberson,TX,171159,2026-05,1321,FMR3,FY26,0.00859,ACS,1763,1580,2084,9.26,5.24,5.05,19,13.1,1.06
48111,Dallam,TX,156469,2026-05,1558,FMR3,FY26,0.0147,ACS,2284,2296,3028,11.95,6.27,5.8,48,16.2,0.61
48113,Dallas,TX,312652,2026-05,1666,ZORI,2026-05,0.0168,ACS,2897,3071,4050,6.39,2.32,1.95,37,20.3,0.8
48115,Dawson,TX,113466,2026-05,1295,FMR3,FY26,0.01726,ACS,2564,2505,3304,13.7,6.56,5.91,65,21.3,0.63
48117,Deaf Smith,TX,178191,2026-05,1283,FMR3,FY26,0.01371,ACS,2351,2324,3065,8.64,3.96,3.56,40,19.9,0.7
48119,Delta,TX,200886,2026-05,1345,FMR3,FY26,0.00975,ACS,2070,2165,2856,8.03,4.18,3.79,39,17.7,0.91
48121,Denton,TX,444147,2026-05,1688,ZORI,2026-05,0.01721,ACS,2666,2822,3721,4.56,1.19,0.95,24,18.4,0.54
48123,DeWitt,TX,223172,2026-05,1368,FMR3,FY26,0.00859,ACS,2145,2089,2756,7.36,3.84,3.57,27,16.8,0.83
48125,Dickens,TX,116441,2026-05,1167,FMR3,FY26,0.01366,ACS,2256,2269,2992,12.03,5.96,5.32,63,21.4,0.97
48127,Dimmit,TX,135391,2026-05,1353,FMR3,FY26,0.01142,ACS,1637,1666,2197,11.99,6.88,6.47,41,13.5,1.03
48129,Donley,TX,129628,2026-05,1178,FMR3,FY26,0.01126,ACS,2443,2589,3414,10.91,5.39,4.64,75,24.2,0.85
48131,Duval,TX,82254,2026-05,1321,FMR3,FY26,0.01078,ACS,2010,2036,2685,19.27,11.32,10.5,82,16.9,1.69
48133,Eastland,TX,151316,2026-05,1353,FMR3,FY26,0.01192,ACS,2279,2318,3057,10.73,5.56,5.05,51,18.8,1.28
48135,Ector,TX,256699,2026-05,1571,ZORI,2026-05,0.0128,ACS,2321,2335,3080,7.34,3.47,3.17,30,16.3,1.11
48139,Ellis,TX,375398,2026-05,1841,ZORI,2026-05,0.0146,ACS,2195,2291,3021,5.89,2.49,2.27,22,13.7,0.53
48141,El Paso,TX,232965,2026-05,1520,ZORI,2026-05,0.02086,ACS,1319,1343,1771,7.83,3.38,3.18,19,9.7,1.01
48143,Erath,TX,344903,2026-05,1235,ZORI,2026-05,0.01126,ACS,2305,2419,3190,4.3,1.52,1.26,26,21.5,0.46
48145,Falls,TX,148498,2026-05,1353,FMR3,FY26,0.01469,ACS,1909,1978,2609,10.93,5.66,5.19,47,16.1,2.36
48147,Fannin,TX,288511,2026-05,1432,ZORI,2026-05,0.01104,ACS,2209,2296,3029,5.96,2.72,2.43,28,17.6,0.99
48149,Fayette,TX,459227,2026-05,1388,FMR3,FY26,0.01008,ACS,2527,2622,3459,3.63,1.23,1.03,20,20.8,0.74
48151,Fisher,TX,110106,2026-05,1167,FMR3,FY26,0.01705,ACS,2587,2601,3430,12.72,5.74,4.97,77,24.5,0.95
48153,Floyd,TX,92404,2026-05,1167,FMR3,FY26,0.01079,ACS,2561,2638,3479,15.16,7.82,6.83,99,24.8,1.47
48155,Foard,TX,81316,2026-05,1266,FMR3,FY26,0.01182,ACS,2738,2700,3561,18.68,9.84,8.82,101,23.4,0.0
48157,Fort Bend,TX,382079,2026-05,1918,ZORI,2026-05,0.01988,ACS,2729,2847,3754,6.02,1.94,1.67,27,16.3,1.48
48159,Franklin,TX,317901,2026-05,1327,FMR3,FY26,0.00912,ACS,2725,2933,3869,5.01,2.09,1.73,36,24.3,1.78
48161,Freestone,TX,237730,2026-05,1298,FMR3,FY26,0.01037,ACS,2097,2217,2924,6.55,3.13,2.78,35,18.8,1.24
48163,Frio,TX,173526,2026-05,1416,FMR3,FY26,0.0159,ACS,1703,1745,2302,9.79,4.97,4.62,35,13.5,1.78
48165,Gaines,TX,240363,2026-05,1167,FMR3,FY26,0.01468,ACS,2335,2310,3047,5.83,2.05,1.75,30,21.8,0.78
48167,Galveston,TX,320695,2026-05,1577,ZORI,2026-05,0.01488,ACS,1743,1687,2225,5.9,2.51,2.36,15,11.8,1.47
48169,Garza,TX,128359,2026-05,1353,FMR3,FY26,0.0166,ACS,2554,2707,3571,12.65,6.09,5.3,79,22.0,0.64
48171,Gillespie,TX,514143,2026-05,2138,ZORI,2026-05,0.01019,ACS,2320,2484,3276,4.99,2.37,2.19,19,12.8,1.22
48175,Goliad,TX,281410,2026-05,1729,FMR3,FY26,0.01035,ACS,2481,2535,3344,7.37,3.76,3.45,31,16.1,1.02
48177,Gonzales,TX,263267,2026-05,1353,FMR3,FY26,0.01227,ACS,2025,2067,2726,6.17,2.75,2.49,27,16.8,0.85
48179,Gray,TX,99249,2026-05,1243,FMR3,FY26,0.01429,ACS,2636,2707,3571,15.03,7.49,6.54,94,23.9,1.06
48181,Grayson,TX,291256,2026-05,1385,ZORI,2026-05,0.01293,ACS,2369,2489,3282,5.71,2.29,1.97,31,19.8,0.63
48183,Gregg,TX,224539,2026-05,1149,ZORI,2026-05,0.01222,ACS,2088,2164,2854,6.14,2.57,2.23,34,20.7,0.64
48185,Grimes,TX,352055,2026-05,1348,ZORI,2026-05,0.01094,ACS,2046,2082,2746,4.59,1.86,1.66,20,17.0,0.97
48187,Guadalupe,TX,299943,2026-05,1711,ZORI,2026-05,0.01494,ACS,1765,1806,2382,6.84,3.19,2.98,21,11.6,0.48
48189,Hale,TX,121049,2026-05,981,ZORI,2026-05,0.01386,ACS,2484,2577,3398,9.72,4.05,3.29,76,28.9,0.8
48191,Hall,TX,82543,2026-05,1353,FMR3,FY26,0.01212,ACS,2619,2618,3453,19.67,10.76,9.75,101,21.3,1.12
48193,Hamilton,TX,272702,2026-05,1309,FMR3,FY26,0.01537,ACS,2176,2245,2960,5.76,2.1,1.81,29,18.8,0.48
48195,Hansford,TX,138202,2026-05,1379,FMR3,FY26,0.01639,ACS,2541,2651,3496,11.97,5.74,5.05,69,21.1,0.29
48197,Hardeman,TX,62711,2026-05,1220,FMR3,FY26,0.01183,ACS,2715,2730,3601,23.35,12.46,11.05,141,24.6,1.72
48199,Hardin,TX,233652,2026-05,1640,ZORI,2026-05,0.01155,ACS,2543,2592,3419,8.42,4.24,3.87,37,17.4,0.87
48201,Harris,TX,282112,2026-05,1596,ZORI,2026-05,0.01718,ACS,2927,3043,4013,6.79,2.47,2.09,38,21.0,1.05
48203,Harrison,TX,210353,2026-05,1379,ZORI,2026-05,0.01016,ACS,2036,2108,2780,7.87,4.07,3.72,35,16.8,1.1
48207,Haskell,TX,102049,2026-05,1353,FMR3,FY26,0.01117,ACS,2557,2608,3439,15.91,8.63,7.76,86,21.2,2.24
48209,Hays,TX,374688,2026-05,1580,ZORI,2026-05,0.01729,ACS,1960,2081,2744,5.06,1.65,1.44,21,14.5,0.56
48211,Hemphill,TX,173514,2026-05,1353,FMR3,FY26,0.01164,ACS,2847,3042,4012,9.36,4.4,3.73,67,24.7,1.32
48213,Henderson,TX,268394,2026-05,1389,ZORI,2026-05,0.0098,ACS,2282,2390,3152,6.21,2.95,2.63,32,18.9,0.95
48215,Hidalgo,TX,193980,2026-05,1128,ZORI,2026-05,0.01764,ACS,1738,1714,2260,6.98,2.71,2.45,27,16.7,0.69
48217,Hill,TX,239428,2026-05,1115,ZORI,2026-05,0.01234,ACS,2141,2178,2873,5.59,2.17,1.87,31,21.5,1.16
48219,Hockley,TX,171938,2026-05,775,ZORI,2026-05,0.0148,ACS,2465,2436,3213,5.41,1.25,0.82,44,34.5,0.67
48221,Hood,TX,380856,2026-05,1721,ZORI,2026-05,0.01152,ACS,2611,2780,3666,5.42,2.34,2.06,28,17.7,0.83
48223,Hopkins,TX,265127,2026-05,1359,ZORI,2026-05,0.01072,ACS,2151,2214,2919,6.15,2.85,2.56,29,17.9,0.93
48225,Houston,TX,212742,2026-05,1204,FMR3,FY26,0.00921,ACS,1843,1858,2450,6.79,3.44,3.16,29,17.0,1.22
48227,Howard,TX,150731,2026-05,1340,ZORI,2026-05,0.01092,ACS,2453,2405,3172,10.67,5.5,5.02,48,19.7,1.56
48231,Hunt,TX,276697,2026-05,1574,ZORI,2026-05,0.01297,ACS,2216,2251,2968,6.83,3.16,2.89,27,15.7,0.95
48233,Hutchinson,TX,125251,2026-05,1000,ZORI,2026-05,0.01482,ACS,2632,2720,3588,9.58,3.79,3.03,76,29.9,0.93
48235,Irion,TX,262683,2026-05,1821,FMR3,FY26,0.00954,ACS,2517,2519,3322,8.32,4.49,4.19,31,15.2,3.2
48237,Jack,TX,239983,2026-05,1353,FMR3,FY26,0.01296,ACS,2563,2575,3396,6.77,2.85,2.5,35,20.9,1.45
48239,Jackson,TX,215169,2026-05,1267,FMR3,FY26,0.01052,ACS,2719,2763,3644,7.07,3.12,2.69,43,24.0,1.25
48241,Jasper,TX,196065,2026-05,1221,FMR3,FY26,0.01036,ACS,2287,2285,3014,7.47,3.55,3.18,37,20.6,1.08
48243,Jeff Davis,TX,211788,2026-05,1321,FMR3,FY26,0.00547,ACS,1950,1915,2525,7.48,4.3,4.02,27,15.9,0.73
48245,Jefferson,TX,175275,2026-05,1323,ZORI,2026-05,0.01575,ACS,2161,2149,2835,9.06,4.17,3.78,38,17.9,0.84
48247,Jim Hogg,TX,92307,2026-05,1167,FMR3,FY26,0.01413,ACS,1995,1965,2591,15.17,8.11,7.46,65,18.5,1.45
48249,Jim Wells,TX,154879,2026-05,1289,FMR3,FY26,0.01251,ACS,2367,2312,3050,9.99,4.91,4.47,44,19.7,0.99
48251,Johnson,TX,342395,2026-05,1641,ZORI,2026-05,0.0128,ACS,2199,2290,3020,5.75,2.51,2.27,24,15.3,0.51
48253,Jones,TX,155700,2026-05,1653,FMR3,FY26,0.01537,ACS,2417,2469,3256,12.74,6.72,6.18,54,16.4,0.53
48255,Karnes,TX,220459,2026-05,1523,FMR3,FY26,0.00982,ACS,2016,2052,2707,8.29,4.49,4.17,31,14.8,2.62
48257,Kaufman,TX,299291,2026-05,1900,ZORI,2026-05,0.01732,ACS,2081,2134,2814,7.62,3.44,3.19,24,12.3,0.94
48259,Kendall,TX,592466,2026-05,1571,ZORI,2026-05,0.01203,ACS,2347,2467,3254,3.18,0.85,0.7,15,17.3,0.91
48265,Kerr,TX,374139,2026-05,1840,ZORI,2026-05,0.01093,ACS,2312,2366,3120,5.9,2.83,2.62,22,14.1,0.99
48267,Kimble,TX,389623,2026-05,1340,FMR3,FY26,0.01255,ACS,2051,2080,2744,4.13,1.4,1.22,18,17.1,1.02
48271,Kinney,TX,129811,2026-05,1321,FMR3,FY26,0.01406,ACS,1792,1744,2300,12.21,6.62,6.23,39,14.5,0.71
48273,Kleberg,TX,151182,2026-05,1257,ZORI,2026-05,0.01614,ACS,2015,1969,2597,9.98,4.74,4.35,38,17.2,0.48
48275,Knox,TX,89925,2026-05,1266,FMR3,FY26,0.01862,ACS,2500,2555,3370,16.89,8.37,7.4,97,22.2,1.33
48277,Lamar,TX,206990,2026-05,1241,ZORI,2026-05,0.00951,ACS,2062,2146,2830,7.19,3.59,3.22,37,19.0,0.63
48279,Lamb,TX,107908,2026-05,1313,FMR3,FY26,0.01192,ACS,2301,2299,3032,14.6,7.92,7.24,68,19.2,1.23
48281,Lampasas,TX,315860,2026-05,1244,ZORI,2026-05,0.01268,ACS,1957,2017,2659,4.73,1.75,1.53,22,17.8,0.86
48283,La Salle,TX,132717,2026-05,1321,FMR3,FY26,0.01561,ACS,1690,1731,2284,11.94,6.36,5.91,45,14.4,0.0
48285,Lavaca,TX,297949,2026-05,1265,FMR3,FY26,0.00957,ACS,2177,2170,2862,5.09,2.24,2.01,23,18.9,0.72
48287,Lee,TX,355386,2026-05,1430,FMR3,FY26,0.00969,ACS,2025,2077,2740,4.83,2.18,1.98,20,16.0,1.48
48289,Leon,TX,296593,2026-05,1283,FMR3,FY26,0.00755,ACS,1977,2047,2700,5.19,2.58,2.33,24,17.5,1.22
48291,Liberty,TX,239364,2026-05,1532,ZORI,2026-05,0.01251,ACS,2438,2406,3173,7.68,3.64,3.34,31,17.3,0.91
48293,Limestone,TX,169069,2026-05,875,ZORI,2026-05,0.01187,ACS,1949,2019,2662,6.21,2.44,2.02,42,25.4,1.03
48295,Lipscomb,TX,124262,2026-05,1270,FMR3,FY26,0.01363,ACS,2504,2575,3396,12.26,6.07,5.35,72,22.3,0.0
48297,Live Oak,TX,229913,2026-05,1314,FMR3,FY26,0.00882,ACS,2333,2315,3053,6.86,3.38,3.07,31,19.4,0.58
48299,Llano,TX,457640,2026-05,1792,ZORI,2026-05,0.00803,ACS,2420,2511,3312,4.7,2.29,2.09,19,15.4,0.76
48303,Lubbock,TX,216077,2026-05,1419,ZORI,2026-05,0.01563,ACS,2447,2504,3302,7.88,3.37,2.98,40,19.4,0.53
48305,Lynn,TX,212311,2026-05,1207,FMR3,FY26,0.01734,ACS,2614,2726,3596,6.82,2.29,1.83,46,24.8,0.24
48307,McCulloch,TX,161164,2026-05,1360,FMR3,FY26,0.01375,ACS,2187,2214,2920,10.13,5.07,4.61,45,17.9,1.61
48309,McLennan,TX,264170,2026-05,1405,ZORI,2026-05,0.01527,ACS,1963,2059,2716,6.38,2.64,2.36,29,16.1,0.85
48313,Madison,TX,287687,2026-05,1353,FMR3,FY26,0.01155,ACS,1895,1942,2561,5.64,2.53,2.3,23,15.8,0.99
48315,Marion,TX,151004,2026-05,1238,FMR3,FY26,0.00787,ACS,2017,2134,2814,9.84,5.45,4.92,53,18.9,1.45
48317,Martin,TX,263160,2026-05,2215,FMR3,FY26,0.00884,ACS,2517,2559,3375,10.1,5.94,5.61,33,12.7,0.66
48319,Mason,TX,369011,2026-05,1333,FMR3,FY26,0.00815,ACS,2079,2201,2903,4.33,1.96,1.74,22,18.1,1.75
48321,Matagorda,TX,210399,2026-05,945,ZORI,2026-05,0.01255,ACS,2079,1980,2612,5.39,1.91,1.66,25,23.0,1.36
48323,Maverick,TX,233360,2026-05,1275,ZORI,2026-05,0.01394,ACS,1441,1449,1911,6.56,3.04,2.84,20,12.5,1.12
48325,Medina,TX,321889,2026-05,1719,ZORI,2026-05,0.0131,ACS,2042,2054,2709,6.41,2.99,2.78,21,13.1,1.12
48327,Menard,TX,216486,2026-05,1353,FMR3,FY26,0.01659,ACS,1987,1938,2555,7.5,3.2,2.94,26,15.7,0.0
48329,Midland,TX,332551,2026-05,1609,ZORI,2026-05,0.01262,ACS,2452,2490,3284,5.81,2.47,2.22,25,17.0,0.92
48331,Milam,TX,274562,2026-05,1302,FMR3,FY26,0.01059,ACS,1911,1985,2618,5.69,2.63,2.37,26,16.8,1.17
48333,Mills,TX,405024,2026-05,1353,FMR3,FY26,0.0088,ACS,2168,2137,2818,4.01,1.67,1.51,16,17.4,0.37
48335,Mitchell,TX,100681,2026-05,1420,FMR3,FY26,0.0196,ACS,2408,2387,3149,16.92,8.68,7.94,74,18.5,1.43
48337,Montague,TX,258899,2026-05,1467,FMR3,FY26,0.00951,ACS,2711,2737,3610,6.8,3.24,2.89,35,20.5,0.76
48339,Montgomery,TX,346907,2026-05,1727,ZORI,2026-05,0.01649,ACS,2245,2318,3057,5.97,2.3,2.07,23,14.8,0.73
48341,Moore,TX,188964,2026-05,1305,FMR3,FY26,0.01526,ACS,2293,2375,3132,8.29,3.64,3.2,44,20.0,0.82
48343,Morris,TX,167905,2026-05,1254,FMR3,FY26,0.01178,ACS,2031,2065,2724,8.96,4.51,4.1,41,18.1,1.25
48347,Nacogdoches,TX,224756,2026-05,1145,ZORI,2026-05,0.00925,ACS,1911,1972,2601,6.12,2.93,2.63,31,18.9,0.85
48349,Navarro,TX,232489,2026-05,1276,ZORI,2026-05,0.01325,ACS,2128,2193,2892,6.59,2.83,2.5,33,18.9,1.13
48351,Newton,TX,159530,2026-05,1353,FMR3,FY26,0.0103,ACS,2078,2048,2701,10.18,5.5,5.11,39,16.6,0.13
48353,Nolan,TX,118363,2026-05,1384,FMR3,FY26,0.01511,ACS,2401,2453,3235,14.03,7.26,6.56,70,19.5,0.86
48355,Nueces,TX,228212,2026-05,1402,ZORI,2026-05,0.01678,ACS,2121,2094,2762,7.37,3.07,2.79,28,16.4,0.89
48357,Ochiltree,TX,128509,2026-05,1280,FMR3,FY26,0.01402,ACS,2692,2867,3782,11.95,5.71,4.86,85,24.6,1.86
48361,Orange,TX,188831,2026-05,1268,ZORI,2026-05,0.01246,ACS,2859,2857,3768,8.06,3.45,2.97,48,24.8,0.51
48363,Palo Pinto,TX,287857,2026-05,1142,ZORI,2026-05,0.01283,ACS,3244,3441,4539,4.76,1.26,0.81,45,33.1,0.92
48365,Panola,TX,206736,2026-05,1235,FMR3,FY26,0.00899,ACS,1964,2043,2695,7.17,3.67,3.32,35,18.2,1.18
48367,Parker,TX,444681,2026-05,1637,ZORI,2026-05,0.01449,ACS,2657,2731,3602,4.42,1.36,1.14,21,18.3,0.56
48369,Parmer,TX,171113,2026-05,1303,FMR3,FY26,0.01566,ACS,2479,2521,3325,9.14,4.02,3.53,49,21.3,1.07
48371,Pecos,TX,161034,2026-05,1353,FMR3,FY26,0.01034,ACS,2087,2113,2787,10.08,5.43,5.0,43,17.2,1.82
48373,Polk,TX,184322,2026-05,1601,ZORI,2026-05,0.01037,ACS,2147,2133,2813,10.42,5.82,5.46,36,14.6,0.76
48375,Potter,TX,152159,2026-05,1035,ZORI,2026-05,0.01503,ACS,2428,2473,3262,8.16,3.19,2.64,55,26.3,0.84
48377,Presidio,TX,228250,2026-05,1321,FMR3,FY26,0.01583,ACS,1702,1790,2361,6.95,3.02,2.73,29,14.9,0.87
48379,Rains,TX,292869,2026-05,1353,FMR3,FY26,0.01094,ACS,2145,2242,2957,5.54,2.44,2.17,28,18.2,1.29
48381,Randall,TX,260786,2026-05,1434,ZORI,2026-05,0.01577,ACS,2587,2646,3489,6.6,2.51,2.17,35,20.3,0.45
48383,Reagan,TX,179075,2026-05,1321,FMR3,FY26,0.01115,ACS,2472,2511,3312,8.85,4.32,3.85,47,20.9,1.18
48385,Real,TX,292536,2026-05,1360,FMR3,FY26,0.011,MODELED,2035,2031,2678,5.58,2.5,2.28,22,16.4,1.63
48387,Red River,TX,184938,2026-05,1353,FMR3,FY26,0.00984,ACS,1907,1957,2581,8.78,4.74,4.38,36,15.9,1.85
48389,Reeves,TX,171738,2026-05,1299,FMR3,FY26,0.01181,ACS,1862,1900,2506,9.08,4.72,4.35,37,16.1,1.68
48391,Refugio,TX,136693,2026-05,1353,FMR3,FY26,0.01404,ACS,2516,2540,3349,11.88,5.9,5.29,61,20.6,1.17
48395,Robertson,TX,282736,2026-05,1649,FMR3,FY26,0.00917,ACS,1839,1920,2533,7.0,3.82,3.58,25,12.8,0.9
48397,Rockwall,TX,417027,2026-05,2008,ZORI,2026-05,0.01643,ACS,2660,2787,3675,5.78,2.17,1.93,24,15.3,0.62
48399,Runnels,TX,139432,2026-05,1282,FMR3,FY26,0.01464,ACS,2275,2314,3051,11.03,5.4,4.84,56,19.8,1.19
48401,Rusk,TX,212465,2026-05,1250,ZORI,2026-05,0.01001,ACS,2028,2072,2732,7.06,3.48,3.15,33,18.2,1.2
48403,Sabine,TX,206640,2026-05,1167,FMR3,FY26,0.00997,ACS,2019,2000,2637,6.78,3.24,2.95,30,18.8,0.61
48405,San Augustine,TX,190364,2026-05,1321,FMR3,FY26,0.00816,ACS,1862,1840,2427,8.33,4.62,4.32,30,15.3,1.9
48407,San Jacinto,TX,244805,2026-05,1352,ZORI,2026-05,0.01139,ACS,2156,2177,2871,6.63,3.08,2.79,29,17.7,0.87
48409,San Patricio,TX,211985,2026-05,1428,ZORI,2026-05,0.01527,ACS,2018,1991,2626,8.08,3.75,3.46,29,15.3,0.73
48411,San Saba,TX,217114,2026-05,1288,FMR3,FY26,0.01006,ACS,1827,1881,2480,7.12,3.63,3.33,30,16.0,0.88
48415,Scurry,TX,150125,2026-05,1300,ZORI,2026-05,0.01589,ACS,2552,2587,3412,10.39,4.71,4.14,57,21.9,0.63
48417,Shackelford,TX,162278,2026-05,1266,FMR3,FY26,0.01287,ACS,2770,2966,3911,9.36,4.21,3.51,70,25.7,1.63
48419,Shelby,TX,214591,2026-05,1353,FMR3,FY26,0.01023,ACS,1895,1923,2536,7.57,3.92,3.62,30,15.6,1.49
48421,Sherman,TX,173291,2026-05,1266,FMR3,FY26,0.01952,ACS,2503,2587,3412,8.77,3.35,2.83,52,22.5,1.66
48423,Smith,TX,272065,2026-05,1391,ZORI,2026-05,0.01245,ACS,2114,2188,2886,6.14,2.7,2.42,28,17.3,0.64
48425,Somervell,TX,409870,2026-05,1321,FMR3,FY26,0.00967,ACS,2579,2698,3558,3.87,1.38,1.14,24,22.4,1.41
48427,Starr,TX,145810,2026-05,1353,FMR3,FY26,0.01122,ACS,1569,1612,2126,11.14,6.38,5.99,38,13.1,1.56
48429,Stephens,TX,155692,2026-05,1321,FMR3,FY26,0.01683,ACS,2394,2390,3153,10.18,4.62,4.13,49,19.9,1.18
48431,Sterling,TX,214299,2026-05,1519,FMR3,FY26,0.01072,ACS,2490,2478,3268,8.51,4.32,3.95,36,17.9,0.0
48433,Stonewall,TX,107987,2026-05,1321,FMR3,FY26,0.0136,ACS,2540,2566,3384,14.68,7.59,6.81,78,21.3,1.05
48435,Sutton,TX,151228,2026-05,1214,FMR3,FY26,0.01378,ACS,2249,2273,2998,9.63,4.55,4.06,50,20.6,0.39
48437,Swisher,TX,104751,2026-05,1353,FMR3,FY26,0.01743,ACS,2440,2585,3409,15.5,7.86,6.94,93,21.0,1.41
48439,Tarrant,TX,325761,2026-05,1640,ZORI,2026-05,0.01772,ACS,2643,2781,3667,6.04,2.07,1.75,31,18.6,0.61
48441,Taylor,TX,223698,2026-05,1836,ZORI,2026-05,0.01403,ACS,2366,2433,3209,9.85,5.12,4.75,38,14.6,0.52
48443,Terrell,TX,108856,2026-05,1321,FMR3,FY26,0.00803,ACS,1849,1920,2532,14.56,8.71,8.08,63,16.0,1.43
48445,Terry,TX,130158,2026-05,1266,FMR3,FY26,0.01479,ACS,2376,2420,3192,11.67,5.68,5.06,63,21.0,1.47
48447,Throckmorton,TX,150038,2026-05,1182,FMR3,FY26,0.01151,ACS,2689,2668,3518,9.45,4.34,3.78,55,24.8,6.59
48449,Titus,TX,228611,2026-05,1664,ZORI,2026-05,0.01201,ACS,2070,2123,2800,8.73,4.62,4.3,32,14.0,1.14
48451,Tom Green,TX,236182,2026-05,1270,ZORI,2026-05,0.01351,ACS,2174,2186,2883,6.45,2.7,2.4,30,18.9,0.7
48453,Travis,TX,478622,2026-05,1633,ZORI,2026-05,0.01535,ACS,2139,2276,3001,4.09,1.17,0.99,18,15.3,0.7
48455,Trinity,TX,181149,2026-05,1211,FMR3,FY26,0.01107,ACS,1837,1855,2447,8.02,4.06,3.72,34,16.8,1.05
48457,Tyler,TX,175426,2026-05,1247,FMR3,FY26,0.01032,ACS,2052,2057,2712,8.53,4.37,3.99,38,18.1,1.4
48459,Upshur,TX,238449,2026-05,1606,FMR3,FY26,0.01226,ACS,2002,2056,2712,8.08,4.16,3.86,30,14.1,1.15
48461,Upton,TX,121785,2026-05,1321,FMR3,FY26,0.01126,ACS,2076,2124,2801,13.02,7.19,6.6,60,17.7,3.05
48463,Uvalde,TX,196938,2026-05,1488,FMR3,FY26,0.01565,ACS,1988,2024,2669,9.07,4.41,4.06,35,14.9,1.44
48465,Val Verde,TX,212903,2026-05,1567,ZORI,2026-05,0.01474,ACS,1675,1680,2216,8.83,4.54,4.28,25,11.8,0.86
48467,Van Zandt,TX,281906,2026-05,1493,ZORI,2026-05,0.01105,ACS,2196,2269,2993,6.36,3.01,2.73,28,16.7,0.67
48469,Victoria,TX,220147,2026-05,1180,ZORI,2026-05,0.01488,ACS,2670,2645,3488,6.43,2.25,1.88,37,24.6,0.45
48471,Walker,TX,273829,2026-05,1384,ZORI,2026-05,0.01112,ACS,1986,2002,2641,6.07,2.83,2.59,24,15.9,0.72
48473,Waller,TX,364484,2026-05,2299,ZORI,2026-05,0.0136,ACS,2129,2147,2832,7.57,3.88,3.69,19,10.3,0.95
48475,Ward,TX,198438,2026-05,1576,FMR3,FY26,0.006,ACS,2066,2066,2725,9.53,5.7,5.37,33,14.4,0.79
48477,Washington,TX,373954,2026-05,1831,ZORI,2026-05,0.0115,ACS,2571,2728,3598,5.88,2.69,2.41,27,16.4,0.67
48479,Webb,TX,218400,2026-05,1369,ZORI,2026-05,0.01851,ACS,1561,1555,2051,7.52,3.23,3.0,22,12.5,0.59
48481,Wharton,TX,246215,2026-05,1287,ZORI,2026-05,0.01505,ACS,2841,2829,3731,6.27,2.17,1.81,36,24.1,0.7
48483,Wheeler,TX,99758,2026-05,1209,FMR3,FY26,0.01446,ACS,2787,2889,3810,14.54,6.96,5.93,103,26.3,1.14
48485,Wichita,TX,172004,2026-05,1245,ZORI,2026-05,0.01766,ACS,2622,2665,3515,8.68,3.39,2.88,52,23.5,0.68
48487,Wilbarger,TX,107778,2026-05,1191,FMR3,FY26,0.01474,ACS,2929,2966,3911,13.26,6.02,5.11,91,27.4,1.19
48489,Willacy,TX,181416,2026-05,1353,FMR3,FY26,0.01914,ACS,2293,2166,2857,8.95,3.71,3.4,31,17.6,2.0
48491,Williamson,TX,405915,2026-05,1653,ZORI,2026-05,0.01707,ACS,1727,1811,2388,4.89,1.63,1.47,16,12.0,0.65
48493,Wilson,TX,405117,2026-05,1596,ZORI,2026-05,0.01301,ACS,1912,1950,2572,4.73,1.87,1.7,16,13.4,0.66
48495,Winkler,TX,139918,2026-05,1173,FMR3,FY26,0.00952,ACS,2266,2273,2998,10.06,5.17,4.65,52,21.3,22.24
48497,Wise,TX,375255,2026-05,1681,ZORI,2026-05,0.01188,ACS,2577,2659,3507,5.38,2.27,2.02,25,17.4,0.39
48499,Wood,TX,274627,2026-05,1240,ZORI,2026-05,0.00932,ACS,2122,2204,2907,5.42,2.47,2.18,29,19.5,1.31
48501,Yoakum,TX,194292,2026-05,1422,FMR3,FY26,0.00981,ACS,2593,2568,3387,8.78,4.45,4.04,41,19.8,0.0
48503,Young,TX,183621,2026-05,1388,FMR3,FY26,0.01214,ACS,2672,2781,3668,9.07,4.32,3.77,54,22.0,1.23
48505,Zapata,TX,128632,2026-05,1167,FMR3,FY26,0.01027,ACS,1571,1619,2136,10.89,6.13,5.7,44,15.3,0.95
48507,Zavala,TX,96947,2026-05,1353,FMR3,FY26,0.01423,ACS,1704,1724,2274,16.75,9.71,9.13,59,14.0,1.33
49001,Beaver,UT,319914,2026-05,1466,FMR3,FY26,0.0039,ACS,900,920,1213,5.5,3.56,3.47,10,6.9,1.11
49003,Box Elder,UT,456856,2026-05,1403,ZORI,2026-05,0.00511,ACS,1074,1141,1505,3.69,2.09,2.0,9,8.9,1.02
49005,Cache,UT,472614,2026-05,1481,ZORI,2026-05,0.00491,ACS,982,1048,1382,3.76,2.2,2.11,8,7.8,0.7
49007,Carbon,UT,282710,2026-05,1323,FMR3,FY26,0.00642,ACS,905,955,1259,5.62,3.36,3.24,13,7.9,1.49
49009,Daggett,UT,366895,2026-05,1569,FMR3,FY26,0.00481,ACS,1033,1068,1408,5.13,3.19,3.09,10,7.5,0.95
49011,Davis,UT,565810,2026-05,1733,ZORI,2026-05,0.00541,ACS,1108,1176,1551,3.67,2.09,2.01,8,7.5,0.76
49013,Duchesne,UT,370278,2026-05,1481,FMR3,FY26,0.00635,ACS,1008,1037,1368,4.8,2.79,2.69,10,7.7,1.18
49015,Emery,UT,301933,2026-05,1310,FMR3,FY26,0.00584,ACS,940,969,1277,5.21,3.11,3.0,11,8.1,1.32
49017,Garfield,UT,245896,2026-05,1211,FMR3,FY26,0.0038,ACS,1045,1097,1447,5.91,3.75,3.58,16,10.0,1.28
49019,Grand,UT,577573,2026-05,2128,FMR3,FY26,0.00418,ACS,1041,1060,1398,4.42,2.81,2.74,6,5.5,0.96
49021,Iron,UT,412280,2026-05,1496,ZORI,2026-05,0.00421,ACS,1003,1049,1383,4.35,2.69,2.6,9,7.7,1.01
49023,Juab,UT,454498,2026-05,2031,FMR3,FY26,0.00462,ACS,954,992,1308,5.36,3.46,3.38,8,5.4,1.23
49025,Kane,UT,430174,2026-05,1990,FMR3,FY26,0.00419,ACS,1062,1110,1464,5.55,3.61,3.52,9,6.1,1.2
49027,Millard,UT,344873,2026-05,1550,FMR3,FY26,0.00535,ACS,911,961,1268,5.39,3.35,3.25,10,6.8,0.83
49029,Morgan,UT,754026,2026-05,2163,FMR3,FY26,0.00543,ACS,1195,1303,1719,3.44,1.95,1.88,7,6.6,0.86
49033,Rich,UT,610949,2026-05,1299,FMR3,FY26,0.00291,ACS,1100,1170,1543,2.55,1.49,1.42,7,9.9,0.87
49035,Salt Lake,UT,577135,2026-05,1638,ZORI,2026-05,0.00563,ACS,1129,1189,1568,3.41,1.86,1.79,8,8.0,0.98
49037,San Juan,UT,359126,2026-05,1372,FMR3,FY26,0.00844,ACS,1025,1038,1369,4.58,2.4,2.3,10,8.3,0.65
49039,Sanpete,UT,393836,2026-05,1441,FMR3,FY26,0.00511,ACS,968,985,1299,4.39,2.62,2.54,8,7.5,1.53
49041,Sevier,UT,335233,2026-05,1440,FMR3,FY26,0.00552,ACS,915,949,1251,5.15,3.14,3.04,10,7.2,0.82
49043,Summit,UT,1328254,2026-05,3614,ZORI,2026-05,0.00347,ACS,2238,2362,3115,3.26,2.0,1.93,7,7.2,2.59
49045,Tooele,UT,481789,2026-05,1948,ZORI,2026-05,0.00589,ACS,983,1045,1378,4.85,2.94,2.86,8,5.9,1.15
49047,Uintah,UT,359231,2026-05,1433,ZORI,2026-05,0.00536,ACS,1018,1047,1381,4.79,2.87,2.77,10,8.0,1.32
49049,Utah,UT,548255,2026-05,1825,ZORI,2026-05,0.00457,ACS,1107,1167,1538,3.99,2.42,2.34,8,7.0,1.08
49051,Wasatch,UT,946077,2026-05,2964,ZORI,2026-05,0.00446,ACS,1502,1568,2068,3.76,2.29,2.23,6,5.8,1.93
49053,Washington,UT,530009,2026-05,1929,ZORI,2026-05,0.00446,ACS,1003,1050,1385,4.37,2.73,2.66,7,6.0,1.19
49055,Wayne,UT,453449,2026-05,1228,FMR3,FY26,0.00349,ACS,910,949,1252,3.25,1.95,1.88,8,8.5,1.39
49057,Weber,UT,465682,2026-05,1511,ZORI,2026-05,0.00621,ACS,1094,1168,1540,3.89,2.14,2.05,10,8.5,1.06
50001,Addison,VT,427961,2026-05,1866,ZORI,2026-05,0.01693,ACS,1228,1215,1603,5.23,2.05,1.96,9,7.2,0.54
50003,Bennington,VT,380467,2026-05,1777,ZORI,2026-05,0.01708,ACS,1707,1698,2240,5.6,2.16,2.02,14,10.5,1.07
50005,Caledonia,VT,303853,2026-05,1610,FMR3,FY26,0.0183,ACS,1142,1146,1512,6.36,2.69,2.57,12,7.8,0.83
50007,Chittenden,VT,515408,2026-05,2110,ZORI,2026-05,0.01614,ACS,1133,1127,1486,4.91,1.95,1.88,7,5.9,0.5
50009,Essex,VT,241284,2026-05,1400,FMR3,FY26,0.01688,ACS,1073,1078,1422,6.96,3.23,3.08,14,8.5,1.01
50011,Franklin,VT,373148,2026-05,1764,ZORI,2026-05,0.01487,ACS,1086,1085,1431,5.67,2.59,2.5,9,6.8,0.72
50013,Grand Isle,VT,459802,2026-05,2745,FMR3,FY26,0.01355,ACS,1214,1210,1596,7.16,3.9,3.81,8,4.8,0.58
50015,Lamoille,VT,500076,2026-05,2047,ZORI,2026-05,0.01673,ACS,1398,1392,1836,4.91,1.83,1.74,9,7.5,0.96
50017,Orange,VT,332426,2026-05,1698,ZORI,2026-05,0.01753,ACS,1216,1211,1597,6.13,2.6,2.49,11,7.8,1.17
50019,Orleans,VT,297641,2026-05,1528,FMR3,FY26,0.01678,ACS,1140,1147,1513,6.16,2.68,2.56,13,8.3,0.77
50021,Rutland,VT,316756,2026-05,1398,ZORI,2026-05,0.01858,ACS,1322,1314,1733,5.3,1.8,1.67,13,10.3,1.03
50023,Washington,VT,397533,2026-05,1637,ZORI,2026-05,0.01868,ACS,1219,1213,1600,4.94,1.63,1.53,10,8.1,0.8
50025,Windham,VT,377210,2026-05,1938,ZORI,2026-05,0.01874,ACS,1510,1493,1969,6.16,2.47,2.35,12,8.5,1.22
50027,Windsor,VT,426477,2026-05,1732,ZORI,2026-05,0.01975,ACS,1542,1523,2009,4.87,1.42,1.31,11,9.7,1.02
51001,Accomack,VA,247407,2026-05,1367,FMR3,FY26,0.00498,ACS,1508,1471,1939,6.63,4.0,3.82,17,11.8,3.99
51003,Albemarle,VA,562596,2026-05,2087,ZORI,2026-05,0.00739,ACS,1422,1452,1915,4.45,2.44,2.35,9,7.6,0.72
51005,Alleghany,VA,181751,2026-05,1259,FMR3,FY26,0.00827,ACS,956,961,1268,8.31,5.05,4.88,17,8.4,0.45
51007,Amelia,VA,332821,2026-05,2072,FMR3,FY26,0.00431,ACS,1288,1295,1708,7.47,4.93,4.81,13,6.9,0.78
51009,Amherst,VA,264564,2026-05,1092,ZORI,2026-05,0.00506,ACS,1065,1068,1409,4.95,2.91,2.78,13,10.7,1.1
51011,Appomattox,VA,292544,2026-05,1635,FMR3,FY26,0.00532,ACS,1055,1048,1382,6.71,4.27,4.16,11,7.0,0.47
51013,Arlington,VA,825578,2026-05,2718,ZORI,2026-05,0.00899,ACS,1497,1526,2012,3.95,1.96,1.9,6,6.2,0.74
51015,Augusta,VA,367600,2026-05,1705,ZORI,2026-05,0.0049,ACS,993,994,1311,5.57,3.53,3.44,9,6.4,0.73
51017,Bath,VA,228337,2026-05,1171,FMR3,FY26,0.00405,ACS,1398,1398,1843,6.15,3.72,3.53,19,13.1,0.6
51019,Bedford,VA,354746,2026-05,1476,ZORI,2026-05,0.00457,ACS,1165,1191,1570,4.99,3.06,2.95,11,8.9,0.71
51021,Bland,VA,194889,2026-05,1271,FMR3,FY26,0.00553,ACS,957,965,1273,7.83,4.98,4.82,16,8.3,0.8
51023,Botetourt,VA,316909,2026-05,1773,ZORI,2026-05,0.00655,ACS,1134,1153,1520,6.71,4.16,4.03,12,7.1,0.77
51025,Brunswick,VA,152705,2026-05,1600,ZORI,2026-05,0.00541,ACS,1316,1378,1817,12.57,8.28,7.95,33,9.5,1.89
51027,Buchanan,VA,77773,2026-05,1271,FMR3,FY26,0.00442,ACS,1053,1074,1416,19.61,13.3,12.84,47,9.3,0.81
51029,Buckingham,VA,259735,2026-05,1266,FMR3,FY26,0.00521,ACS,1202,1217,1604,5.85,3.52,3.37,15,10.6,0.88
51031,Campbell,VA,276706,2026-05,1349,ZORI,2026-05,0.00458,ACS,1024,1034,1364,5.85,3.68,3.55,12,8.4,1.2
51033,Caroline,VA,363916,2026-05,2110,ZORI,2026-05,0.0056,ACS,1306,1356,1788,6.96,4.44,4.31,13,7.1,0.93
51035,Carroll,VA,191252,2026-05,1271,FMR3,FY26,0.00597,ACS,958,962,1269,7.97,5.04,4.88,16,8.3,0.98
51036,Charles City,VA,282695,2026-05,2072,FMR3,FY26,0.00604,ACS,1441,1495,1972,8.8,5.66,5.47,19,7.9,0.95
51037,Charlotte,VA,193245,2026-05,1146,FMR3,FY26,0.00513,ACS,1134,1145,1510,7.12,4.38,4.18,19,11.0,1.1
51041,Chesterfield,VA,415791,2026-05,1895,ZORI,2026-05,0.00783,ACS,1279,1334,1759,5.47,3.12,3.01,12,7.7,0.92
51043,Clarke,VA,575773,2026-05,1950,ZORI,2026-05,0.00512,ACS,1525,1535,2025,4.06,2.35,2.27,9,8.7,0.66
51045,Craig,VA,238457,2026-05,1743,FMR3,FY26,0.00455,ACS,957,977,1289,8.77,5.9,5.76,14,6.2,0.72
51047,Culpeper,VA,493413,2026-05,1971,ZORI,2026-05,0.00548,ACS,1392,1422,1876,4.79,2.86,2.76,10,7.9,0.75
51049,Cumberland,VA,289895,2026-05,1195,FMR3,FY26,0.00635,ACS,1222,1213,1599,4.95,2.75,2.62,13,11.2,0.89
51051,Dickenson,VA,116970,2026-05,1096,FMR3,FY26,0.00498,ACS,978,990,1306,11.24,7.32,7.04,28,9.9,0.67
51053,Dinwiddie,VA,302875,2026-05,2072,FMR3,FY26,0.00601,ACS,1325,1373,1810,8.21,5.28,5.12,16,7.3,1.75
51057,Essex,VA,299658,2026-05,1341,FMR3,FY26,0.00574,ACS,1431,1441,1900,5.37,3.08,2.93,16,11.8,0.72
51059,Fairfax,VA,776707,2026-05,2506,ZORI,2026-05,0.01011,ACS,1564,1604,2115,3.87,1.77,1.7,7,7.0,0.78
51061,Fauquier,VA,656732,2026-05,2205,ZORI,2026-05,0.0077,ACS,1774,1818,2398,4.03,2.06,1.97,10,9.1,0.71
51063,Floyd,VA,280139,2026-05,1312,FMR3,FY26,0.00521,ACS,1053,1103,1455,5.62,3.43,3.29,14,9.2,0.69
51065,Fluvanna,VA,379976,2026-05,1933,ZORI,2026-05,0.00651,ACS,1205,1235,1629,6.11,3.73,3.62,11,7.0,0.55
51067,Franklin,VA,360311,2026-05,1250,ZORI,2026-05,0.00533,ACS,1174,1208,1593,4.16,2.35,2.23,12,10.6,0.68
51069,Frederick,VA,433899,2026-05,2244,ZORI,2026-05,0.00509,ACS,1204,1240,1636,6.21,3.99,3.89,10,6.1,0.62
51071,Giles,VA,206668,2026-05,1180,FMR3,FY26,0.00632,ACS,971,998,1316,6.85,4.17,4.01,17,9.3,0.76
51073,Gloucester,VA,377680,2026-05,2188,ZORI,2026-05,0.00594,ACS,1535,1554,2050,6.95,4.35,4.22,14,7.8,0.7
51075,Goochland,VA,586854,2026-05,2038,ZORI,2026-05,0.005,ACS,1589,1633,2153,4.17,2.44,2.34,10,8.8,0.67
51077,Grayson,VA,205646,2026-05,1241,FMR3,FY26,0.0062,ACS,998,1019,1344,7.24,4.47,4.3,17,9.0,1.0
51079,Greene,VA,383596,2026-05,2439,ZORI,2026-05,0.00637,ACS,1108,1137,1499,7.63,4.95,4.85,10,5.1,0.66
51081,Greensville,VA,171522,2026-05,1392,FMR3,FY26,0.00588,ACS,1214,1255,1655,9.74,6.2,5.95,26,9.9,1.41
51083,Halifax,VA,153966,2026-05,1390,ZORI,2026-05,0.0049,ACS,1086,1106,1459,10.83,7.15,6.9,24,8.7,1.21
51085,Hanover,VA,460198,2026-05,2094,ZORI,2026-05,0.00672,ACS,1364,1410,1859,5.46,3.24,3.13,11,7.4,0.6
51087,Henrico,VA,403776,2026-05,1820,ZORI,2026-05,0.00724,ACS,1196,1239,1634,5.41,3.14,3.04,11,7.5,1.18
51089,Henry,VA,141110,2026-05,846,ZORI,2026-05,0.00502,ACS,988,1014,1337,7.2,4.34,4.09,25,13.2,1.06
51091,Highland,VA,282293,2026-05,1233,FMR3,FY26,0.00564,ACS,1291,1305,1721,5.24,3.01,2.86,15,11.6,0.37
51093,Isle of Wight,VA,384835,2026-05,1987,ZORI,2026-05,0.00719,ACS,1555,1593,2101,6.19,3.65,3.5,14,8.8,0.65
51095,James City,VA,486535,2026-05,2119,ZORI,2026-05,0.00665,ACS,1479,1515,1998,5.23,3.06,2.95,11,7.9,0.98
51097,King and Queen,VA,303956,2026-05,1536,FMR3,FY26,0.00523,ACS,1338,1327,1751,6.06,3.71,3.57,14,9.5,0.43
51099,King George,VA,478093,2026-05,1882,ZORI,2026-05,0.00561,ACS,1399,1442,1902,4.72,2.78,2.68,11,8.4,0.72
51101,King William,VA,355967,2026-05,1825,ZORI,2026-05,0.00627,ACS,1236,1257,1658,6.15,3.76,3.64,12,7.6,0.45
51103,Lancaster,VA,397918,2026-05,1850,ZORI,2026-05,0.0049,ACS,2231,2290,3021,5.58,3.24,3.05,20,13.6,1.09
51105,Lee,VA,116391,2026-05,1226,FMR3,FY26,0.00594,ACS,1005,1020,1346,12.64,8.28,7.98,29,9.1,1.05
51107,Loudoun,VA,806960,2026-05,2800,ZORI,2026-05,0.00882,ACS,1695,1759,2319,4.16,2.11,2.04,8,6.9,0.63
51109,Louisa,VA,423806,2026-05,1734,FMR3,FY26,0.00646,ACS,1336,1387,1829,4.91,2.82,2.7,12,8.8,0.79
51111,Lunenburg,VA,148498,2026-05,1127,FMR3,FY26,0.00436,ACS,1154,1175,1549,9.11,5.8,5.53,27,11.5,1.3
51113,Madison,VA,419257,2026-05,1483,FMR3,FY26,0.00594,ACS,1321,1304,1719,4.24,2.36,2.26,9,9.7,0.74
51115,Mathews,VA,354949,2026-05,2376,FMR3,FY26,0.00423,ACS,1966,2019,2663,8.03,5.21,5.01,20,9.3,1.31
51117,Mecklenburg,VA,212716,2026-05,1492,ZORI,2026-05,0.00488,ACS,1220,1255,1656,8.41,5.42,5.21,20,9.3,0.82
51119,Middlesex,VA,389049,2026-05,1548,FMR3,FY26,0.00564,ACS,1687,1705,2249,4.77,2.68,2.53,14,12.1,0.77
51121,Montgomery,VA,348351,2026-05,1770,ZORI,2026-05,0.00767,ACS,1054,1083,1428,6.1,3.63,3.52,11,6.7,0.65
51125,Nelson,VA,365254,2026-05,2218,FMR3,FY26,0.00536,ACS,1358,1366,1801,7.29,4.7,4.58,12,6.8,0.73
51127,New Kent,VA,447698,2026-05,2072,FMR3,FY26,0.00679,ACS,1284,1314,1733,5.55,3.31,3.21,10,7.0,0.56
51131,Northampton,VA,313976,2026-05,1320,FMR3,FY26,0.00605,ACS,2076,2100,2770,5.04,2.62,2.4,22,17.5,1.81
51133,Northumberland,VA,373906,2026-05,1569,FMR3,FY26,0.00481,ACS,1870,1901,2507,5.04,2.9,2.73,17,13.3,0.95
51135,Nottoway,VA,201683,2026-05,1400,ZORI,2026-05,0.0042,ACS,1186,1226,1618,8.33,5.41,5.19,21,9.6,1.42
51137,Orange,VA,387992,2026-05,1716,FMR3,FY26,0.00607,ACS,1276,1315,1735,5.31,3.15,3.03,12,8.4,0.76
51139,Page,VA,309032,2026-05,1157,FMR3,FY26,0.00671,ACS,1034,1039,1370,4.49,2.45,2.34,11,9.9,1.31
51141,Patrick,VA,194648,2026-05,1146,FMR3,FY26,0.00581,ACS,994,1011,1333,7.07,4.35,4.17,17,9.7,0.48
51143,Pittsylvania,VA,193454,2026-05,1012,ZORI,2026-05,0.00593,ACS,994,1009,1330,6.28,3.73,3.56,17,10.9,1.46
51145,Powhatan,VA,502404,2026-05,1971,ZORI,2026-05,0.00634,ACS,1336,1386,1827,4.71,2.73,2.63,10,7.7,0.71
51147,Prince Edward,VA,246032,2026-05,1373,ZORI,2026-05,0.00403,ACS,1159,1192,1572,6.7,4.28,4.12,17,9.5,1.19
51149,Prince George,VA,359527,2026-05,1555,ZORI,2026-05,0.00782,ACS,1298,1353,1784,5.19,2.85,2.72,14,9.6,1.15
51153,Prince William,VA,590314,2026-05,2240,ZORI,2026-05,0.00981,ACS,1426,1473,1942,4.55,2.28,2.2,9,7.2,0.9
51155,Pulaski,VA,226068,2026-05,1252,FMR3,FY26,0.00644,ACS,993,1022,1348,6.65,4.03,3.88,16,9.0,0.78
51157,Rappahannock,VA,577686,2026-05,1649,FMR3,FY26,0.00569,ACS,1696,1734,2287,3.43,1.78,1.67,10,11.6,1.02
51159,Richmond,VA,248052,2026-05,1464,FMR3,FY26,0.00555,ACS,1330,1339,1766,7.08,4.36,4.19,18,10.1,1.12
51161,Roanoke,VA,340883,2026-05,1499,ZORI,2026-05,0.00875,ACS,1063,1087,1433,5.28,2.88,2.77,11,8.0,0.72
51163,Rockbridge,VA,337013,2026-05,1617,ZORI,2026-05,0.006,ACS,1046,1070,1411,5.76,3.52,3.41,11,7.3,0.75
51165,Rockingham,VA,362461,2026-05,1879,ZORI,2026-05,0.00532,ACS,964,971,1281,6.22,3.99,3.9,9,5.7,0.53
51167,Russell,VA,139207,2026-05,1156,FMR3,FY26,0.00538,ACS,957,984,1298,9.97,6.45,6.2,24,9.4,0.9
51169,Scott,VA,172634,2026-05,1338,FMR3,FY26,0.00675,ACS,917,953,1256,9.3,5.95,5.76,20,7.8,1.48
51171,Shenandoah,VA,345690,2026-05,1476,ZORI,2026-05,0.00546,ACS,1101,1120,1478,5.13,3.08,2.97,11,8.3,0.8
51173,Smyth,VA,160146,2026-05,1191,FMR3,FY26,0.00609,ACS,922,940,1239,8.92,5.69,5.49,20,8.7,1.86
51175,Southampton,VA,273076,2026-05,1346,FMR3,FY26,0.00661,ACS,1268,1330,1754,5.91,3.43,3.25,18,10.9,0.86
51177,Spotsylvania,VA,465052,2026-05,2110,ZORI,2026-05,0.00603,ACS,1295,1353,1784,5.44,3.31,3.2,11,7.0,0.78
51179,Stafford,VA,545050,2026-05,2374,ZORI,2026-05,0.00719,ACS,1385,1469,1938,5.23,3.05,2.95,10,6.8,0.8
51181,Surry,VA,284474,2026-05,1445,FMR3,FY26,0.00627,ACS,1322,1363,1798,6.1,3.6,3.43,17,10.4,1.24
51183,Sussex,VA,191813,2026-05,2072,FMR3,FY26,0.00541,ACS,1260,1307,1724,12.96,8.78,8.54,24,6.9,1.18
51185,Tazewell,VA,141162,2026-05,1096,FMR3,FY26,0.00618,ACS,986,1014,1337,9.32,5.86,5.61,25,10.2,1.12
51187,Warren,VA,399833,2026-05,1954,ZORI,2026-05,0.00586,ACS,1196,1232,1625,5.86,3.63,3.52,11,6.9,1.16
51191,Washington,VA,260465,2026-05,1338,FMR3,FY26,0.00514,ACS,1028,1053,1389,6.16,3.84,3.7,14,8.7,1.1
51193,Westmoreland,VA,314467,2026-05,2064,ZORI,2026-05,0.00617,ACS,1396,1432,1889,7.87,5.0,4.85,16,7.6,1.04
51195,Wise,VA,133317,2026-05,1205,FMR3,FY26,0.00565,ACS,990,1021,1346,10.85,7.04,6.78,27,9.3,0.82
51197,Wythe,VA,216510,2026-05,1300,ZORI,2026-05,0.00494,ACS,971,981,1294,7.21,4.61,4.46,15,8.3,1.09
51199,York,VA,466859,2026-05,2025,ZORI,2026-05,0.00651,ACS,1713,1761,2322,5.2,2.99,2.86,13,9.6,0.62
51510,Alexandria city,VA,689489,2026-05,2262,ZORI,2026-05,0.00987,ACS,1543,1544,2036,3.94,1.82,1.75,7,7.5,0.75
51520,Bristol city,VA,182398,2026-05,1345,ZORI,2026-05,0.00767,ACS,898,929,1225,8.85,5.55,5.37,18,7.6,0.74
51550,Chesapeake city,VA,425537,2026-05,2042,ZORI,2026-05,0.00818,ACS,1573,1625,2143,5.76,3.25,3.11,13,8.7,0.57
51610,Falls Church city,VA,1171762,2026-05,2450,ZORI,2026-05,0.00995,ACS,1571,1583,2088,2.51,0.8,0.76,4,7.1,0.47
51630,Fredericksburg city,VA,475813,2026-05,1984,ZORI,2026-05,0.00618,ACS,1371,1410,1860,5.0,2.95,2.84,10,7.8,0.94
51650,Hampton city,VA,279382,2026-05,1642,ZORI,2026-05,0.00965,ACS,1653,1715,2262,7.05,3.87,3.66,22,11.5,2.17
51680,Lynchburg city,VA,248511,2026-05,1319,ZORI,2026-05,0.00839,ACS,903,922,1216,6.37,3.7,3.58,13,7.7,0.56
51683,Manassas city,VA,495671,2026-05,2167,ZORI,2026-05,0.01096,ACS,1210,1250,1649,5.25,2.7,2.61,9,6.3,0.55
51700,Newport News city,VA,293700,2026-05,1576,ZORI,2026-05,0.0103,ACS,1543,1565,2063,6.44,3.4,3.22,18,10.9,1.2
51710,Norfolk city,VA,312843,2026-05,1761,ZORI,2026-05,0.01007,ACS,1786,1818,2397,6.75,3.62,3.43,20,11.3,2.11
51735,Poquoson city,VA,470036,2026-05,2492,ZORI,2026-05,0.00903,ACS,1930,1973,2603,6.36,3.58,3.44,14,8.7,0.72
51740,Portsmouth city,VA,267078,2026-05,1635,ZORI,2026-05,0.01069,ACS,1465,1496,1973,7.35,4.04,3.85,19,10.1,0.8
51760,Richmond city,VA,373810,2026-05,1680,ZORI,2026-05,0.00864,ACS,1441,1483,1955,5.39,2.9,2.77,14,9.7,0.94
51770,Roanoke city,VA,223225,2026-05,1287,ZORI,2026-05,0.01013,ACS,969,994,1311,6.92,3.88,3.73,15,8.5,1.1
51800,Suffolk city,VA,389731,2026-05,1912,ZORI,2026-05,0.00932,ACS,1740,1778,2345,5.89,3.15,3.0,16,10.2,0.9
51810,Virginia Beach city,VA,429580,2026-05,2053,ZORI,2026-05,0.008,ACS,2114,2151,2837,5.73,3.12,2.96,17,11.5,1.73
51840,Winchester city,VA,362770,2026-05,1615,ZORI,2026-05,0.00769,ACS,1099,1127,1486,5.34,3.04,2.94,11,7.7,0.52
53001,Adams,WA,309550,2026-05,1576,FMR3,FY26,0.00837,ACS,1363,1294,1707,6.11,3.43,3.32,11,9.0,0.76
53003,Asotin,WA,350120,2026-05,1697,FMR3,FY26,0.008,ACS,1282,1297,1710,5.82,3.31,3.19,12,8.4,0.79
53005,Benton,WA,450687,2026-05,1699,ZORI,2026-05,0.00788,ACS,1225,1219,1607,4.52,2.42,2.34,8,7.9,0.73
53007,Chelan,WA,539975,2026-05,1768,ZORI,2026-05,0.00711,ACS,1519,1530,2018,3.93,2.03,1.94,9,9.5,1.24
53009,Clallam,WA,499235,2026-05,2116,ZORI,2026-05,0.00742,ACS,1220,1194,1575,5.09,2.93,2.86,7,6.2,0.66
53011,Clark,WA,552436,2026-05,1855,ZORI,2026-05,0.00836,ACS,1207,1219,1607,4.03,2.05,1.98,7,7.2,0.58
53013,Columbia,WA,269415,2026-05,1463,FMR3,FY26,0.00865,ACS,1251,1217,1605,6.52,3.69,3.56,13,9.1,0.72
53015,Cowlitz,WA,423283,2026-05,1391,ZORI,2026-05,0.00813,ACS,1202,1196,1578,3.94,1.94,1.85,9,9.5,0.74
53017,Douglas,WA,495948,2026-05,2318,ZORI,2026-05,0.00786,ACS,1420,1385,1826,5.61,3.25,3.16,8,6.6,0.64
53019,Ferry,WA,294279,2026-05,1353,FMR3,FY26,0.00653,ACS,1458,1415,1866,5.52,3.1,2.96,14,11.5,1.3
53021,Franklin,WA,421705,2026-05,1753,ZORI,2026-05,0.00763,ACS,1213,1204,1588,4.99,2.79,2.7,9,7.5,0.6
53023,Garfield,WA,253357,2026-05,1456,FMR3,FY26,0.0061,ACS,1744,1352,1783,6.9,4.01,4.0,2,10.2,0.84
53025,Grant,WA,363538,2026-05,1456,ZORI,2026-05,0.00823,ACS,1231,1218,1607,4.81,2.54,2.44,10,9.2,0.84
53027,Grays Harbor,WA,325796,2026-05,1449,ZORI,2026-05,0.00873,ACS,1217,1175,1549,5.34,2.86,2.76,10,8.9,0.68
53029,Island,WA,645942,2026-05,1986,ZORI,2026-05,0.00703,ACS,1426,1438,1897,3.69,1.92,1.84,7,8.0,0.68
53031,Jefferson,WA,604961,2026-05,1901,FMR3,FY26,0.00726,ACS,1267,1258,1659,3.77,1.97,1.9,6,7.3,0.49
53033,King,WA,866580,2026-05,2291,ZORI,2026-05,0.00836,ACS,1652,1641,2164,3.17,1.42,1.36,6,7.9,0.61
53035,Kitsap,WA,586381,2026-05,2065,ZORI,2026-05,0.00797,ACS,1317,1321,1742,4.23,2.23,2.16,7,7.0,0.55
53037,Kittitas,WA,494920,2026-05,1721,ZORI,2026-05,0.00708,ACS,1565,1591,2099,4.17,2.19,2.08,11,10.2,1.34
53039,Klickitat,WA,472852,2026-05,1703,ZORI,2026-05,0.00618,ACS,1359,1365,1800,4.32,2.42,2.33,9,8.8,1.27
53041,Lewis,WA,437550,2026-05,1375,ZORI,2026-05,0.00712,ACS,1250,1248,1646,3.77,1.91,1.82,9,10.0,0.73
53043,Lincoln,WA,324842,2026-05,1420,FMR3,FY26,0.00595,ACS,1569,1444,1905,5.25,2.96,2.86,10,11.2,1.87
53045,Mason,WA,456168,2026-05,1826,ZORI,2026-05,0.00751,ACS,1243,1239,1635,4.8,2.68,2.59,9,7.5,0.85
53047,Okanogan,WA,316739,2026-05,1200,ZORI,2026-05,0.00772,ACS,1515,1531,2019,4.55,2.25,2.09,16,14.0,1.54
53049,Pacific,WA,340764,2026-05,1564,ZORI,2026-05,0.00821,ACS,1211,1199,1581,5.51,3.06,2.95,11,8.4,0.84
53051,Pend Oreille,WA,375824,2026-05,1379,FMR3,FY26,0.00665,ACS,1343,1350,1780,4.4,2.37,2.25,12,10.8,2.56
53053,Pierce,WA,573681,2026-05,1940,ZORI,2026-05,0.0094,ACS,1334,1324,1746,4.06,1.95,1.88,7,7.5,0.76
53055,San Juan,WA,889774,2026-05,2332,FMR3,FY26,0.00569,ACS,2189,2218,2925,3.15,1.61,1.52,8,10.5,0.76
53057,Skagit,WA,589529,2026-05,2131,ZORI,2026-05,0.00824,ACS,1229,1236,1630,4.34,2.31,2.24,7,6.4,0.57
53059,Skamania,WA,558710,2026-05,2619,FMR3,FY26,0.00715,ACS,1320,1340,1767,5.63,3.38,3.3,8,5.6,0.98
53061,Snohomish,WA,760219,2026-05,2184,ZORI,2026-05,0.00794,ACS,1307,1317,1737,3.45,1.69,1.63,6,6.6,0.59
53063,Spokane,WA,427928,2026-05,1550,ZORI,2026-05,0.00863,ACS,1187,1200,1583,4.35,2.21,2.11,9,8.5,0.86
53065,Stevens,WA,377372,2026-05,1573,FMR3,FY26,0.00655,ACS,1394,1383,1824,5.0,2.83,2.71,11,9.7,1.67
53067,Thurston,WA,533923,2026-05,2041,ZORI,2026-05,0.00895,ACS,1214,1217,1605,4.59,2.41,2.34,7,6.6,0.51
53069,Wahkiakum,WA,411544,2026-05,1581,FMR3,FY26,0.00605,ACS,1398,1339,1766,4.61,2.61,2.52,9,9.3,0.67
53071,Walla Walla,WA,419366,2026-05,1499,ZORI,2026-05,0.00901,ACS,1215,1217,1605,4.29,2.11,2.02,9,8.9,0.77
53073,Whatcom,WA,620857,2026-05,2041,ZORI,2026-05,0.00712,ACS,1150,1153,1521,3.95,2.14,2.08,6,6.2,0.5
53075,Whitman,WA,331129,2026-05,1320,ZORI,2026-05,0.00794,ACS,1345,1316,1736,4.78,2.48,2.36,12,11.0,0.72
53077,Yakima,WA,355269,2026-05,1371,ZORI,2026-05,0.00818,ACS,1330,1321,1743,4.63,2.37,2.26,12,10.6,0.72
54001,Barbour,WV,123055,2026-05,1147,FMR3,FY26,0.00427,ACS,1175,1163,1534,11.19,7.23,6.94,29,11.1,0.95
54003,Berkeley,WV,323247,2026-05,1728,ZORI,2026-05,0.00546,ACS,1174,1187,1565,6.41,4.03,3.91,12,7.5,0.61
54005,Boone,WV,90340,2026-05,1195,FMR3,FY26,0.0065,ACS,1275,1265,1668,15.87,10.16,9.73,44,11.6,1.0
54007,Braxton,WV,143900,2026-05,1147,FMR3,FY26,0.0045,ACS,1152,1131,1492,9.56,6.11,5.88,24,10.8,0.71
54009,Brooke,WV,131458,2026-05,868,ZORI,2026-05,0.0054,ACS,1075,1080,1425,7.92,4.74,4.48,27,13.7,1.05
54011,Cabell,WV,170991,2026-05,1081,ZORI,2026-05,0.00634,ACS,1303,1317,1737,7.59,4.45,4.19,25,13.4,0.76
54013,Calhoun,WV,105707,2026-05,1173,FMR3,FY26,0.00397,ACS,1087,1126,1485,13.32,8.83,8.45,38,10.5,0.96
54015,Clay,WV,124062,2026-05,1325,FMR3,FY26,0.00345,ACS,1244,1269,1674,12.82,8.52,8.17,35,10.5,0.0
54017,Doddridge,WV,138062,2026-05,1207,FMR3,FY26,0.0047,ACS,1070,1077,1420,10.49,6.83,6.58,25,9.8,0.71
54019,Fayette,WV,137508,2026-05,1195,FMR3,FY26,0.00662,ACS,1116,1108,1462,10.43,6.56,6.3,25,10.2,0.87
54021,Gilmer,WV,121172,2026-05,1140,FMR3,FY26,0.00507,ACS,1116,1085,1431,11.29,7.27,7.01,26,10.5,0.31
54023,Grant,WV,185417,2026-05,1127,FMR3,FY26,0.00331,ACS,1109,1121,1478,7.29,4.69,4.49,20,10.9,0.43
54025,Greenbrier,WV,208377,2026-05,1098,ZORI,2026-05,0.0047,ACS,1225,1227,1618,6.33,3.81,3.62,19,12.3,0.74
54027,Hampshire,WV,256711,2026-05,1965,FMR3,FY26,0.00364,ACS,1256,1247,1645,9.19,6.22,6.07,15,7.0,0.62
54029,Hancock,WV,146421,2026-05,1285,FMR3,FY26,0.00629,ACS,1092,1096,1445,10.53,6.73,6.49,24,9.4,1.03
54031,Hardy,WV,230671,2026-05,1146,FMR3,FY26,0.00367,ACS,1202,1193,1573,5.96,3.7,3.54,16,11.4,0.52
54033,Harrison,WV,153420,2026-05,1157,ZORI,2026-05,0.0055,ACS,1094,1091,1440,9.05,5.7,5.48,23,10.4,0.88
54035,Jackson,WV,199500,2026-05,1137,FMR3,FY26,0.00563,ACS,1167,1166,1537,6.84,4.12,3.93,19,11.3,0.47
54037,Jefferson,WV,401045,2026-05,1959,ZORI,2026-05,0.00553,ACS,1441,1460,1926,5.86,3.6,3.48,12,8.2,0.45
54039,Kanawha,WV,152842,2026-05,1267,ZORI,2026-05,0.00683,ACS,1207,1198,1580,9.95,6.19,5.94,24,10.4,0.9
54041,Lewis,WV,130304,2026-05,1146,FMR3,FY26,0.00471,ACS,1131,1111,1465,10.55,6.79,6.53,26,10.7,0.67
54043,Lincoln,WV,105006,2026-05,1042,FMR3,FY26,0.00478,ACS,1228,1213,1600,11.91,7.52,7.17,35,12.8,0.41
54045,Logan,WV,109053,2026-05,1209,FMR3,FY26,0.00582,ACS,1295,1284,1693,13.3,8.47,8.11,36,11.7,1.37
54047,McDowell,WV,41526,2026-05,1146,FMR3,FY26,0.00565,ACS,1130,1113,1468,33.12,22.21,21.4,81,10.7,1.23
54049,Marion,WV,169382,2026-05,1148,ZORI,2026-05,0.00602,ACS,1078,1065,1404,8.13,5.02,4.83,19,10.2,0.77
54051,Marshall,WV,134743,2026-05,1277,FMR3,FY26,0.00456,ACS,1097,1074,1417,11.37,7.49,7.25,24,9.2,0.68
54053,Mason,WV,163032,2026-05,1081,FMR3,FY26,0.00535,ACS,1185,1210,1596,7.96,4.86,4.61,25,12.3,0.89
54055,Mercer,WV,148589,2026-05,845,ZORI,2026-05,0.00497,ACS,1181,1214,1601,6.82,3.96,3.68,28,15.8,0.92
54057,Mineral,WV,197178,2026-05,1100,ZORI,2026-05,0.00465,ACS,1067,1053,1389,6.69,4.15,3.99,16,10.5,0.68
54059,Mingo,WV,80123,2026-05,1077,FMR3,FY26,0.00437,ACS,1295,1272,1678,16.13,10.37,9.89,48,13.0,0.92
54061,Monongalia,WV,267197,2026-05,1539,ZORI,2026-05,0.00485,ACS,1160,1144,1509,6.91,4.4,4.27,13,8.2,0.48
54063,Monroe,WV,199387,2026-05,1209,FMR3,FY26,0.00478,ACS,1096,1111,1465,7.28,4.58,4.39,19,10.1,0.33
54065,Morgan,WV,306705,2026-05,1221,FMR3,FY26,0.00513,ACS,1285,1262,1665,4.78,2.75,2.62,12,11.4,0.64
54067,Nicholas,WV,160496,2026-05,1125,FMR3,FY26,0.00482,ACS,1140,1135,1497,8.41,5.28,5.06,22,11.1,0.75
54069,Ohio,WV,161300,2026-05,935,ZORI,2026-05,0.00587,ACS,1217,1226,1617,6.95,4.01,3.76,25,14.4,0.64
54071,Pendleton,WV,222392,2026-05,1209,FMR3,FY26,0.00338,ACS,985,972,1282,6.52,4.24,4.11,13,8.8,0.29
54073,Pleasants,WV,166279,2026-05,1173,FMR3,FY26,0.00582,ACS,1013,979,1292,8.47,5.33,5.16,17,9.2,0.88
54075,Pocahontas,WV,185807,2026-05,1146,FMR3,FY26,0.00315,ACS,1198,1189,1568,7.4,4.74,4.54,20,11.4,0.76
54077,Preston,WV,143761,2026-05,1318,FMR3,FY26,0.00474,ACS,1167,1133,1494,11.0,7.19,6.96,23,9.4,0.64
54079,Putnam,WV,250122,2026-05,1306,ZORI,2026-05,0.00577,ACS,1194,1197,1579,6.26,3.77,3.62,15,10.1,0.53
54081,Raleigh,WV,157840,2026-05,1102,ZORI,2026-05,0.00514,ACS,1228,1212,1598,8.38,5.16,4.92,23,12.1,1.24
54083,Randolph,WV,160712,2026-05,1183,FMR3,FY26,0.00391,ACS,1182,1163,1533,8.83,5.67,5.46,22,10.8,0.83
54085,Ritchie,WV,117570,2026-05,1042,FMR3,FY26,0.00649,ACS,1098,1048,1382,10.64,6.61,6.36,24,11.1,0.78
54087,Roane,WV,131561,2026-05,1173,FMR3,FY26,0.00444,ACS,1147,1160,1530,10.7,6.92,6.63,29,10.9,1.28
54089,Summers,WV,161707,2026-05,1146,FMR3,FY26,0.00305,ACS,1145,1120,1478,8.5,5.54,5.33,21,10.7,0.73
54091,Taylor,WV,190235,2026-05,1286,FMR3,FY26,0.00527,ACS,1129,1104,1456,8.11,5.13,4.95,17,9.4,0.53
54093,Tucker,WV,210990,2026-05,1209,FMR3,FY26,0.00353,ACS,1230,1211,1598,6.88,4.36,4.18,17,11.0,0.6
54095,Tyler,WV,111808,2026-05,1124,FMR3,FY26,0.00563,ACS,1056,1040,1371,12.06,7.78,7.5,28,10.2,1.1
54097,Upshur,WV,155153,2026-05,1205,FMR3,FY26,0.00436,ACS,1066,1041,1373,9.32,6.05,5.86,20,9.5,0.79
54099,Wayne,WV,145735,2026-05,1249,FMR3,FY26,0.00472,ACS,1312,1308,1725,10.28,6.55,6.26,28,11.5,0.84
54101,Webster,WV,86201,2026-05,1061,FMR3,FY26,0.00388,ACS,1087,1084,1429,14.77,9.72,9.33,40,11.2,0.73
54103,Wetzel,WV,116356,2026-05,750,ZORI,2026-05,0.00646,ACS,1006,993,1310,7.73,4.45,4.18,26,14.6,0.51
54105,Wirt,WV,119850,2026-05,1194,FMR3,FY26,0.00534,ACS,1028,1014,1337,11.95,7.81,7.56,26,9.3,0.78
54107,Wood,WV,175091,2026-05,1003,ZORI,2026-05,0.00614,ACS,1088,1073,1416,6.87,4.06,3.87,19,11.8,0.68
54109,Wyoming,WV,69275,2026-05,1173,FMR3,FY26,0.00439,ACS,1118,1103,1455,20.32,13.59,13.11,49,10.3,0.8
55001,Adams,WI,254830,2026-05,1236,FMR3,FY26,0.01299,ACS,1107,1113,1468,5.82,2.75,2.61,14,9.9,0.65
55003,Ashland,WI,190823,2026-05,1353,FMR3,FY26,0.01467,ACS,1193,1185,1563,8.51,4.46,4.27,19,9.6,1.04
55005,Barron,WI,287004,2026-05,1025,ZORI,2026-05,0.01424,ACS,1261,1272,1677,4.29,1.44,1.29,14,13.6,0.82
55007,Bayfield,WI,301178,2026-05,1283,FMR3,FY26,0.01066,ACS,1320,1296,1709,5.11,2.43,2.3,13,11.1,0.51
55009,Brown,WI,356279,2026-05,1176,ZORI,2026-05,0.01461,ACS,1067,1071,1412,3.96,1.29,1.19,10,10.0,0.98
55011,Buffalo,WI,255141,2026-05,1184,FMR3,FY26,0.01423,ACS,1241,1265,1669,5.57,2.38,2.21,17,11.7,0.73
55013,Burnett,WI,303362,2026-05,1168,FMR3,FY26,0.00952,ACS,1277,1292,1704,4.62,2.18,2.04,14,12.2,0.77
55015,Calumet,WI,377518,2026-05,1701,FMR3,FY26,0.01519,ACS,1044,1051,1386,5.41,2.37,2.28,9,6.8,0.73
55017,Chippewa,WI,327158,2026-05,1268,ZORI,2026-05,0.01159,ACS,1240,1259,1660,4.65,2.04,1.91,13,10.9,0.76
55019,Clark,WI,229543,2026-05,1238,FMR3,FY26,0.01506,ACS,1103,1103,1455,6.47,3.0,2.84,15,9.8,0.74
55021,Columbia,WI,358733,2026-05,1258,ZORI,2026-05,0.01479,ACS,1286,1336,1762,4.21,1.4,1.27,13,11.7,0.66
55023,Crawford,WI,237607,2026-05,1167,FMR3,FY26,0.01638,ACS,1149,1159,1528,5.89,2.42,2.26,16,10.9,0.7
55025,Dane,WI,475273,2026-05,1686,ZORI,2026-05,0.01714,ACS,1312,1355,1788,4.26,1.29,1.19,10,8.8,0.66
55027,Dodge,WI,321753,2026-05,1141,ZORI,2026-05,0.01554,ACS,1128,1151,1518,4.26,1.37,1.25,12,11.1,0.71
55029,Door,WI,436515,2026-05,1386,FMR3,FY26,0.01095,ACS,1312,1302,1717,3.81,1.54,1.45,9,10.3,0.7
55031,Douglas,WI,258962,2026-05,1299,ZORI,2026-05,0.01347,ACS,1280,1270,1675,6.02,2.79,2.64,15,10.7,1.05
55033,Dunn,WI,309485,2026-05,1143,ZORI,2026-05,0.0147,ACS,1284,1301,1716,4.43,1.53,1.39,14,12.5,0.5
55035,Eau Claire,WI,326946,2026-05,1215,ZORI,2026-05,0.01428,ACS,1213,1219,1608,4.46,1.63,1.51,12,11.0,0.71
55037,Florence,WI,204113,2026-05,1241,FMR3,FY26,0.01308,ACS,1079,1039,1370,7.3,3.78,3.64,14,9.2,0.53
55039,Fond du Lac,WI,291442,2026-05,1188,ZORI,2026-05,0.01578,ACS,1111,1128,1487,4.89,1.81,1.68,13,10.4,0.84
55041,Forest,WI,228952,2026-05,1182,FMR3,FY26,0.01169,ACS,965,960,1265,6.2,3.18,3.05,13,8.9,0.6
55043,Grant,WI,226514,2026-05,1126,ZORI,2026-05,0.0144,ACS,1220,1261,1663,5.97,2.61,2.42,20,12.3,0.79
55045,Green,WI,334485,2026-05,1600,ZORI,2026-05,0.01639,ACS,1342,1378,1817,5.74,2.38,2.24,14,9.5,0.81
55047,Green Lake,WI,295387,2026-05,1167,FMR3,FY26,0.01313,ACS,1400,1390,1833,4.74,1.86,1.72,15,13.1,0.61
55049,Iowa,WI,345104,2026-05,1535,FMR3,FY26,0.01557,ACS,1329,1366,1801,5.34,2.17,2.03,14,9.8,0.49
55051,Iron,WI,218136,2026-05,1214,FMR3,FY26,0.01145,ACS,1042,1035,1365,6.68,3.52,3.37,15,9.4,1.1
55053,Jackson,WI,233025,2026-05,1167,FMR3,FY26,0.0143,ACS,1202,1224,1615,6.01,2.68,2.5,18,11.5,1.11
55055,Jefferson,WI,369951,2026-05,1129,ZORI,2026-05,0.01571,ACS,1179,1222,1611,3.66,0.93,0.81,12,11.9,0.68
55057,Juneau,WI,266440,2026-05,1195,FMR3,FY26,0.01524,ACS,1235,1246,1644,5.38,2.16,2.0,15,11.5,0.94
55059,Kenosha,WI,335884,2026-05,1714,ZORI,2026-05,0.01687,ACS,1176,1187,1565,6.12,2.68,2.56,12,7.6,0.63
55061,Kewaunee,WI,321775,2026-05,1545,FMR3,FY26,0.01476,ACS,1091,1087,1434,5.76,2.62,2.52,11,7.7,0.64
55063,La Crosse,WI,336986,2026-05,1152,ZORI,2026-05,0.0163,ACS,1247,1265,1668,4.1,1.16,1.03,12,12.1,0.73
55065,Lafayette,WI,243141,2026-05,1353,FMR3,FY26,0.01636,ACS,1270,1304,1720,6.68,2.98,2.8,19,10.6,0.99
55067,Langlade,WI,229037,2026-05,1167,FMR3,FY26,0.01335,ACS,1000,995,1312,6.11,2.94,2.8,14,9.4,0.82
55069,Lincoln,WI,244920,2026-05,815,ZORI,2026-05,0.01424,ACS,1072,1090,1438,3.99,1.21,1.06,15,14.7,0.74
55071,Manitowoc,WI,264429,2026-05,1036,ZORI,2026-05,0.01538,ACS,1031,1027,1354,4.7,1.69,1.57,12,10.9,0.71
55073,Marathon,WI,281467,2026-05,1059,ZORI,2026-05,0.01512,ACS,1132,1143,1507,4.51,1.56,1.43,13,11.9,0.86
55075,Marinette,WI,220761,2026-05,1110,ZORI,2026-05,0.01261,ACS,977,979,1291,6.03,2.94,2.8,14,9.7,1.09
55077,Marquette,WI,274276,2026-05,1247,FMR3,FY26,0.01347,ACS,1145,1152,1519,5.46,2.44,2.3,14,10.2,0.78
55078,Menominee,WI,306275,2026-05,1314,FMR3,FY26,0.03636,ACS,1147,1165,1536,5.15,-0.05,-0.17,13,9.7,0.56
55079,Milwaukee,WI,293137,2026-05,1516,ZORI,2026-05,0.02035,ACS,1221,1230,1623,6.21,2.33,2.19,14,8.9,0.83
55081,Monroe,WI,259966,2026-05,1151,ZORI,2026-05,0.0142,ACS,1263,1276,1682,5.31,2.19,2.02,16,12.2,0.74
55083,Oconto,WI,308105,2026-05,1272,FMR3,FY26,0.0125,ACS,1036,1039,1370,4.95,2.23,2.12,11,9.0,0.55
55085,Oneida,WI,319431,2026-05,1215,FMR3,FY26,0.00943,ACS,1172,1177,1553,4.56,2.2,2.09,12,10.7,0.82
55087,Outagamie,WI,344724,2026-05,1263,ZORI,2026-05,0.01467,ACS,1056,1059,1396,4.4,1.61,1.51,10,9.2,0.87
55089,Ozaukee,WI,508106,2026-05,1638,ZORI,2026-05,0.01255,ACS,1359,1366,1802,3.87,1.46,1.37,9,9.2,0.99
55091,Pepin,WI,286874,2026-05,1329,FMR3,FY26,0.01466,ACS,1334,1371,1808,5.56,2.35,2.18,17,11.3,1.05
55093,Pierce,WI,369969,2026-05,1439,ZORI,2026-05,0.01475,ACS,1478,1514,1996,4.67,1.72,1.58,14,11.6,1.09
55095,Polk,WI,334859,2026-05,1357,FMR3,FY26,0.01222,ACS,1429,1451,1914,4.86,2.1,1.95,14,11.8,0.82
55097,Portage,WI,321240,2026-05,1274,ZORI,2026-05,0.01474,ACS,1137,1155,1523,4.76,1.84,1.72,12,10.0,0.88
55099,Price,WI,215155,2026-05,1211,FMR3,FY26,0.01445,ACS,1054,1060,1397,6.75,3.27,3.11,16,9.6,0.67
55101,Racine,WI,316886,2026-05,1495,ZORI,2026-05,0.01701,ACS,1174,1185,1562,5.66,2.29,2.17,12,8.7,0.64
55103,Richland,WI,279136,2026-05,1167,FMR3,FY26,0.01411,ACS,1189,1186,1564,5.02,2.03,1.89,13,11.2,0.74
55105,Rock,WI,296353,2026-05,1178,ZORI,2026-05,0.01692,ACS,1146,1186,1564,4.77,1.59,1.45,14,11.1,0.71
55107,Rusk,WI,219723,2026-05,1196,FMR3,FY26,0.01207,ACS,1157,1167,1539,6.53,3.3,3.12,17,10.7,0.17
55109,St. Croix,WI,419396,2026-05,1743,ZORI,2026-05,0.01229,ACS,1522,1558,2055,4.99,2.25,2.12,13,9.8,0.98
55111,Sauk,WI,339539,2026-05,1287,ZORI,2026-05,0.01504,ACS,1379,1413,1864,4.55,1.59,1.45,14,12.1,0.81
55113,Sawyer,WI,338584,2026-05,1260,FMR3,FY26,0.0085,ACS,1284,1287,1697,4.47,2.21,2.09,12,11.2,1.03
55115,Shawano,WI,282185,2026-05,1054,ZORI,2026-05,0.01445,ACS,1073,1076,1419,4.48,1.63,1.5,12,11.2,0.55
55117,Sheboygan,WI,324518,2026-05,1122,ZORI,2026-05,0.01481,ACS,1078,1071,1413,4.15,1.38,1.28,10,10.5,0.68
55119,Taylor,WI,237908,2026-05,1245,FMR3,FY26,0.01419,ACS,1061,1071,1412,6.28,2.97,2.82,15,9.5,0.79
55121,Trempealeau,WI,279244,2026-05,1303,FMR3,FY26,0.01608,ACS,1306,1343,1772,5.6,2.24,2.07,17,11.3,0.81
55123,Vernon,WI,261888,2026-05,1221,FMR3,FY26,0.01369,ACS,1240,1264,1667,5.59,2.47,2.3,16,11.4,0.61
55125,Vilas,WI,404461,2026-05,1167,FMR3,FY26,0.008,ACS,1290,1281,1689,3.46,1.55,1.45,10,12.1,0.66
55127,Walworth,WI,411618,2026-05,1429,ZORI,2026-05,0.01437,ACS,1476,1487,1961,4.17,1.41,1.3,12,11.4,0.81
55129,Washburn,WI,310300,2026-05,1169,FMR3,FY26,0.01109,ACS,1293,1307,1724,4.52,1.96,1.82,14,12.3,0.83
55131,Washington,WI,431184,2026-05,1289,ZORI,2026-05,0.012,ACS,1228,1244,1641,3.59,1.28,1.18,10,10.6,0.57
55133,Waukesha,WI,507374,2026-05,1768,ZORI,2026-05,0.01211,ACS,1364,1379,1819,4.18,1.74,1.65,9,8.6,0.68
55135,Waupaca,WI,288769,2026-05,1125,ZORI,2026-05,0.01492,ACS,1108,1107,1459,4.68,1.72,1.6,12,10.8,0.87
55137,Waushara,WI,286175,2026-05,1291,FMR3,FY26,0.01322,ACS,1121,1124,1483,5.41,2.46,2.33,13,9.6,0.67
55139,Winnebago,WI,304543,2026-05,1180,ZORI,2026-05,0.01713,ACS,1080,1091,1438,4.65,1.51,1.39,12,10.2,0.64
55141,Wood,WI,229983,2026-05,1066,ZORI,2026-05,0.01564,ACS,1121,1151,1518,5.56,2.23,2.06,17,11.9,1.98
56001,Albany,WY,376933,2026-05,1172,ZORI,2026-05,0.00573,ACS,1665,1713,2259,3.73,1.86,1.7,16,16.1,0.65
56003,Big Horn,WY,286919,2026-05,1189,FMR3,FY26,0.00583,ACS,1333,1345,1774,4.97,2.78,2.63,15,12.4,0.64
56005,Campbell,WY,334929,2026-05,1238,ZORI,2026-05,0.0055,ACS,1978,2072,2733,4.44,2.28,2.05,23,18.4,0.45
56007,Carbon,WY,214748,2026-05,919,ZORI,2026-05,0.0056,ACS,1366,1371,1809,5.14,2.76,2.55,21,16.4,0.98
56009,Converse,WY,310036,2026-05,1412,FMR3,FY26,0.00577,ACS,1928,1973,2602,5.47,3.01,2.79,22,15.4,0.74
56011,Crook,WY,420657,2026-05,1227,FMR3,FY26,0.0055,ACS,2008,2058,2715,3.5,1.67,1.5,17,18.4,0.99
56013,Fremont,WY,323374,2026-05,1150,ZORI,2026-05,0.0063,ACS,1335,1357,1790,4.27,2.24,2.1,14,13.0,0.68
56015,Goshen,WY,251043,2026-05,1293,FMR3,FY26,0.00595,ACS,1990,2032,2680,6.18,3.37,3.1,27,17.3,1.06
56017,Hot Springs,WY,241795,2026-05,1339,FMR3,FY26,0.00561,ACS,1290,1254,1654,6.65,4.02,3.87,15,10.3,0.69
56019,Johnson,WY,418493,2026-05,1368,FMR3,FY26,0.00552,ACS,1592,1645,2170,3.92,2.09,1.95,14,13.2,0.76
56021,Laramie,WY,390847,2026-05,1485,ZORI,2026-05,0.00583,ACS,2174,2261,2982,4.56,2.37,2.16,21,16.7,0.78
56023,Lincoln,WY,501355,2026-05,1339,FMR3,FY26,0.00436,ACS,1445,1482,1955,3.2,1.74,1.64,10,12.2,0.52
56025,Natrona,WY,313187,2026-05,1388,ZORI,2026-05,0.00618,ACS,1575,1628,2147,5.32,2.98,2.79,18,12.9,0.73
56027,Niobrara,WY,193720,2026-05,1632,FMR3,FY26,0.00376,ACS,1940,1937,2554,10.11,6.41,6.09,32,13.0,0.92
56029,Park,WY,444338,2026-05,1302,ZORI,2026-05,0.00565,ACS,1339,1393,1837,3.52,1.84,1.73,11,11.8,0.89
56031,Platte,WY,272720,2026-05,1253,FMR3,FY26,0.00588,ACS,2062,2099,2768,5.51,2.9,2.64,26,18.4,1.21
56033,Sheridan,WY,442611,2026-05,1462,ZORI,2026-05,0.00554,ACS,1797,1820,2400,3.97,2.09,1.96,14,13.7,0.47
56035,Sublette,WY,446014,2026-05,1275,ZORI,2026-05,0.0041,ACS,1446,1463,1930,3.43,1.91,1.8,11,12.6,0.86
56037,Sweetwater,WY,293560,2026-05,993,ZORI,2026-05,0.00605,ACS,1009,1001,1321,4.06,2.18,2.07,11,11.1,0.59
56039,Teton,WY,2221292,2026-05,5050,ZORI,2026-05,0.00398,ACS,5796,6039,7965,2.73,1.44,1.34,10,13.1,3.74
56041,Uinta,WY,333416,2026-05,1339,FMR3,FY26,0.00544,ACS,1226,1251,1650,4.82,2.8,2.67,13,10.3,0.68
56043,Washakie,WY,269795,2026-05,1339,FMR3,FY26,0.007,ACS,1460,1492,1968,5.96,3.34,3.16,19,12.2,0.27
56045,Weston,WY,247668,2026-05,1457,FMR3,FY26,0.00682,ACS,1987,2040,2690,7.06,3.95,3.67,28,15.4,0.51
